<?xml version="1.0" ?><!DOCTYPE NmLoader SYSTEM "standard11_1.dtd">
<NmLoader>
<csvSubFolder handler="wt.folder.LoadFolder.createSubFolder" >
    <csvuser></csvuser>
    <csvfolderPath>/Default/00-Promotion Requests</csvfolderPath>
    <csvadminDomain></csvadminDomain>
</csvSubFolder>

<csvSubFolder handler="wt.folder.LoadFolder.createSubFolder" >
    <csvuser></csvuser>
    <csvfolderPath>/Default/01-Baseline</csvfolderPath>
    <csvadminDomain></csvadminDomain>
</csvSubFolder>

<csvSubFolder handler="wt.folder.LoadFolder.createSubFolder" >
    <csvuser></csvuser>
    <csvfolderPath>/Default/CAD</csvfolderPath>
    <csvadminDomain></csvadminDomain>
</csvSubFolder>

<csvSubFolder handler="wt.folder.LoadFolder.createSubFolder" >
    <csvuser></csvuser>
    <csvfolderPath>/Default/CAD/Envision</csvfolderPath>
    <csvadminDomain></csvadminDomain>
</csvSubFolder>

<csvSubFolder handler="wt.folder.LoadFolder.createSubFolder" >
    <csvuser></csvuser>
    <csvfolderPath>/Default/CAD/MDE</csvfolderPath>
    <csvadminDomain></csvadminDomain>
</csvSubFolder>

<csvSubFolder handler="wt.folder.LoadFolder.createSubFolder" >
    <csvuser></csvuser>
    <csvfolderPath>/Default/Collaboration</csvfolderPath>
    <csvadminDomain></csvadminDomain>
</csvSubFolder>

<csvSubFolder handler="wt.folder.LoadFolder.createSubFolder" >
    <csvuser></csvuser>
    <csvfolderPath>/Default/Collaboration/2D</csvfolderPath>
    <csvadminDomain></csvadminDomain>
</csvSubFolder>

<csvSubFolder handler="wt.folder.LoadFolder.createSubFolder" >
    <csvuser></csvuser>
    <csvfolderPath>/Default/Collaboration/2D/Cable</csvfolderPath>
    <csvadminDomain></csvadminDomain>
</csvSubFolder>

<csvSubFolder handler="wt.folder.LoadFolder.createSubFolder" >
    <csvuser></csvuser>
    <csvfolderPath>/Default/Collaboration/2D/EVA</csvfolderPath>
    <csvadminDomain></csvadminDomain>
</csvSubFolder>

<csvSubFolder handler="wt.folder.LoadFolder.createSubFolder" >
    <csvuser></csvuser>
    <csvfolderPath>/Default/Collaboration/2D/Earpad</csvfolderPath>
    <csvadminDomain></csvadminDomain>
</csvSubFolder>

<csvSubFolder handler="wt.folder.LoadFolder.createSubFolder" >
    <csvuser></csvuser>
    <csvfolderPath>/Default/Collaboration/2D/Plastic</csvfolderPath>
    <csvadminDomain></csvadminDomain>
</csvSubFolder>

<csvSubFolder handler="wt.folder.LoadFolder.createSubFolder" >
    <csvuser></csvuser>
    <csvfolderPath>/Default/Collaboration/2D/Plastic/DXF</csvfolderPath>
    <csvadminDomain></csvadminDomain>
</csvSubFolder>

<csvSubFolder handler="wt.folder.LoadFolder.createSubFolder" >
    <csvuser></csvuser>
    <csvfolderPath>/Default/Collaboration/2D/Plastic/PEF</csvfolderPath>
    <csvadminDomain></csvadminDomain>
</csvSubFolder>

<csvSubFolder handler="wt.folder.LoadFolder.createSubFolder" >
    <csvuser></csvuser>
    <csvfolderPath>/Default/Collaboration/2D/Rubber</csvfolderPath>
    <csvadminDomain></csvadminDomain>
</csvSubFolder>

<csvSubFolder handler="wt.folder.LoadFolder.createSubFolder" >
    <csvuser></csvuser>
    <csvfolderPath>/Default/Collaboration/2D/Screw</csvfolderPath>
    <csvadminDomain></csvadminDomain>
</csvSubFolder>

<csvSubFolder handler="wt.folder.LoadFolder.createSubFolder" >
    <csvuser></csvuser>
    <csvfolderPath>/Default/Collaboration/2D/Sponge</csvfolderPath>
    <csvadminDomain></csvadminDomain>
</csvSubFolder>

<csvSubFolder handler="wt.folder.LoadFolder.createSubFolder" >
    <csvuser></csvuser>
    <csvfolderPath>/Default/Collaboration/3D</csvfolderPath>
    <csvadminDomain></csvadminDomain>
</csvSubFolder>

<csvSubFolder handler="wt.folder.LoadFolder.createSubFolder" >
    <csvuser></csvuser>
    <csvfolderPath>/Default/Documents</csvfolderPath>
    <csvadminDomain></csvadminDomain>
</csvSubFolder>

</NmLoader>