<project name="HyperX Windchill 11.1" default="build" basedir="..">   
    
<!--
This build script requires following environment settings:

1. Under Window > Preferences > Ant > Runtime, make sure Ant Home is set to
the ant directory located under Windchill directory. This is primarily
for consistency reason. 

3. dev_linux_build.properties file under the the build directory is used for setting the following
properties to reflect your installation of windchill

WT_HOME=D:\\ptc\\Windchill_11.1\\Windchill
JAVA_HOME=D:\\ptc\\Windchill_11.1\\JAVA
SVNPATHONDISK=D:\\ptc\\Windchill_11.1\\Windchill\hp_svn



-->
	
    <target name="init" unless="${initialized}">
        <property environment="env"/>
		<property name="WT_HOME" value="${env.WT_HOME}"/>
	<property name="codebase" location="${WT_HOME}/codebase"/>
	<property name="build.home" value="${WT_HOME}"/>
	<property name="db" value="${WT_HOME}/db/db.properties"/>
	<taskdef resource="net/sf/antcontrib/antcontrib.properties">
	<classpath>
	<pathelement location="${wt_home}/ant/lib/ant-contrib.jar"/>
	</classpath>
	</taskdef>
    	<echo>VERBOSE: WT_HOME ${WT_HOME}</echo>
		<echo>VERBOSE: WT_HOME2 ${WT_HOME2}</echo>
    	<echo>VERBOSE: ANT_HOME ${ANT_HOME}</echo>
    	<echo>VERBOSE: JAVA_HOME ${JAVA_HOME}</echo>
    	<echo>VERBOSE: hostname ${env.COMPUTERNAME}</echo>
    </target>
	
    <target name="build" depends="init" description="Compiles java classes, builds resource bundles, and copies non-compiled files to windchill/codebase">
        <echo>VERBOSE: Build</echo>
    	<antcall target="copyFiles"/>
    	<antcall target="compile"/>
		<antcall target="loadObjectTypeFiles"/>
    </target>

    <target name="copyFiles" depends="init">
        <echo>VERBOSE: Copying res files to WT_HOME</echo>	
		
		<copy todir="${WT_HOME}//src/ext/hp/HyperX" preservelastmodified="true" overwrite="true">
    	            <fileset dir="src/ext/hp/HyperX" excludes="**/*.svn"/>
		</copy>
		
	
    	<copy todir="${WT_HOME}//codebase/ext/hp/HyperX" preservelastmodified="true" overwrite="true">
    		<fileset dir="codebase/ext/hp/HyperX" excludes="**/*.class,**/*.rbInfo,**/*.mData,**/*.cat,**/*.svn"/>    		
    	</copy>

    	<copy todir="${WT_HOME}//codebase/netmarkets/jsp/ext/hp/HyperX" preservelastmodified="true" overwrite="true">
    		<fileset dir="codebase/netmarkets/jsp/ext/hp/HyperX" excludes="**/*.class,**/*.rbInfo,**/*.mData,**/*.cat,**/*.svn"/>
        </copy>    
		
    </target> 
	
	<target name="clean" depends="init">
			<echo>VERBOSE: Deleting files from WT_HOME</echo>
	    	
			<delete includeemptydirs="true" failonerror="false">		  		
				<fileset dir="${WT_HOME}/codebase/ext/hp/util" includes="**/*"/>
				<fileset dir="${WT_HOME}/codebase/ext/hp/doc" includes="**/*"/>
				<fileset dir="${WT_HOME}/codebase/ext/hp/link" includes="**/*"/>
				<fileset dir="${WT_HOME}/codebase/ext/hp/object" includes="**/*"/>
				<fileset dir="${WT_HOME}/codebase/ext/hp/part" includes="**/*"/>
				<fileset dir="${WT_HOME}/src/ext/hp/util" includes="**/*"/>
				<fileset dir="${WT_HOME}/src/ext/hp/doc" includes="**/*"/>
				<fileset dir="${WT_HOME}/src/ext/hp/link" includes="**/*"/>
				<fileset dir="${WT_HOME}/src/ext/hp/object" includes="**/*"/>
				<fileset dir="${WT_HOME}/src/ext/hp/part" includes="**/*"/>
			</delete>
		</target> 
	  		
    <target name="compile" depends="init, copyFiles" description="Copy the Files and Compile HP customization in src directory">
        <echo>VERBOSE: Compiling files</echo>
        
    	<exec executable="${ANT_HOME}//bin//ant" failonerror="true">
            <arg value="-f"/>
            <arg value="${WT_HOME}//bin//MMGatewaytools.xml"/>
            <arg value="class"/>
        	<arg value="-Denv.wt_srcroot=${basedir}"/>
            <arg value="-Dclass.includes=**//**"/>
    		<env key="JAVA_HOME" path="${JAVA_HOME}"/>
        </exec>
    </target>
	
    <target name="java_compile" depends="init" description="Compiles Java files only">
        <echo>VERBOSE: Compiling files</echo>
        
    	<exec executable="${ANT_HOME}//bin//ant" failonerror="true">
            <arg value="-f"/>
            <arg value="${WT_HOME}//bin//MMGatewaytools.xml"/>
            <arg value="class"/>
        	<arg value="-Denv.wt_srcroot=${basedir}"/>
            <arg value="-Dclass.includes=**//**"/>
    		<env key="JAVA_HOME" path="${JAVA_HOME}"/>
        </exec>
    </target>
	
    <target name="java_compile_restart" depends="init,java_compile">
        <echo>VERBOSE: restart Windchill</echo>
        
    	<exec executable="${WT_HOME}//bin//windchill" osfamily="windows">
            <arg value="stop"/>
        </exec>
    	<exec executable="${WT_HOME}//bin//windchill" osfamily="windows">
            <arg value="start"/>
        </exec>
    </target>
	<target name="loadUserGroup" description="Execute wt.load.LoadFileSet command to load Object Type files">
		<echo message="------------------------------"/>
		<!-- Loading User-->
		<echo message="Loading User"/>
		<echo message="------------------------------"/>
		<exec executable="windchill">
		<arg line="--javaargs=&quot;-Dwt.auth.trustedAuth.username=wcadmin&quot;"/>
		<arg value="wt.load.LoadFromFile"/>
		<arg value="-d"/>
		<arg value="${WT_HOME}/loadFiles/HyperX/user/HX_UserList.xml"/>
		<arg value="-CONT_PATH"/>
		<arg value="/wt.inf.container.OrgContainer=Hewlett-Packard"/>
		<arg value="-UNATTENDED"/>
		<arg value="-NOSERVERSTOP"/>
		</exec>
	  <!-- Loading Group-->
		<echo message="Loading Group"/>
		<echo message="------------------------------"/>
		<exec executable="windchill">
		<arg line="--javaargs=&quot;-Dwt.auth.trustedAuth.username=wcadmin&quot;"/>
		<arg value="wt.load.LoadFromFile"/>
		<arg value="-d"/>
		<arg value="${WT_HOME}/loadFiles/HyperX/group/HX_Groups.xml"/>
		<arg value="-CONT_PATH"/>
		<arg value="/wt.inf.container.OrgContainer=Hewlett-Packard"/>
		<arg value="-UNATTENDED"/>
		<arg value="-NOSERVERSTOP"/>
		</exec>
		 <!-- Loading UserToGroup-->
		<echo message="Loading UserToGroup"/>
		<echo message="------------------------------"/>
		<exec executable="windchill">
		<arg line="--javaargs=&quot;-Dwt.auth.trustedAuth.username=wcadmin&quot;"/>
		<arg value="wt.load.LoadFromFile"/>
		<arg value="-d"/>
		<arg value="${WT_HOME}/loadFiles/HyperX/group/HX_UserToGrp.xml"/>
		<arg value="-CONT_PATH"/>
		<arg value="/wt.inf.container.OrgContainer=Hewlett-Packard"/>
		<arg value="-UNATTENDED"/>
		<arg value="-NOSERVERSTOP"/>
		</exec>
	</target>
	
	<target name="loadObjectTypeFiles" description="Execute wt.load.LoadFileSet command to load Object Type files">
		<echo message="------------------------------"/>
		<!-- Loading Type-->
		<echo message="Loading Type"/>
		<echo message="------------------------------"/>
		<exec executable="windchill">
		<arg line="--javaargs=&quot;-Dwt.auth.trustedAuth.username=wcadmin&quot;"/>
		<arg value="wt.load.LoadFromFile"/>
		<arg value="-d"/>
		<arg value="${WT_HOME}/loadFiles/HyperX/Type/CADDataForPromotionDoc/HXCadDataForPromotionDoc_0.xml"/>
		<arg value="-UNATTENDED"/>
		<arg value="-NOSERVERSTOP"/>
		</exec>
		<exec executable="windchill">
		<arg line="--javaargs=&quot;-Dwt.auth.trustedAuth.username=wcadmin&quot;"/>
		<arg value="wt.load.LoadFromFile"/>
		<arg value="-d"/>
		<arg value="${WT_HOME}/loadFiles/HyperX/Type/CADDataForPromotionDoc/HXCadDataForPromotionDoc_1.xml"/>
		<arg value="-UNATTENDED"/>
		<arg value="-NOSERVERSTOP"/>
		</exec>
		<exec executable="windchill">
		<arg line="--javaargs=&quot;-Dwt.auth.trustedAuth.username=wcadmin&quot;"/>
		<arg value="wt.load.LoadFromFile"/>
		<arg value="-d"/>
		<arg value="${WT_HOME}/loadFiles/HyperX/Type/HyperXReferenceDocument/HyperXReferenceDocument_0.xml"/>
		<arg value="-UNATTENDED"/>
		<arg value="-NOSERVERSTOP"/>
		</exec>
		<exec executable="windchill">
		<arg line="--javaargs=&quot;-Dwt.auth.trustedAuth.username=wcadmin&quot;"/>
		<arg value="wt.load.LoadFromFile"/>
		<arg value="-d"/>
		<arg value="${WT_HOME}/loadFiles/HyperX/Type/HyperXReferenceDocument/HyperXReferenceDocument_1.xml"/>
		<arg value="-UNATTENDED"/>
		<arg value="-NOSERVERSTOP"/>
		</exec>
		<!-- Loading Templates-->
		<echo message="Loading template"/>
		<echo message="------------------------------"/>
		<exec executable="windchill">
		<arg line="--javaargs=&quot;-Dwt.auth.trustedAuth.username=wcadmin&quot;"/>
		<arg value="wt.load.LoadFromFile"/>
		<arg value="-d"/>
		<arg value="${WT_HOME}/loadXMLFiles/HyperX/templates/LoaderTemplate.xml"/>
		<arg value="-CONT_PATH"/>
		<arg value="/wt.inf.container.OrgContainer=Hewlett-Packard"/>
		<arg value="-UNATTENDED"/>
		<arg value="-NOSERVERSTOP"/>
		</exec>
		<!-- Loading OIR-->
		<echo message="Loading OIR"/>
		<echo message="------------------------------"/>
		<exec executable="windchill">
		<arg line="--javaargs=&quot;-Dwt.auth.trustedAuth.username=wcadmin&quot;"/>
		<arg value="wt.load.LoadFromFile"/>
		<arg value="-d"/>
		<arg value="${WT_HOME}/loadFiles/HyperX/OIR/HXCADDataLoader.xml"/>
		<arg value="-CONT_PATH"/>
		<arg value="/wt.inf.container.OrgContainer=Hewlett-Packard"/>
		<arg value="-UNATTENDED"/>
		<arg value="-NOSERVERSTOP"/>
		</exec>
		<echo message="------------------------------"/>
		<exec executable="windchill">
		<arg line="--javaargs=&quot;-Dwt.auth.trustedAuth.username=wcadmin&quot;"/>
		<arg value="wt.load.LoadFromFile"/>
		<arg value="-d"/>
		<arg value="${WT_HOME}/loadFiles/HyperX/OIR/HXRefernceDocumentLoader.xml"/>
		<arg value="-CONT_PATH"/>
		<arg value="/wt.inf.container.OrgContainer=Hewlett-Packard"/>
		<arg value="-UNATTENDED"/>
		<arg value="-NOSERVERSTOP"/>
		</exec>
		<!-- Loading LifeCycle-->
		<echo message="Loading Lifecycle"/>
		<echo message="------------------------------"/>
		<exec executable="windchill">
		<arg line="--javaargs=&quot;-Dwt.auth.trustedAuth.username=wcadmin&quot;"/>
		<arg value="wt.load.LoadFromFile"/>
		<arg value="-d"/>
		<arg value="${WT_HOME}/loadFiles/HyperX/LifeCycle/HxLcLoader.xml"/>
		<arg value="-CONT_PATH"/>
		<arg value="=/wt.inf.container.OrgContainer=Hewlett-Packard"/>
		<arg value="-UNATTENDED"/>
		<arg value="-NOSERVERSTOP"/>
		</exec>
		<!-- Loading WorkFLow-->
		<echo message="Loading Workflow"/>
		<echo message="------------------------------"/>
		<exec executable="windchill">
		<arg line="--javaargs=&quot;-Dwt.auth.trustedAuth.username=wcadmin&quot;"/>
		<arg value="wt.load.LoadFromFile"/>
		<arg value="-d"/>
		<arg value="${WT_HOME}/loadFiles/HyperX/workflow/HXWorkFlowLoader.xml"/>
		<arg value="-CONT_PATH"/>
		<arg value="/wt.inf.container.OrgContainer=Hewlett-Packard"/>
		<arg value="-UNATTENDED"/>
		<arg value="-NOSERVERSTOP"/>
		</exec>
		<!-- Loading Profiles-->
		<echo message="Loading Profiles"/>
		<echo message="------------------------------"/>
		<exec executable="windchill">
		<arg line="--javaargs=&quot;-Dwt.auth.trustedAuth.username=wcadmin&quot;"/>
		<arg value="wt.load.LoadFromFile"/>
		<arg value="-d"/>
		<arg value="${WT_HOME}/loadFiles/HyperX/profile/HXProfileLoader.xml"/>
		<arg value="-CONT_PATH"/>
		<arg value="/wt.inf.container.OrgContainer=Hewlett-Packard"/>
		<arg value="-UNATTENDED"/>
		<arg value="-NOSERVERSTOP"/>
		</exec>
	</target>
	
	<target name="loadFolders" description="Execute wt.load.LoadFileSet command to load Object Type files">
		<!-- Loading folders-->
		<echo message="------------------------------"/>
		<echo message="Loading Folders for HX 1602001-Alloy-FPS"/>
		<echo message="------------------------------"/>
		<exec executable="windchill">
		<arg line="--javaargs=&quot;-Dwt.auth.trustedAuth.username=wcadmin&quot;"/>
		<arg value="wt.load.LoadFromFile"/>
		<arg value="-d"/>
		<arg value="${WT_HOME}/loadFiles/HyperX/FolderLoad/Folders_per_Container_XML/HX 1602001-Alloy-FPS.xml"/>
		<arg value="-CONT_PATH"/>
		<arg value="/wt.inf.container.OrgContainer=Hewlett-Packard/wt.pdmlink.PDMLinkProduct=HX 1602001-Alloy-FPS"/>
		<arg value="-UNATTENDED"/>
		<arg value="-NOSERVERSTOP"/>
		</exec>
		
		<!-- Loading folders-->
		<echo message="------------------------------"/>
		<echo message="Loading Folders for HX 1604001-Pulsefire-FPS"/>
		<echo message="------------------------------"/>
		<exec executable="windchill">
		<arg line="--javaargs=&quot;-Dwt.auth.trustedAuth.username=wcadmin&quot;"/>
		<arg value="wt.load.LoadFromFile"/>
		<arg value="-d"/>
		<arg value="${WT_HOME}/loadFiles/HyperX/FolderLoad/Folders_per_Container_XML/HX 1604001-Pulsefire-FPS.xml"/>
		<arg value="-CONT_PATH"/>
		<arg value="/wt.inf.container.OrgContainer=Hewlett-Packard/wt.pdmlink.PDMLinkProduct=HX 1604001-Pulsefire-FPS"/>
		<arg value="-UNATTENDED"/>
		<arg value="-NOSERVERSTOP"/>
		</exec>
		
		<!-- Loading folders-->
		<echo message="------------------------------"/>
		<echo message="Loading Folders for HX 1604007-Alloy-Elite"/>
		<echo message="------------------------------"/>
		<exec executable="windchill">
		<arg line="--javaargs=&quot;-Dwt.auth.trustedAuth.username=wcadmin&quot;"/>
		<arg value="wt.load.LoadFromFile"/>
		<arg value="-d"/>
		<arg value="${WT_HOME}/loadFiles/HyperX/FolderLoad/Folders_per_Container_XML/HX 1604007-Alloy-Elite.xml"/>
		<arg value="-CONT_PATH"/>
		<arg value="/wt.inf.container.OrgContainer=Hewlett-Packard/wt.pdmlink.PDMLinkProduct=HX 1604007-Alloy-Elite"/>
		<arg value="-UNATTENDED"/>
		<arg value="-NOSERVERSTOP"/>
		</exec>
		
		<!-- Loading folders-->
		<echo message="------------------------------"/>
		<echo message="Loading Folders for HX 1612003-Alloy-FPS-Pro"/>
		<echo message="------------------------------"/>
		<exec executable="windchill">
		<arg line="--javaargs=&quot;-Dwt.auth.trustedAuth.username=wcadmin&quot;"/>
		<arg value="wt.load.LoadFromFile"/>
		<arg value="-d"/>
		<arg value="${WT_HOME}/loadFiles/HyperX/FolderLoad/Folders_per_Container_XML/HX 1612003-Alloy-FPS-Pro.xml"/>
		<arg value="-CONT_PATH"/>
		<arg value="/wt.inf.container.OrgContainer=Hewlett-Packard/wt.pdmlink.PDMLinkProduct=HX 1612003-Alloy-FPS-Pro"/>
		<arg value="-UNATTENDED"/>
		<arg value="-NOSERVERSTOP"/>
		</exec>
		
		<!-- Loading folders-->
		<echo message="------------------------------"/>
		<echo message="Loading Folders for HX 1703004-Amp"/>
		<echo message="------------------------------"/>
		<exec executable="windchill">
		<arg line="--javaargs=&quot;-Dwt.auth.trustedAuth.username=wcadmin&quot;"/>
		<arg value="wt.load.LoadFromFile"/>
		<arg value="-d"/>
		<arg value="${WT_HOME}/loadFiles/HyperX/FolderLoad/Folders_per_Container_XML/HX 1703004-Amp.xml"/>
		<arg value="-CONT_PATH"/>
		<arg value="/wt.inf.container.OrgContainer=Hewlett-Packard/wt.pdmlink.PDMLinkProduct=HX 1703004-Amp"/>
		<arg value="-UNATTENDED"/>
		<arg value="-NOSERVERSTOP"/>
		</exec>
		
		<!-- Loading folders-->
		<echo message="------------------------------"/>
		<echo message="Loading Folders for HX 1704002-Pulsefire-Surge"/>
		<echo message="------------------------------"/>
		<exec executable="windchill">
		<arg line="--javaargs=&quot;-Dwt.auth.trustedAuth.username=wcadmin&quot;"/>
		<arg value="wt.load.LoadFromFile"/>
		<arg value="-d"/>
		<arg value="${WT_HOME}/loadFiles/HyperX/FolderLoad/Folders_per_Container_XML/HX 1704002-Pulsefire-Surge.xml"/>
		<arg value="-CONT_PATH"/>
		<arg value="/wt.inf.container.OrgContainer=Hewlett-Packard/wt.pdmlink.PDMLinkProduct=HX 1704002-Pulsefire-Surge"/>
		<arg value="-UNATTENDED"/>
		<arg value="-NOSERVERSTOP"/>
		</exec>
		
		<!-- Loading folders-->
		<echo message="------------------------------"/>
		<echo message="Loading Folders for HX 1704003-ChargePlay-Duo-PS4"/>
		<echo message="------------------------------"/>
		<exec executable="windchill">
		<arg line="--javaargs=&quot;-Dwt.auth.trustedAuth.username=wcadmin&quot;"/>
		<arg value="wt.load.LoadFromFile"/>
		<arg value="-d"/>
		<arg value="${WT_HOME}/loadFiles/HyperX/FolderLoad/Folders_per_Container_XML/HX 1704003-ChargePlay-Duo-PS4.xml"/>
		<arg value="-CONT_PATH"/>
		<arg value="/wt.inf.container.OrgContainer=Hewlett-Packard/wt.pdmlink.PDMLinkProduct=HX 1704003-ChargePlay-Duo-PS4"/>
		<arg value="-UNATTENDED"/>
		<arg value="-NOSERVERSTOP"/>
		</exec>
		
		<!-- Loading folders-->
		<echo message="------------------------------"/>
		<echo message="Loading Folders for HX 1706002-Mars"/>
		<echo message="------------------------------"/>
		<exec executable="windchill">
		<arg line="--javaargs=&quot;-Dwt.auth.trustedAuth.username=wcadmin&quot;"/>
		<arg value="wt.load.LoadFromFile"/>
		<arg value="-d"/>
		<arg value="${WT_HOME}/loadFiles/HyperX/FolderLoad/Folders_per_Container_XML/HX 1706002-Mars.xml"/>
		<arg value="-CONT_PATH"/>
		<arg value="/wt.inf.container.OrgContainer=Hewlett-Packard/wt.pdmlink.PDMLinkProduct=HX 1706002-Mars"/>
		<arg value="-UNATTENDED"/>
		<arg value="-NOSERVERSTOP"/>
		</exec>
		
		<!-- Loading folders-->
		<echo message="------------------------------"/>
		<echo message="Loading Folders for HX 1707001-Thai-Keycap"/>
		<echo message="------------------------------"/>
		<exec executable="windchill">
		<arg line="--javaargs=&quot;-Dwt.auth.trustedAuth.username=wcadmin&quot;"/>
		<arg value="wt.load.LoadFromFile"/>
		<arg value="-d"/>
		<arg value="${WT_HOME}/loadFiles/HyperX/FolderLoad/Folders_per_Container_XML/HX 1707001-Thai-Keycap.xml"/>
		<arg value="-CONT_PATH"/>
		<arg value="/wt.inf.container.OrgContainer=Hewlett-Packard/wt.pdmlink.PDMLinkProduct=HX 1707001-Thai-Keycap"/>
		<arg value="-UNATTENDED"/>
		<arg value="-NOSERVERSTOP"/>
		</exec>
		
		<!-- Loading folders-->
		<echo message="------------------------------"/>
		<echo message="Loading Folders for HX 1707003-Alloy-Core"/>
		<echo message="------------------------------"/>
		<exec executable="windchill">
		<arg line="--javaargs=&quot;-Dwt.auth.trustedAuth.username=wcadmin&quot;"/>
		<arg value="wt.load.LoadFromFile"/>
		<arg value="-d"/>
		<arg value="${WT_HOME}/loadFiles/HyperX/FolderLoad/Folders_per_Container_XML/HX 1707003-Alloy-Core.xml"/>
		<arg value="-CONT_PATH"/>
		<arg value="/wt.inf.container.OrgContainer=Hewlett-Packard/wt.pdmlink.PDMLinkProduct=HX 1707003-Alloy-Core"/>
		<arg value="-UNATTENDED"/>
		<arg value="-NOSERVERSTOP"/>
		</exec>
		
		<!-- Loading folders-->
		<echo message="------------------------------"/>
		<echo message="Loading Folders for HX 1708002-Cloud-MIX"/>
		<echo message="------------------------------"/>
		<exec executable="windchill">
		<arg line="--javaargs=&quot;-Dwt.auth.trustedAuth.username=wcadmin&quot;"/>
		<arg value="wt.load.LoadFromFile"/>
		<arg value="-d"/>
		<arg value="${WT_HOME}/loadFiles/HyperX/FolderLoad/Folders_per_Container_XML/HX 1708002-Cloud-MIX.xml"/>
		<arg value="-CONT_PATH"/>
		<arg value="/wt.inf.container.OrgContainer=Hewlett-Packard/wt.pdmlink.PDMLinkProduct=HX 1708002-Cloud-MIX"/>
		<arg value="-UNATTENDED"/>
		<arg value="-NOSERVERSTOP"/>
		</exec>
		
		<!-- Loading folders-->
		<echo message="------------------------------"/>
		<echo message="Loading Folders for HX 1708003-Cloud-II"/>
		<echo message="------------------------------"/>
		<exec executable="windchill">
		<arg line="--javaargs=&quot;-Dwt.auth.trustedAuth.username=wcadmin&quot;"/>
		<arg value="wt.load.LoadFromFile"/>
		<arg value="-d"/>
		<arg value="${WT_HOME}/loadFiles/HyperX/FolderLoad/Folders_per_Container_XML/HX 1708003-Cloud-II.xml"/>
		<arg value="-CONT_PATH"/>
		<arg value="/wt.inf.container.OrgContainer=Hewlett-Packard/wt.pdmlink.PDMLinkProduct=HX 1708003-Cloud-II"/>
		<arg value="-UNATTENDED"/>
		<arg value="-NOSERVERSTOP"/>
		</exec>
		
		<!-- Loading folders-->
		<echo message="------------------------------"/>
		<echo message="Loading Folders for HX 1708004-Cloud-Alpha"/>
		<echo message="------------------------------"/>
		<exec executable="windchill">
		<arg line="--javaargs=&quot;-Dwt.auth.trustedAuth.username=wcadmin&quot;"/>
		<arg value="wt.load.LoadFromFile"/>
		<arg value="-d"/>
		<arg value="${WT_HOME}/loadFiles/HyperX/FolderLoad/Folders_per_Container_XML/HX 1708004-Cloud-Alpha.xml"/>
		<arg value="-CONT_PATH"/>
		<arg value="/wt.inf.container.OrgContainer=Hewlett-Packard/wt.pdmlink.PDMLinkProduct=HX 1708004-Cloud-Alpha"/>
		<arg value="-UNATTENDED"/>
		<arg value="-NOSERVERSTOP"/>
		</exec>
		
		<!-- Loading folders-->
		<echo message="------------------------------"/>
		<echo message="Loading Folders for HX 1709001-Pulsefire-FPS-Pro-RGB"/>
		<echo message="------------------------------"/>
		<exec executable="windchill">
		<arg line="--javaargs=&quot;-Dwt.auth.trustedAuth.username=wcadmin&quot;"/>
		<arg value="wt.load.LoadFromFile"/>
		<arg value="-d"/>
		<arg value="${WT_HOME}/loadFiles/HyperX/FolderLoad/Folders_per_Container_XML/HX 1709001-Pulsefire-FPS-Pro-RGB.xml"/>
		<arg value="-CONT_PATH"/>
		<arg value="/wt.inf.container.OrgContainer=Hewlett-Packard/wt.pdmlink.PDMLinkProduct=HX 1709001-Pulsefire-FPS-Pro-RGB"/>
		<arg value="-UNATTENDED"/>
		<arg value="-NOSERVERSTOP"/>
		</exec>
		
		<!-- Loading folders-->
		<echo message="------------------------------"/>
		<echo message="Loading Folders for HX 1712001-Cloud-Revolver-Ultra"/>
		<echo message="------------------------------"/>
		<exec executable="windchill">
		<arg line="--javaargs=&quot;-Dwt.auth.trustedAuth.username=wcadmin&quot;"/>
		<arg value="wt.load.LoadFromFile"/>
		<arg value="-d"/>
		<arg value="${WT_HOME}/loadFiles/HyperX/FolderLoad/Folders_per_Container_XML/HX 1712001-Cloud-Revolver-Ultra.xml"/>
		<arg value="-CONT_PATH"/>
		<arg value="/wt.inf.container.OrgContainer=Hewlett-Packard/wt.pdmlink.PDMLinkProduct=HX 1712001-Cloud-Revolver-Ultra"/>
		<arg value="-UNATTENDED"/>
		<arg value="-NOSERVERSTOP"/>
		</exec>
		
		<!-- Loading folders-->
		<echo message="------------------------------"/>
		<echo message="Loading Folders for HX 1712002-Pulsefire-Core"/>
		<echo message="------------------------------"/>
		<exec executable="windchill">
		<arg line="--javaargs=&quot;-Dwt.auth.trustedAuth.username=wcadmin&quot;"/>
		<arg value="wt.load.LoadFromFile"/>
		<arg value="-d"/>
		<arg value="${WT_HOME}/loadFiles/HyperX/FolderLoad/Folders_per_Container_XML/HX 1712002-Pulsefire-Core.xml"/>
		<arg value="-CONT_PATH"/>
		<arg value="/wt.inf.container.OrgContainer=Hewlett-Packard/wt.pdmlink.PDMLinkProduct=HX 1712002-Pulsefire-Core"/>
		<arg value="-UNATTENDED"/>
		<arg value="-NOSERVERSTOP"/>
		</exec>
		
		<!-- Loading folders-->
		<echo message="------------------------------"/>
		<echo message="Loading Folders for HX 1712008-Cloud-Earbuds"/>
		<echo message="------------------------------"/>
		<exec executable="windchill">
		<arg line="--javaargs=&quot;-Dwt.auth.trustedAuth.username=wcadmin&quot;"/>
		<arg value="wt.load.LoadFromFile"/>
		<arg value="-d"/>
		<arg value="${WT_HOME}/loadFiles/HyperX/FolderLoad/Folders_per_Container_XML/HX 1712008-Cloud-Earbuds.xml"/>
		<arg value="-CONT_PATH"/>
		<arg value="/wt.inf.container.OrgContainer=Hewlett-Packard/wt.pdmlink.PDMLinkProduct=HX 1712008-Cloud-Earbuds"/>
		<arg value="-UNATTENDED"/>
		<arg value="-NOSERVERSTOP"/>
		</exec>
		
		<!-- Loading folders-->
		<echo message="------------------------------"/>
		<echo message="Loading Folders for HX 1712009-Cloud-Stinger-Core"/>
		<echo message="------------------------------"/>
		<exec executable="windchill">
		<arg line="--javaargs=&quot;-Dwt.auth.trustedAuth.username=wcadmin&quot;"/>
		<arg value="wt.load.LoadFromFile"/>
		<arg value="-d"/>
		<arg value="${WT_HOME}/loadFiles/HyperX/FolderLoad/Folders_per_Container_XML/HX 1712009-Cloud-Stinger-Core.xml"/>
		<arg value="-CONT_PATH"/>
		<arg value="/wt.inf.container.OrgContainer=Hewlett-Packard/wt.pdmlink.PDMLinkProduct=HX 1712009-Cloud-Stinger-Core"/>
		<arg value="-UNATTENDED"/>
		<arg value="-NOSERVERSTOP"/>
		</exec>
		
		<!-- Loading folders-->
		<echo message="------------------------------"/>
		<echo message="Loading Folders for HX 1801003-ChargePlay-Quad"/>
		<echo message="------------------------------"/>
		<exec executable="windchill">
		<arg line="--javaargs=&quot;-Dwt.auth.trustedAuth.username=wcadmin&quot;"/>
		<arg value="wt.load.LoadFromFile"/>
		<arg value="-d"/>
		<arg value="${WT_HOME}/loadFiles/HyperX/FolderLoad/Folders_per_Container_XML/HX 1801003-ChargePlay-Quad.xml"/>
		<arg value="-CONT_PATH"/>
		<arg value="/wt.inf.container.OrgContainer=Hewlett-Packard/wt.pdmlink.PDMLinkProduct=HX 1801003-ChargePlay-Quad"/>
		<arg value="-UNATTENDED"/>
		<arg value="-NOSERVERSTOP"/>
		</exec>
		
		<!-- Loading folders-->
		<echo message="------------------------------"/>
		<echo message="Loading Folders for HX 1803003-QuadCast"/>
		<echo message="------------------------------"/>
		<exec executable="windchill">
		<arg line="--javaargs=&quot;-Dwt.auth.trustedAuth.username=wcadmin&quot;"/>
		<arg value="wt.load.LoadFromFile"/>
		<arg value="-d"/>
		<arg value="${WT_HOME}/loadFiles/HyperX/FolderLoad/Folders_per_Container_XML/HX 1803003-QuadCast.xml"/>
		<arg value="-CONT_PATH"/>
		<arg value="/wt.inf.container.OrgContainer=Hewlett-Packard/wt.pdmlink.PDMLinkProduct=HX 1803003-QuadCast"/>
		<arg value="-UNATTENDED"/>
		<arg value="-NOSERVERSTOP"/>
		</exec>
		
		<!-- Loading folders-->
		<echo message="------------------------------"/>
		<echo message="Loading Folders for HX 1804001-ChargePlay-Duo-XB1"/>
		<echo message="------------------------------"/>
		<exec executable="windchill">
		<arg line="--javaargs=&quot;-Dwt.auth.trustedAuth.username=wcadmin&quot;"/>
		<arg value="wt.load.LoadFromFile"/>
		<arg value="-d"/>
		<arg value="${WT_HOME}/loadFiles/HyperX/FolderLoad/Folders_per_Container_XML/HX 1804001-ChargePlay-Duo-XB1.xml"/>
		<arg value="-CONT_PATH"/>
		<arg value="/wt.inf.container.OrgContainer=Hewlett-Packard/wt.pdmlink.PDMLinkProduct=HX 1804001-ChargePlay-Duo-XB1"/>
		<arg value="-UNATTENDED"/>
		<arg value="-NOSERVERSTOP"/>
		</exec>
		
		<!-- Loading folders-->
		<echo message="------------------------------"/>
		<echo message="Loading Folders for HX 1804003-Cloud-Alpha-S"/>
		<echo message="------------------------------"/>
		<exec executable="windchill">
		<arg line="--javaargs=&quot;-Dwt.auth.trustedAuth.username=wcadmin&quot;"/>
		<arg value="wt.load.LoadFromFile"/>
		<arg value="-d"/>
		<arg value="${WT_HOME}/loadFiles/HyperX/FolderLoad/Folders_per_Container_XML/HX 1804003-Cloud-Alpha-S.xml"/>
		<arg value="-CONT_PATH"/>
		<arg value="/wt.inf.container.OrgContainer=Hewlett-Packard/wt.pdmlink.PDMLinkProduct=HX 1804003-Cloud-Alpha-S"/>
		<arg value="-UNATTENDED"/>
		<arg value="-NOSERVERSTOP"/>
		</exec>
		
		<!-- Loading folders-->
		<echo message="------------------------------"/>
		<echo message="Loading Folders for HX 1804005-CloudX-Flight"/>
		<echo message="------------------------------"/>
		<exec executable="windchill">
		<arg line="--javaargs=&quot;-Dwt.auth.trustedAuth.username=wcadmin&quot;"/>
		<arg value="wt.load.LoadFromFile"/>
		<arg value="-d"/>
		<arg value="${WT_HOME}/loadFiles/HyperX/FolderLoad/Folders_per_Container_XML/HX 1804005-CloudX-Flight.xml"/>
		<arg value="-CONT_PATH"/>
		<arg value="/wt.inf.container.OrgContainer=Hewlett-Packard/wt.pdmlink.PDMLinkProduct=HX 1804005-CloudX-Flight"/>
		<arg value="-UNATTENDED"/>
		<arg value="-NOSERVERSTOP"/>
		</exec>
		
		<!-- Loading folders-->
		<echo message="------------------------------"/>
		<echo message="Loading Folders for HX 1804006-Cloud-Flight-S"/>
		<echo message="------------------------------"/>
		<exec executable="windchill">
		<arg line="--javaargs=&quot;-Dwt.auth.trustedAuth.username=wcadmin&quot;"/>
		<arg value="wt.load.LoadFromFile"/>
		<arg value="-d"/>
		<arg value="${WT_HOME}/loadFiles/HyperX/FolderLoad/Folders_per_Container_XML/HX 1804006-Cloud-Flight-S.xml"/>
		<arg value="-CONT_PATH"/>
		<arg value="/wt.inf.container.OrgContainer=Hewlett-Packard/wt.pdmlink.PDMLinkProduct=HX 1804006-Cloud-Flight-S"/>
		<arg value="-UNATTENDED"/>
		<arg value="-NOSERVERSTOP"/>
		</exec>
		
		<!-- Loading folders-->
		<echo message="------------------------------"/>
		<echo message="Loading Folders for HX 1804007-Pulsefire-Dart"/>
		<echo message="------------------------------"/>
		<exec executable="windchill">
		<arg line="--javaargs=&quot;-Dwt.auth.trustedAuth.username=wcadmin&quot;"/>
		<arg value="wt.load.LoadFromFile"/>
		<arg value="-d"/>
		<arg value="${WT_HOME}/loadFiles/HyperX/FolderLoad/Folders_per_Container_XML/HX 1804007-Pulsefire-Dart.xml"/>
		<arg value="-CONT_PATH"/>
		<arg value="/wt.inf.container.OrgContainer=Hewlett-Packard/wt.pdmlink.PDMLinkProduct=HX 1804007-Pulsefire-Dart"/>
		<arg value="-UNATTENDED"/>
		<arg value="-NOSERVERSTOP"/>
		</exec>
		
		<!-- Loading folders-->
		<echo message="------------------------------"/>
		<echo message="Loading Folders for HX 1804008-ChargePlay-Base"/>
		<echo message="------------------------------"/>
		<exec executable="windchill">
		<arg line="--javaargs=&quot;-Dwt.auth.trustedAuth.username=wcadmin&quot;"/>
		<arg value="wt.load.LoadFromFile"/>
		<arg value="-d"/>
		<arg value="${WT_HOME}/loadFiles/HyperX/FolderLoad/Folders_per_Container_XML/HX 1804008-ChargePlay-Base.xml"/>
		<arg value="-CONT_PATH"/>
		<arg value="/wt.inf.container.OrgContainer=Hewlett-Packard/wt.pdmlink.PDMLinkProduct=HX 1804008-ChargePlay-Base"/>
		<arg value="-UNATTENDED"/>
		<arg value="-NOSERVERSTOP"/>
		</exec>
		
		<!-- Loading folders-->
		<echo message="------------------------------"/>
		<echo message="Loading Folders for HX 1806004-ChargePlay-Clutch-For-Nintendo-Switch"/>
		<echo message="------------------------------"/>
		<exec executable="windchill">
		<arg line="--javaargs=&quot;-Dwt.auth.trustedAuth.username=wcadmin&quot;"/>
		<arg value="wt.load.LoadFromFile"/>
		<arg value="-d"/>
		<arg value="${WT_HOME}/loadFiles/HyperX/FolderLoad/Folders_per_Container_XML/HX 1806004-ChargePlay-Clutch-For-Nintendo-Switch.xml"/>
		<arg value="-CONT_PATH"/>
		<arg value="/wt.inf.container.OrgContainer=Hewlett-Packard/wt.pdmlink.PDMLinkProduct=HX 1806004-ChargePlay-Clutch-For-Nintendo-Switch"/>
		<arg value="-UNATTENDED"/>
		<arg value="-NOSERVERSTOP"/>
		</exec>
		
		<!-- Loading folders-->
		<echo message="------------------------------"/>
		<echo message="Loading Folders for HX 1806006-Pulsefire-Raid"/>
		<echo message="------------------------------"/>
		<exec executable="windchill">
		<arg line="--javaargs=&quot;-Dwt.auth.trustedAuth.username=wcadmin&quot;"/>
		<arg value="wt.load.LoadFromFile"/>
		<arg value="-d"/>
		<arg value="${WT_HOME}/loadFiles/HyperX/FolderLoad/Folders_per_Container_XML/HX 1806006-Pulsefire-Raid.xml"/>
		<arg value="-CONT_PATH"/>
		<arg value="/wt.inf.container.OrgContainer=Hewlett-Packard/wt.pdmlink.PDMLinkProduct=HX 1806006-Pulsefire-Raid"/>
		<arg value="-UNATTENDED"/>
		<arg value="-NOSERVERSTOP"/>
		</exec>
		
		<!-- Loading folders-->
		<echo message="------------------------------"/>
		<echo message="Loading Folders for HX 1807002-Alloy-Origins"/>
		<echo message="------------------------------"/>
		<exec executable="windchill">
		<arg line="--javaargs=&quot;-Dwt.auth.trustedAuth.username=wcadmin&quot;"/>
		<arg value="wt.load.LoadFromFile"/>
		<arg value="-d"/>
		<arg value="${WT_HOME}/loadFiles/HyperX/FolderLoad/Folders_per_Container_XML/HX 1807002-Alloy-Origins.xml"/>
		<arg value="-CONT_PATH"/>
		<arg value="/wt.inf.container.OrgContainer=Hewlett-Packard/wt.pdmlink.PDMLinkProduct=HX 1807002-Alloy-Origins"/>
		<arg value="-UNATTENDED"/>
		<arg value="-NOSERVERSTOP"/>
		</exec>
		
		<!-- Loading folders-->
		<echo message="------------------------------"/>
		<echo message="Loading Folders for HX 1807004-Cloud-MIX-II"/>
		<echo message="------------------------------"/>
		<exec executable="windchill">
		<arg line="--javaargs=&quot;-Dwt.auth.trustedAuth.username=wcadmin&quot;"/>
		<arg value="wt.load.LoadFromFile"/>
		<arg value="-d"/>
		<arg value="${WT_HOME}/loadFiles/HyperX/FolderLoad/Folders_per_Container_XML/HX 1807004-Cloud-MIX-II.xml"/>
		<arg value="-CONT_PATH"/>
		<arg value="/wt.inf.container.OrgContainer=Hewlett-Packard/wt.pdmlink.PDMLinkProduct=HX 1807004-Cloud-MIX-II"/>
		<arg value="-UNATTENDED"/>
		<arg value="-NOSERVERSTOP"/>
		</exec>
		
		<!-- Loading folders-->
		<echo message="------------------------------"/>
		<echo message="Loading Folders for HX 1808002-Alloy-Origins-Core"/>
		<echo message="------------------------------"/>
		<exec executable="windchill">
		<arg line="--javaargs=&quot;-Dwt.auth.trustedAuth.username=wcadmin&quot;"/>
		<arg value="wt.load.LoadFromFile"/>
		<arg value="-d"/>
		<arg value="${WT_HOME}/loadFiles/HyperX/FolderLoad/Folders_per_Container_XML/HX 1808002-Alloy-Origins-Core.xml"/>
		<arg value="-CONT_PATH"/>
		<arg value="/wt.inf.container.OrgContainer=Hewlett-Packard/wt.pdmlink.PDMLinkProduct=HX 1808002-Alloy-Origins-Core"/>
		<arg value="-UNATTENDED"/>
		<arg value="-NOSERVERSTOP"/>
		</exec>
		
		<!-- Loading folders-->
		<echo message="------------------------------"/>
		<echo message="Loading Folders for HX 1808003-Cloud-Chat"/>
		<echo message="------------------------------"/>
		<exec executable="windchill">
		<arg line="--javaargs=&quot;-Dwt.auth.trustedAuth.username=wcadmin&quot;"/>
		<arg value="wt.load.LoadFromFile"/>
		<arg value="-d"/>
		<arg value="${WT_HOME}/loadFiles/HyperX/FolderLoad/Folders_per_Container_XML/HX 1808003-Cloud-Chat.xml"/>
		<arg value="-CONT_PATH"/>
		<arg value="/wt.inf.container.OrgContainer=Hewlett-Packard/wt.pdmlink.PDMLinkProduct=HX 1808003-Cloud-Chat"/>
		<arg value="-UNATTENDED"/>
		<arg value="-NOSERVERSTOP"/>
		</exec>
		
		<!-- Loading folders-->
		<echo message="------------------------------"/>
		<echo message="Loading Folders for HX 1808007-ChargePlay-Clutch-For-Mobile"/>
		<echo message="------------------------------"/>
		<exec executable="windchill">
		<arg line="--javaargs=&quot;-Dwt.auth.trustedAuth.username=wcadmin&quot;"/>
		<arg value="wt.load.LoadFromFile"/>
		<arg value="-d"/>
		<arg value="${WT_HOME}/loadFiles/HyperX/FolderLoad/Folders_per_Container_XML/HX 1808007-ChargePlay-Clutch-For-Mobile.xml"/>
		<arg value="-CONT_PATH"/>
		<arg value="/wt.inf.container.OrgContainer=Hewlett-Packard/wt.pdmlink.PDMLinkProduct=HX 1808007-ChargePlay-Clutch-For-Mobile"/>
		<arg value="-UNATTENDED"/>
		<arg value="-NOSERVERSTOP"/>
		</exec>
		
		<!-- Loading folders-->
		<echo message="------------------------------"/>
		<echo message="Loading Folders for HX 1810001-Cloud-Stinger-Wireless"/>
		<echo message="------------------------------"/>
		<exec executable="windchill">
		<arg line="--javaargs=&quot;-Dwt.auth.trustedAuth.username=wcadmin&quot;"/>
		<arg value="wt.load.LoadFromFile"/>
		<arg value="-d"/>
		<arg value="${WT_HOME}/loadFiles/HyperX/FolderLoad/Folders_per_Container_XML/HX 1810001-Cloud-Stinger-Wireless.xml"/>
		<arg value="-CONT_PATH"/>
		<arg value="/wt.inf.container.OrgContainer=Hewlett-Packard/wt.pdmlink.PDMLinkProduct=HX 1810001-Cloud-Stinger-Wireless"/>
		<arg value="-UNATTENDED"/>
		<arg value="-NOSERVERSTOP"/>
		</exec>
		
		<!-- Loading folders-->
		<echo message="------------------------------"/>
		<echo message="Loading Folders for HX 1810003-Cloud-Orbit"/>
		<echo message="------------------------------"/>
		<exec executable="windchill">
		<arg line="--javaargs=&quot;-Dwt.auth.trustedAuth.username=wcadmin&quot;"/>
		<arg value="wt.load.LoadFromFile"/>
		<arg value="-d"/>
		<arg value="${WT_HOME}/loadFiles/HyperX/FolderLoad/Folders_per_Container_XML/HX 1810003-Cloud-Orbit.xml"/>
		<arg value="-CONT_PATH"/>
		<arg value="/wt.inf.container.OrgContainer=Hewlett-Packard/wt.pdmlink.PDMLinkProduct=HX 1810003-Cloud-Orbit"/>
		<arg value="-UNATTENDED"/>
		<arg value="-NOSERVERSTOP"/>
		</exec>
		
		<!-- Loading folders-->
		<echo message="------------------------------"/>
		<echo message="Loading Folders for HX 1811001-SoloCast"/>
		<echo message="------------------------------"/>
		<exec executable="windchill">
		<arg line="--javaargs=&quot;-Dwt.auth.trustedAuth.username=wcadmin&quot;"/>
		<arg value="wt.load.LoadFromFile"/>
		<arg value="-d"/>
		<arg value="${WT_HOME}/loadFiles/HyperX/FolderLoad/Folders_per_Container_XML/HX 1811001-SoloCast.xml"/>
		<arg value="-CONT_PATH"/>
		<arg value="/wt.inf.container.OrgContainer=Hewlett-Packard/wt.pdmlink.PDMLinkProduct=HX 1811001-SoloCast"/>
		<arg value="-UNATTENDED"/>
		<arg value="-NOSERVERSTOP"/>
		</exec>
		
		<!-- Loading folders-->
		<echo message="------------------------------"/>
		<echo message="Loading Folders for HX 1901001-Fury-Ultra"/>
		<echo message="------------------------------"/>
		<exec executable="windchill">
		<arg line="--javaargs=&quot;-Dwt.auth.trustedAuth.username=wcadmin&quot;"/>
		<arg value="wt.load.LoadFromFile"/>
		<arg value="-d"/>
		<arg value="${WT_HOME}/loadFiles/HyperX/FolderLoad/Folders_per_Container_XML/HX 1901001-Fury-Ultra.xml"/>
		<arg value="-CONT_PATH"/>
		<arg value="/wt.inf.container.OrgContainer=Hewlett-Packard/wt.pdmlink.PDMLinkProduct=HX 1901001-Fury-Ultra"/>
		<arg value="-UNATTENDED"/>
		<arg value="-NOSERVERSTOP"/>
		</exec>
		
		<!-- Loading folders-->
		<echo message="------------------------------"/>
		<echo message="Loading Folders for HX 1901003-Cloud-II-Wireless"/>
		<echo message="------------------------------"/>
		<exec executable="windchill">
		<arg line="--javaargs=&quot;-Dwt.auth.trustedAuth.username=wcadmin&quot;"/>
		<arg value="wt.load.LoadFromFile"/>
		<arg value="-d"/>
		<arg value="${WT_HOME}/loadFiles/HyperX/FolderLoad/Folders_per_Container_XML/HX 1901003-Cloud-II-Wireless.xml"/>
		<arg value="-CONT_PATH"/>
		<arg value="/wt.inf.container.OrgContainer=Hewlett-Packard/wt.pdmlink.PDMLinkProduct=HX 1901003-Cloud-II-Wireless"/>
		<arg value="-UNATTENDED"/>
		<arg value="-NOSERVERSTOP"/>
		</exec>
		
		<!-- Loading folders-->
		<echo message="------------------------------"/>
		<echo message="Loading Folders for HX 1905004-Cloud-Stinger-Core-7.1-Wired"/>
		<echo message="------------------------------"/>
		<exec executable="windchill">
		<arg line="--javaargs=&quot;-Dwt.auth.trustedAuth.username=wcadmin&quot;"/>
		<arg value="wt.load.LoadFromFile"/>
		<arg value="-d"/>
		<arg value="${WT_HOME}/loadFiles/HyperX/FolderLoad/Folders_per_Container_XML/HX 1905004-Cloud-Stinger-Core-7.1-Wired.xml"/>
		<arg value="-CONT_PATH"/>
		<arg value="/wt.inf.container.OrgContainer=Hewlett-Packard/wt.pdmlink.PDMLinkProduct=HX 1905004-Cloud-Stinger-Core-7.1-Wired"/>
		<arg value="-UNATTENDED"/>
		<arg value="-NOSERVERSTOP"/>
		</exec>
		
		<!-- Loading folders-->
		<echo message="------------------------------"/>
		<echo message="Loading Folders for HX 1905005-Cloud-Stinger-Core-7.1-Wireless"/>
		<echo message="------------------------------"/>
		<exec executable="windchill">
		<arg line="--javaargs=&quot;-Dwt.auth.trustedAuth.username=wcadmin&quot;"/>
		<arg value="wt.load.LoadFromFile"/>
		<arg value="-d"/>
		<arg value="${WT_HOME}/loadFiles/HyperX/FolderLoad/Folders_per_Container_XML/HX 1905005-Cloud-Stinger-Core-7.1-Wireless.xml"/>
		<arg value="-CONT_PATH"/>
		<arg value="/wt.inf.container.OrgContainer=Hewlett-Packard/wt.pdmlink.PDMLinkProduct=HX 1905005-Cloud-Stinger-Core-7.1-Wireless"/>
		<arg value="-UNATTENDED"/>
		<arg value="-NOSERVERSTOP"/>
		</exec>
		
		<!-- Loading folders-->
		<echo message="------------------------------"/>
		<echo message="Loading Folders for HX 1906003-Alloy-Elite-2"/>
		<echo message="------------------------------"/>
		<exec executable="windchill">
		<arg line="--javaargs=&quot;-Dwt.auth.trustedAuth.username=wcadmin&quot;"/>
		<arg value="wt.load.LoadFromFile"/>
		<arg value="-d"/>
		<arg value="${WT_HOME}/loadFiles/HyperX/FolderLoad/Folders_per_Container_XML/HX 1906003-Alloy-Elite-2.xml"/>
		<arg value="-CONT_PATH"/>
		<arg value="/wt.inf.container.OrgContainer=Hewlett-Packard/wt.pdmlink.PDMLinkProduct=HX 1906003-Alloy-Elite-2"/>
		<arg value="-UNATTENDED"/>
		<arg value="-NOSERVERSTOP"/>
		</exec>
		
		<!-- Loading folders-->
		<echo message="------------------------------"/>
		<echo message="Loading Folders for HX 1906004-Quadcast-S"/>
		<echo message="------------------------------"/>
		<exec executable="windchill">
		<arg line="--javaargs=&quot;-Dwt.auth.trustedAuth.username=wcadmin&quot;"/>
		<arg value="wt.load.LoadFromFile"/>
		<arg value="-d"/>
		<arg value="${WT_HOME}/loadFiles/HyperX/FolderLoad/Folders_per_Container_XML/HX 1906004-Quadcast-S.xml"/>
		<arg value="-CONT_PATH"/>
		<arg value="/wt.inf.container.OrgContainer=Hewlett-Packard/wt.pdmlink.PDMLinkProduct=HX 1906004-Quadcast-S"/>
		<arg value="-UNATTENDED"/>
		<arg value="-NOSERVERSTOP"/>
		</exec>
		
		<!-- Loading folders-->
		<echo message="------------------------------"/>
		<echo message="Loading Folders for HX 1906006-Cloud-Earbuds-BT"/>
		<echo message="------------------------------"/>
		<exec executable="windchill">
		<arg line="--javaargs=&quot;-Dwt.auth.trustedAuth.username=wcadmin&quot;"/>
		<arg value="wt.load.LoadFromFile"/>
		<arg value="-d"/>
		<arg value="${WT_HOME}/loadFiles/HyperX/FolderLoad/Folders_per_Container_XML/HX 1906006-Cloud-Earbuds-BT.xml"/>
		<arg value="-CONT_PATH"/>
		<arg value="/wt.inf.container.OrgContainer=Hewlett-Packard/wt.pdmlink.PDMLinkProduct=HX 1906006-Cloud-Earbuds-BT"/>
		<arg value="-UNATTENDED"/>
		<arg value="-NOSERVERSTOP"/>
		</exec>
		
		<!-- Loading folders-->
		<echo message="------------------------------"/>
		<echo message="Loading Folders for HX 1907004-Cloud-Stinger-S"/>
		<echo message="------------------------------"/>
		<exec executable="windchill">
		<arg line="--javaargs=&quot;-Dwt.auth.trustedAuth.username=wcadmin&quot;"/>
		<arg value="wt.load.LoadFromFile"/>
		<arg value="-d"/>
		<arg value="${WT_HOME}/loadFiles/HyperX/FolderLoad/Folders_per_Container_XML/HX 1907004-Cloud-Stinger-S.xml"/>
		<arg value="-CONT_PATH"/>
		<arg value="/wt.inf.container.OrgContainer=Hewlett-Packard/wt.pdmlink.PDMLinkProduct=HX 1907004-Cloud-Stinger-S"/>
		<arg value="-UNATTENDED"/>
		<arg value="-NOSERVERSTOP"/>
		</exec>
		
		<!-- Loading folders-->
		<echo message="------------------------------"/>
		<echo message="Loading Folders for HX 1908001-Pudding-Keycap-PBT-Double-Shot"/>
		<echo message="------------------------------"/>
		<exec executable="windchill">
		<arg line="--javaargs=&quot;-Dwt.auth.trustedAuth.username=wcadmin&quot;"/>
		<arg value="wt.load.LoadFromFile"/>
		<arg value="-d"/>
		<arg value="${WT_HOME}/loadFiles/HyperX/FolderLoad/Folders_per_Container_XML/HX 1908001-Pudding-Keycap-PBT-Double-Shot.xml"/>
		<arg value="-CONT_PATH"/>
		<arg value="/wt.inf.container.OrgContainer=Hewlett-Packard/wt.pdmlink.PDMLinkProduct=HX 1908001-Pudding-Keycap-PBT-Double-Shot"/>
		<arg value="-UNATTENDED"/>
		<arg value="-NOSERVERSTOP"/>
		</exec>
		
		<!-- Loading folders-->
		<echo message="------------------------------"/>
		<echo message="Loading Folders for HX 1909001-Cloud-Core-7.1"/>
		<echo message="------------------------------"/>
		<exec executable="windchill">
		<arg line="--javaargs=&quot;-Dwt.auth.trustedAuth.username=wcadmin&quot;"/>
		<arg value="wt.load.LoadFromFile"/>
		<arg value="-d"/>
		<arg value="${WT_HOME}/loadFiles/HyperX/FolderLoad/Folders_per_Container_XML/HX 1909001-Cloud-Core-7.1.xml"/>
		<arg value="-CONT_PATH"/>
		<arg value="/wt.inf.container.OrgContainer=Hewlett-Packard/wt.pdmlink.PDMLinkProduct=HX 1909001-Cloud-Core-7.1"/>
		<arg value="-UNATTENDED"/>
		<arg value="-NOSERVERSTOP"/>
		</exec>
		
		<!-- Loading folders-->
		<echo message="------------------------------"/>
		<echo message="Loading Folders for HX 1909003-Pudding-Keycap-ABS-Painted"/>
		<echo message="------------------------------"/>
		<exec executable="windchill">
		<arg line="--javaargs=&quot;-Dwt.auth.trustedAuth.username=wcadmin&quot;"/>
		<arg value="wt.load.LoadFromFile"/>
		<arg value="-d"/>
		<arg value="${WT_HOME}/loadFiles/HyperX/FolderLoad/Folders_per_Container_XML/HX 1909003-Pudding-Keycap-ABS-Painted.xml"/>
		<arg value="-CONT_PATH"/>
		<arg value="/wt.inf.container.OrgContainer=Hewlett-Packard/wt.pdmlink.PDMLinkProduct=HX 1909003-Pudding-Keycap-ABS-Painted"/>
		<arg value="-UNATTENDED"/>
		<arg value="-NOSERVERSTOP"/>
		</exec>
		
		<!-- Loading folders-->
		<echo message="------------------------------"/>
		<echo message="Loading Folders for HX 1910006-Alloy-Skyforge"/>
		<echo message="------------------------------"/>
		<exec executable="windchill">
		<arg line="--javaargs=&quot;-Dwt.auth.trustedAuth.username=wcadmin&quot;"/>
		<arg value="wt.load.LoadFromFile"/>
		<arg value="-d"/>
		<arg value="${WT_HOME}/loadFiles/HyperX/FolderLoad/Folders_per_Container_XML/HX 1910006-Alloy-Skyforge.xml"/>
		<arg value="-CONT_PATH"/>
		<arg value="/wt.inf.container.OrgContainer=Hewlett-Packard/wt.pdmlink.PDMLinkProduct=HX 1910006-Alloy-Skyforge"/>
		<arg value="-UNATTENDED"/>
		<arg value="-NOSERVERSTOP"/>
		</exec>
		
		<!-- Loading folders-->
		<echo message="------------------------------"/>
		<echo message="Loading Folders for HX 1910007-Pulsefire-Haste"/>
		<echo message="------------------------------"/>
		<exec executable="windchill">
		<arg line="--javaargs=&quot;-Dwt.auth.trustedAuth.username=wcadmin&quot;"/>
		<arg value="wt.load.LoadFromFile"/>
		<arg value="-d"/>
		<arg value="${WT_HOME}/loadFiles/HyperX/FolderLoad/Folders_per_Container_XML/HX 1910007-Pulsefire-Haste.xml"/>
		<arg value="-CONT_PATH"/>
		<arg value="/wt.inf.container.OrgContainer=Hewlett-Packard/wt.pdmlink.PDMLinkProduct=HX 1910007-Pulsefire-Haste"/>
		<arg value="-UNATTENDED"/>
		<arg value="-NOSERVERSTOP"/>
		</exec>
		
		<!-- Loading folders-->
		<echo message="------------------------------"/>
		<echo message="Loading Folders for HX 1910008-Modular-40-driver"/>
		<echo message="------------------------------"/>
		<exec executable="windchill">
		<arg line="--javaargs=&quot;-Dwt.auth.trustedAuth.username=wcadmin&quot;"/>
		<arg value="wt.load.LoadFromFile"/>
		<arg value="-d"/>
		<arg value="${WT_HOME}/loadFiles/HyperX/FolderLoad/Folders_per_Container_XML/HX 1910008-Modular-40-driver.xml"/>
		<arg value="-CONT_PATH"/>
		<arg value="/wt.inf.container.OrgContainer=Hewlett-Packard/wt.pdmlink.PDMLinkProduct=HX 1910008-Modular-40-driver"/>
		<arg value="-UNATTENDED"/>
		<arg value="-NOSERVERSTOP"/>
		</exec>
		
		<!-- Loading folders-->
		<echo message="------------------------------"/>
		<echo message="Loading Folders for HX 1912002-Cloud-Revolver"/>
		<echo message="------------------------------"/>
		<exec executable="windchill">
		<arg line="--javaargs=&quot;-Dwt.auth.trustedAuth.username=wcadmin&quot;"/>
		<arg value="wt.load.LoadFromFile"/>
		<arg value="-d"/>
		<arg value="${WT_HOME}/loadFiles/HyperX/FolderLoad/Folders_per_Container_XML/HX 1912002-Cloud-Revolver.xml"/>
		<arg value="-CONT_PATH"/>
		<arg value="/wt.inf.container.OrgContainer=Hewlett-Packard/wt.pdmlink.PDMLinkProduct=HX 1912002-Cloud-Revolver"/>
		<arg value="-UNATTENDED"/>
		<arg value="-NOSERVERSTOP"/>
		</exec>
		
		<!-- Loading folders-->
		<echo message="------------------------------"/>
		<echo message="Loading Folders for HX 2001001-CloudX-Stinger-Core-Wireless"/>
		<echo message="------------------------------"/>
		<exec executable="windchill">
		<arg line="--javaargs=&quot;-Dwt.auth.trustedAuth.username=wcadmin&quot;"/>
		<arg value="wt.load.LoadFromFile"/>
		<arg value="-d"/>
		<arg value="${WT_HOME}/loadFiles/HyperX/FolderLoad/Folders_per_Container_XML/HX 2001001-CloudX-Stinger-Core-Wireless.xml"/>
		<arg value="-CONT_PATH"/>
		<arg value="/wt.inf.container.OrgContainer=Hewlett-Packard/wt.pdmlink.PDMLinkProduct=HX 2001001-CloudX-Stinger-Core-Wireless"/>
		<arg value="-UNATTENDED"/>
		<arg value="-NOSERVERSTOP"/>
		</exec>
		
		<!-- Loading folders-->
		<echo message="------------------------------"/>
		<echo message="Loading Folders for HX 2002001-Alloy-Origins-60"/>
		<echo message="------------------------------"/>
		<exec executable="windchill">
		<arg line="--javaargs=&quot;-Dwt.auth.trustedAuth.username=wcadmin&quot;"/>
		<arg value="wt.load.LoadFromFile"/>
		<arg value="-d"/>
		<arg value="${WT_HOME}/loadFiles/HyperX/FolderLoad/Folders_per_Container_XML/HX 2002001-Alloy-Origins-60.xml"/>
		<arg value="-CONT_PATH"/>
		<arg value="/wt.inf.container.OrgContainer=Hewlett-Packard/wt.pdmlink.PDMLinkProduct=HX 2002001-Alloy-Origins-60"/>
		<arg value="-UNATTENDED"/>
		<arg value="-NOSERVERSTOP"/>
		</exec>
		
		<!-- Loading folders-->
		<echo message="------------------------------"/>
		<echo message="Loading Folders for HX 2006001-Cloud-Flight"/>
		<echo message="------------------------------"/>
		<exec executable="windchill">
		<arg line="--javaargs=&quot;-Dwt.auth.trustedAuth.username=wcadmin&quot;"/>
		<arg value="wt.load.LoadFromFile"/>
		<arg value="-d"/>
		<arg value="${WT_HOME}/loadFiles/HyperX/FolderLoad/Folders_per_Container_XML/HX 2006001-Cloud-Flight.xml"/>
		<arg value="-CONT_PATH"/>
		<arg value="/wt.inf.container.OrgContainer=Hewlett-Packard/wt.pdmlink.PDMLinkProduct=HX 2006001-Cloud-Flight"/>
		<arg value="-UNATTENDED"/>
		<arg value="-NOSERVERSTOP"/>
		</exec>
		
		<!-- Loading folders-->
		<echo message="------------------------------"/>
		<echo message="Loading Folders for HX 2006002-Cloud-II-CD"/>
		<echo message="------------------------------"/>
		<exec executable="windchill">
		<arg line="--javaargs=&quot;-Dwt.auth.trustedAuth.username=wcadmin&quot;"/>
		<arg value="wt.load.LoadFromFile"/>
		<arg value="-d"/>
		<arg value="${WT_HOME}/loadFiles/HyperX/FolderLoad/Folders_per_Container_XML/HX 2006002-Cloud-II-CD.xml"/>
		<arg value="-CONT_PATH"/>
		<arg value="/wt.inf.container.OrgContainer=Hewlett-Packard/wt.pdmlink.PDMLinkProduct=HX 2006002-Cloud-II-CD"/>
		<arg value="-UNATTENDED"/>
		<arg value="-NOSERVERSTOP"/>
		</exec>
		
		<!-- Loading folders-->
		<echo message="------------------------------"/>
		<echo message="Loading Folders for HX 2006004-Cloud-CD"/>
		<echo message="------------------------------"/>
		<exec executable="windchill">
		<arg line="--javaargs=&quot;-Dwt.auth.trustedAuth.username=wcadmin&quot;"/>
		<arg value="wt.load.LoadFromFile"/>
		<arg value="-d"/>
		<arg value="${WT_HOME}/loadFiles/HyperX/FolderLoad/Folders_per_Container_XML/HX 2006004-Cloud-CD.xml"/>
		<arg value="-CONT_PATH"/>
		<arg value="/wt.inf.container.OrgContainer=Hewlett-Packard/wt.pdmlink.PDMLinkProduct=HX 2006004-Cloud-CD"/>
		<arg value="-UNATTENDED"/>
		<arg value="-NOSERVERSTOP"/>
		</exec>
		
		<!-- Loading folders-->
		<echo message="------------------------------"/>
		<echo message="Loading Folders for HX 2006005-Quadcast-CD"/>
		<echo message="------------------------------"/>
		<exec executable="windchill">
		<arg line="--javaargs=&quot;-Dwt.auth.trustedAuth.username=wcadmin&quot;"/>
		<arg value="wt.load.LoadFromFile"/>
		<arg value="-d"/>
		<arg value="${WT_HOME}/loadFiles/HyperX/FolderLoad/Folders_per_Container_XML/HX 2006005-Quadcast-CD.xml"/>
		<arg value="-CONT_PATH"/>
		<arg value="/wt.inf.container.OrgContainer=Hewlett-Packard/wt.pdmlink.PDMLinkProduct=HX 2006005-Quadcast-CD"/>
		<arg value="-UNATTENDED"/>
		<arg value="-NOSERVERSTOP"/>
		</exec>
		
		<!-- Loading folders-->
		<echo message="------------------------------"/>
		<echo message="Loading Folders for HX 2006006-Cloud-Stinger"/>
		<echo message="------------------------------"/>
		<exec executable="windchill">
		<arg line="--javaargs=&quot;-Dwt.auth.trustedAuth.username=wcadmin&quot;"/>
		<arg value="wt.load.LoadFromFile"/>
		<arg value="-d"/>
		<arg value="${WT_HOME}/loadFiles/HyperX/FolderLoad/Folders_per_Container_XML/HX 2006006-Cloud-Stinger.xml"/>
		<arg value="-CONT_PATH"/>
		<arg value="/wt.inf.container.OrgContainer=Hewlett-Packard/wt.pdmlink.PDMLinkProduct=HX 2006006-Cloud-Stinger"/>
		<arg value="-UNATTENDED"/>
		<arg value="-NOSERVERSTOP"/>
		</exec>
		
		<!-- Loading folders-->
		<echo message="------------------------------"/>
		<echo message="Loading Folders for HX 2008001-Pulsefire-Haste-Wireless"/>
		<echo message="------------------------------"/>
		<exec executable="windchill">
		<arg line="--javaargs=&quot;-Dwt.auth.trustedAuth.username=wcadmin&quot;"/>
		<arg value="wt.load.LoadFromFile"/>
		<arg value="-d"/>
		<arg value="${WT_HOME}/loadFiles/HyperX/FolderLoad/Folders_per_Container_XML/HX 2008001-Pulsefire-Haste-Wireless.xml"/>
		<arg value="-CONT_PATH"/>
		<arg value="/wt.inf.container.OrgContainer=Hewlett-Packard/wt.pdmlink.PDMLinkProduct=HX 2008001-Pulsefire-Haste-Wireless"/>
		<arg value="-UNATTENDED"/>
		<arg value="-NOSERVERSTOP"/>
		</exec>
		
		<!-- Loading folders-->
		<echo message="------------------------------"/>
		<echo message="Loading Folders for HX 2009001-Cloud-Core-Wireless"/>
		<echo message="------------------------------"/>
		<exec executable="windchill">
		<arg line="--javaargs=&quot;-Dwt.auth.trustedAuth.username=wcadmin&quot;"/>
		<arg value="wt.load.LoadFromFile"/>
		<arg value="-d"/>
		<arg value="${WT_HOME}/loadFiles/HyperX/FolderLoad/Folders_per_Container_XML/HX 2009001-Cloud-Core-Wireless.xml"/>
		<arg value="-CONT_PATH"/>
		<arg value="/wt.inf.container.OrgContainer=Hewlett-Packard/wt.pdmlink.PDMLinkProduct=HX 2009001-Cloud-Core-Wireless"/>
		<arg value="-UNATTENDED"/>
		<arg value="-NOSERVERSTOP"/>
		</exec>
		
		<!-- Loading folders-->
		<echo message="------------------------------"/>
		<echo message="Loading Folders for HX 2009002-Module-50-dual-chamber-driver"/>
		<echo message="------------------------------"/>
		<exec executable="windchill">
		<arg line="--javaargs=&quot;-Dwt.auth.trustedAuth.username=wcadmin&quot;"/>
		<arg value="wt.load.LoadFromFile"/>
		<arg value="-d"/>
		<arg value="${WT_HOME}/loadFiles/HyperX/FolderLoad/Folders_per_Container_XML/HX 2009002-Module-50-dual-chamber-driver.xml"/>
		<arg value="-CONT_PATH"/>
		<arg value="/wt.inf.container.OrgContainer=Hewlett-Packard/wt.pdmlink.PDMLinkProduct=HX 2009002-Module-50-dual-chamber-driver"/>
		<arg value="-UNATTENDED"/>
		<arg value="-NOSERVERSTOP"/>
		</exec>
		
		<!-- Loading folders-->
		<echo message="------------------------------"/>
		<echo message="Loading Folders for HX 2102001-Cloud-Orca"/>
		<echo message="------------------------------"/>
		<exec executable="windchill">
		<arg line="--javaargs=&quot;-Dwt.auth.trustedAuth.username=wcadmin&quot;"/>
		<arg value="wt.load.LoadFromFile"/>
		<arg value="-d"/>
		<arg value="${WT_HOME}/loadFiles/HyperX/FolderLoad/Folders_per_Container_XML/HX 2102001-Cloud-Orca.xml"/>
		<arg value="-CONT_PATH"/>
		<arg value="/wt.inf.container.OrgContainer=Hewlett-Packard/wt.pdmlink.PDMLinkProduct=HX 2102001-Cloud-Orca"/>
		<arg value="-UNATTENDED"/>
		<arg value="-NOSERVERSTOP"/>
		</exec>
		
		<!-- Loading folders-->
		<echo message="------------------------------"/>
		<echo message="Loading Folders for HX 2104001-Knight-Xbox-Controller"/>
		<echo message="------------------------------"/>
		<exec executable="windchill">
		<arg line="--javaargs=&quot;-Dwt.auth.trustedAuth.username=wcadmin&quot;"/>
		<arg value="wt.load.LoadFromFile"/>
		<arg value="-d"/>
		<arg value="${WT_HOME}/loadFiles/HyperX/FolderLoad/Folders_per_Container_XML/HX 2104001-Knight-Xbox-Controller.xml"/>
		<arg value="-CONT_PATH"/>
		<arg value="/wt.inf.container.OrgContainer=Hewlett-Packard/wt.pdmlink.PDMLinkProduct=HX 2104001-Knight-Xbox-Controller"/>
		<arg value="-UNATTENDED"/>
		<arg value="-NOSERVERSTOP"/>
		</exec>
		
		<!-- Loading folders-->
		<echo message="------------------------------"/>
		<echo message="Loading Folders for HX 2104003-Pulsefire-Nikka-Wireless"/>
		<echo message="------------------------------"/>
		<exec executable="windchill">
		<arg line="--javaargs=&quot;-Dwt.auth.trustedAuth.username=wcadmin&quot;"/>
		<arg value="wt.load.LoadFromFile"/>
		<arg value="-d"/>
		<arg value="${WT_HOME}/loadFiles/HyperX/FolderLoad/Folders_per_Container_XML/HX 2104003-Pulsefire-Nikka-Wireless.xml"/>
		<arg value="-CONT_PATH"/>
		<arg value="/wt.inf.container.OrgContainer=Hewlett-Packard/wt.pdmlink.PDMLinkProduct=HX 2104003-Pulsefire-Nikka-Wireless"/>
		<arg value="-UNATTENDED"/>
		<arg value="-NOSERVERSTOP"/>
		</exec>
		
		<!-- Loading folders-->
		<echo message="------------------------------"/>
		<echo message="Loading Folders for HX 2104006-Nano-Mobile-Controller"/>
		<echo message="------------------------------"/>
		<exec executable="windchill">
		<arg line="--javaargs=&quot;-Dwt.auth.trustedAuth.username=wcadmin&quot;"/>
		<arg value="wt.load.LoadFromFile"/>
		<arg value="-d"/>
		<arg value="${WT_HOME}/loadFiles/HyperX/FolderLoad/Folders_per_Container_XML/HX 2104006-Nano-Mobile-Controller.xml"/>
		<arg value="-CONT_PATH"/>
		<arg value="/wt.inf.container.OrgContainer=Hewlett-Packard/wt.pdmlink.PDMLinkProduct=HX 2104006-Nano-Mobile-Controller"/>
		<arg value="-UNATTENDED"/>
		<arg value="-NOSERVERSTOP"/>
		</exec>
		
		<!-- Loading folders-->
		<echo message="------------------------------"/>
		<echo message="Loading Folders for HX 2112001-Pulsefire-Hibiki-Wireless"/>
		<echo message="------------------------------"/>
		<exec executable="windchill">
		<arg line="--javaargs=&quot;-Dwt.auth.trustedAuth.username=wcadmin&quot;"/>
		<arg value="wt.load.LoadFromFile"/>
		<arg value="-d"/>
		<arg value="${WT_HOME}/loadFiles/HyperX/FolderLoad/Folders_per_Container_XML/HX 2112001-Pulsefire-Hibiki-Wireless.xml"/>
		<arg value="-CONT_PATH"/>
		<arg value="/wt.inf.container.OrgContainer=Hewlett-Packard/wt.pdmlink.PDMLinkProduct=HX 2112001-Pulsefire-Hibiki-Wireless"/>
		<arg value="-UNATTENDED"/>
		<arg value="-NOSERVERSTOP"/>
		</exec>
		
		<!-- Loading folders-->
		<echo message="------------------------------"/>
		<echo message="Loading Folders for HX 2112002-Pulsefire-Yamazaki-Wired"/>
		<echo message="------------------------------"/>
		<exec executable="windchill">
		<arg line="--javaargs=&quot;-Dwt.auth.trustedAuth.username=wcadmin&quot;"/>
		<arg value="wt.load.LoadFromFile"/>
		<arg value="-d"/>
		<arg value="${WT_HOME}/loadFiles/HyperX/FolderLoad/Folders_per_Container_XML/HX 2112002-Pulsefire-Yamazaki-Wired.xml"/>
		<arg value="-CONT_PATH"/>
		<arg value="/wt.inf.container.OrgContainer=Hewlett-Packard/wt.pdmlink.PDMLinkProduct=HX 2112002-Pulsefire-Yamazaki-Wired"/>
		<arg value="-UNATTENDED"/>
		<arg value="-NOSERVERSTOP"/>
		</exec>
		
		<!-- Loading folders-->
		<echo message="------------------------------"/>
		<echo message="Loading Folders for HX ME Common Parts"/>
		<echo message="------------------------------"/>
		<exec executable="windchill">
		<arg line="--javaargs=&quot;-Dwt.auth.trustedAuth.username=wcadmin&quot;"/>
		<arg value="wt.load.LoadFromFile"/>
		<arg value="-d"/>
		<arg value="${WT_HOME}/loadFiles/HyperX/FolderLoad/Folders_per_Container_XML/HX ME Common Parts.xml"/>
		<arg value="-CONT_PATH"/>
		<arg value="/wt.inf.container.OrgContainer=Hewlett-Packard/wt.inf.library.WTLibrary=HX ME Common Parts"/>
		<arg value="-UNATTENDED"/>
		<arg value="-NOSERVERSTOP"/>
		</exec>		
	</target>

	<target name="loadContainerTeam" description="Execute wt.load.LoadFileSet command to load Object Type files">
		<!--Loading Product Team-->
		<echo message="------------------------------"/>
		<echo message="Loading Team for all products"/>
		<echo message="------------------------------"/>
		<exec executable="windchill">
		<arg line="--javaargs=&quot;-Dwt.auth.trustedAuth.username=wcadmin&quot;"/>
		<arg value="wt.load.LoadFromFile"/>
		<arg value="-d"/>
		<arg value="${WT_HOME}/loadFiles/HyperX/ContainerTeam/HX_Teams_according_container.xml"/>
		<arg value="-CONT_PATH"/>
		<arg value="/wt.inf.container.OrgContainer=Hewlett-Packard"/>
		<arg value="-UNATTENDED"/>
		<arg value="-NOSERVERSTOP"/>
		</exec>
		
		<!--Loading Library Team-->
		<echo message="------------------------------"/>
		<echo message="Loading Team for HX ME Common Parts Library"/>
		<echo message="------------------------------"/>
		<exec executable="windchill">
		<arg line="--javaargs=&quot;-Dwt.auth.trustedAuth.username=wcadmin&quot;"/>
		<arg value="wt.load.LoadFromFile"/>
		<arg value="-d"/>
		<arg value="${WT_HOME}/loadFiles/HyperX/ContainerTeam/HX_Teams_according_library.xml"/>
		<arg value="-CONT_PATH"/>
		<arg value="/wt.inf.container.OrgContainer=Hewlett-Packard"/>
		<arg value="-UNATTENDED"/>
		<arg value="-NOSERVERSTOP"/>
		</exec>
	</target>

    <target name="restartWindchill" depends="init">
        <echo>VERBOSE: restart Windchill</echo>
    	<exec executable="${WT_HOME}//bin//windchill" osfamily="windows" inputstring="">
            <arg value="stop"/>
        </exec>
    	<delete>
    		<fileset dir="${WT_HOME}//logs/" includes="**/*.log"/>
    	</delete>
    	<exec executable="${WT_HOME}//bin//windchill" osfamily="windows" inputstring="">
            <arg value="start"/>	
        </exec>
    </target>
	
    <target name="restartTomcat" depends="init">
        <echo>VERBOSE: restart Tomcat</echo>
    	<exec executable="${WT_HOME}//..//tomcat//bin//wttomcat_stop" osfamily="windows"/>
    	<delete dir="${WT_HOME}//..//tomcat//work"/>
    	<exec executable="${WT_HOME}//..//tomcat//bin//wttomcat_start" osfamily="windows"/>
    </target>
    
</project>
