{"DocumentTypeId":"BomPDF.BomTable.BomTableDataFormat","FormId":"477932ee","FormName":"Temp_3A_8","OriginalFileExtension":"pdf","Pages":[{"Page":0,"Size":[0.0,0.0,1224.0,792.0],"SkewAngle":0.0,"Evidence":[{"Text":"BILL","Box":[37.5509,839.3426,28.08,19.9017]},{"Text":"OF","Box":[37.5509,874.4426,14.04,19.9017]},{"Text":"MATERIAL","Box":[37.5509,895.5026,56.16,19.9017]},{"Text":"ITEM","Box":[57.4123,608.9685,24.0685,14.9263]},{"Text":"QTY","Box":[57.4123,647.9771,18.0513,14.9263]},{"Text":"DESCRIPTION","Box":[57.4123,857.9084,66.1885,14.9263]},{"Text":"PART","Box":[57.4123,1114.40833,24.0685,14.9263]},{"Text":"NUMBER","Box":[57.4123,1144.494,36.1028,14.9263]}],"Fields":[],"Tables":[{"FieldId":"BomPDF.BomTable.BomTableDataFormat.ExtractedTable","Headers":[{"FieldId":"BomPDF.BomTable.BomTableDataFormat.ExtractedTable.ITEM","Box":[0.0,0.0,0.0,0.0]},{"FieldId":"BomPDF.BomTable.BomTableDataFormat.ExtractedTable.QTY","Box":[0.0,0.0,0.0,0.0]},{"FieldId":"BomPDF.BomTable.BomTableDataFormat.ExtractedTable.DESCRIPTION","Box":[0.0,0.0,0.0,0.0]},{"FieldId":"BomPDF.BomTable.BomTableDataFormat.ExtractedTable.PARTNUMBER","Box":[0.0,0.0,0.0,0.0]},{"FieldId":"BomPDF.BomTable.BomTableDataFormat.ExtractedTable.REVISION","Box":[0.0,0.0,0.0,0.0]}],"Cells":[{"Row":0,"Column":0,"Box":[70.5904,600.5022,39.4505,1.4505]},{"Row":0,"Column":1,"Box":[70.5904,639.9527,36.0,1.4505]},{"Row":0,"Column":2,"Box":[70.5904,675.9527,432.0,1.4505]},{"Row":0,"Column":3,"Box":[70.5904,1107.95276,64.0,1.4505]},{"Row":1,"Column":0,"Box":[72.0409,600.5022,39.4505,18.0]},{"Row":1,"Column":1,"Box":[72.0409,639.9527,36.0,18.0]},{"Row":1,"Column":2,"Box":[72.0409,675.9527,432.0,18.0]},{"Row":1,"Column":3,"Box":[72.0409,1107.95276,64.0,18.0]},{"Row":2,"Column":0,"Box":[90.0409,600.5022,39.4505,18.0]},{"Row":2,"Column":1,"Box":[90.0409,639.9527,36.0,18.0]},{"Row":2,"Column":2,"Box":[90.0409,675.9527,432.0,18.0]},{"Row":2,"Column":3,"Box":[90.0409,1107.95276,64.0,18.0]},{"Row":3,"Column":0,"Box":[108.0409,600.5022,39.4505,18.0]},{"Row":3,"Column":1,"Box":[108.0409,639.9527,36.0,18.0]},{"Row":3,"Column":2,"Box":[108.0409,675.9527,432.0,18.0]},{"Row":3,"Column":3,"Box":[108.0409,1107.95276,64.0,18.0]},{"Row":4,"Column":0,"Box":[126.0409,600.5022,39.4505,18.0]},{"Row":4,"Column":1,"Box":[126.0409,639.9527,36.0,18.0]},{"Row":4,"Column":2,"Box":[126.0409,675.9527,432.0,18.0]},{"Row":4,"Column":3,"Box":[126.0409,1107.95276,64.0,18.0]},{"Row":5,"Column":0,"Box":[144.0409,600.5022,39.4505,18.0]},{"Row":5,"Column":1,"Box":[144.0409,639.9527,36.0,18.0]},{"Row":5,"Column":2,"Box":[144.0409,675.9527,432.0,18.0]},{"Row":5,"Column":3,"Box":[144.0409,1107.95276,64.0,18.0]},{"Row":6,"Column":0,"Box":[162.0409,600.5022,39.4505,18.0]},{"Row":6,"Column":1,"Box":[162.0409,639.9527,36.0,18.0]},{"Row":6,"Column":2,"Box":[162.0409,675.9527,432.0,18.0]},{"Row":6,"Column":3,"Box":[162.0409,1107.95276,64.0,18.0]},{"Row":7,"Column":0,"Box":[180.0409,600.5022,39.4505,6.1051]},{"Row":7,"Column":1,"Box":[180.0409,639.9527,36.0,6.1051]},{"Row":7,"Column":2,"Box":[180.0409,675.9527,432.0,6.1051]},{"Row":7,"Column":3,"Box":[180.0409,1107.95276,64.0,6.1051]}]}]}],"AnchorBasedConfiguration":{"AnchorBasedFieldConfiguration":[]}}