{"DocumentTypeId":"BomPDF.BomTable.BomTableDataFormat","FormId":"a500fed1","FormName":"Temp_3A_6","OriginalFileExtension":"pdf","Pages":[{"Page":0,"Size":[0.0,0.0,792.0,612.0],"SkewAngle":0.0,"Evidence":[{"Text":"BILL","Box":[40.0,530.6667,22.9334,9.8667]},{"Text":"OF","Box":[40.0,561.8666,10.6668,9.8667]},{"Text":"MATERIAL","Box":[37.8667,581.0667,48.2666,12.0]},{"Text":"ITEM","Box":[58.4,414.6667,18.4,8.2667]},{"Text":"OTY","Box":[59.2,451.2,14.6666,7.4667]},{"Text":"DESCRIPTION","Box":[58.6667,547.4667,57.3333,8.5333]},{"Text":"PART","Box":[58.9333,686.9333,19.4667,7.4667]},{"Text":"NUMBER","Box":[58.4,713.8666,30.4001,9.0667]}],"Fields":[],"Tables":[{"FieldId":"BomPDF.BomTable.BomTableDataFormat.ExtractedTable","Headers":[{"FieldId":"BomPDF.BomTable.BomTableDataFormat.ExtractedTable.ITEM","Box":[0.0,0.0,0.0,0.0]},{"FieldId":"BomPDF.BomTable.BomTableDataFormat.ExtractedTable.QTY","Box":[0.0,0.0,0.0,0.0]},{"FieldId":"BomPDF.BomTable.BomTableDataFormat.ExtractedTable.DESCRIPTION","Box":[0.0,0.0,0.0,0.0]},{"FieldId":"BomPDF.BomTable.BomTableDataFormat.ExtractedTable.PARTNUMBER","Box":[0.0,0.0,0.0,0.0]},{"FieldId":"BomPDF.BomTable.BomTableDataFormat.ExtractedTable.REVISION","Box":[0.0,0.0,0.0,0.0]}],"Cells":[{"Row":0,"Column":0,"Box":[68.2805,403.9328,38.2384,4.2384]},{"Row":0,"Column":1,"Box":[68.2805,442.1712,36.0,4.2384]},{"Row":0,"Column":2,"Box":[68.2805,478.1712,198.0,4.2384]},{"Row":0,"Column":3,"Box":[68.2805,676.1712,77.6174,4.2384]},{"Row":1,"Column":0,"Box":[72.5189,403.9328,38.2384,18.0]},{"Row":1,"Column":1,"Box":[72.5189,442.1712,36.0,18.0]},{"Row":1,"Column":2,"Box":[72.5189,478.1712,198.0,18.0]},{"Row":1,"Column":3,"Box":[72.5189,676.1712,77.6174,18.0]},{"Row":2,"Column":0,"Box":[90.5189,403.9328,38.2384,18.0]},{"Row":2,"Column":1,"Box":[90.5189,442.1712,36.0,18.0]},{"Row":2,"Column":2,"Box":[90.5189,478.1712,198.0,18.0]},{"Row":2,"Column":3,"Box":[90.5189,676.1712,77.6174,18.0]},{"Row":3,"Column":0,"Box":[108.5189,403.9328,38.2384,18.0]},{"Row":3,"Column":1,"Box":[108.5189,442.1712,36.0,18.0]},{"Row":3,"Column":2,"Box":[108.5189,478.1712,198.0,18.0]},{"Row":3,"Column":3,"Box":[108.5189,676.1712,77.6174,18.0]},{"Row":4,"Column":0,"Box":[126.5189,403.9328,38.2384,18.0]},{"Row":4,"Column":1,"Box":[126.5189,442.1712,36.0,18.0]},{"Row":4,"Column":2,"Box":[126.5189,478.1712,198.0,18.0]},{"Row":4,"Column":3,"Box":[126.5189,676.1712,77.6174,18.0]},{"Row":5,"Column":0,"Box":[144.5189,403.9328,38.2384,18.0]},{"Row":5,"Column":1,"Box":[144.5189,442.1712,36.0,18.0]},{"Row":5,"Column":2,"Box":[144.5189,478.1712,198.0,18.0]},{"Row":5,"Column":3,"Box":[144.5189,676.1712,77.6174,18.0]},{"Row":6,"Column":0,"Box":[162.5189,403.9328,38.2384,16.0]},{"Row":6,"Column":1,"Box":[162.5189,442.1712,36.0,16.0]},{"Row":6,"Column":2,"Box":[162.5189,478.1712,198.0,16.0]},{"Row":6,"Column":3,"Box":[162.5189,676.1712,77.6174,16.0]},{"Row":7,"Column":0,"Box":[178.5189,403.9328,38.2384,3.1237]},{"Row":7,"Column":1,"Box":[178.5189,442.1712,36.0,3.1237]},{"Row":7,"Column":2,"Box":[178.5189,478.1712,198.0,3.1237]},{"Row":7,"Column":3,"Box":[178.5189,676.1712,77.6174,3.1237]}]}]}],"AnchorBasedConfiguration":{"AnchorBasedFieldConfiguration":[]}}