{"DocumentTypeId":"BomPDF.BomTable.BomTableDataFormat","FormId":"9101e1a2","FormName":"Temp_3A_7","OriginalFileExtension":"pdf","Pages":[{"Page":0,"Size":[0.0,0.0,1224.0,792.0],"SkewAngle":0.0,"Evidence":[{"Text":"BILL","Box":[37.4077,963.3236,28.08,19.9017]},{"Text":"OF","Box":[37.4077,998.4236,14.04,19.9017]},{"Text":"MATERIAL","Box":[37.4077,1019.48358,56.16,19.9017]},{"Text":"ITEM","Box":[57.2691,852.1994,24.0685,14.9263]},{"Text":"QTY","Box":[57.2691,882.208,18.0513,14.9263]},{"Text":"DESCRIPTION","Box":[57.2691,979.6394,66.1885,14.9263]},{"Text":"PART","Box":[57.2691,1121.38928,24.0685,14.9263]},{"Text":"NUMBER","Box":[57.2691,1151.475,36.1027,14.9263]}],"Fields":[],"Tables":[{"FieldId":"BomPDF.BomTable.BomTableDataFormat.ExtractedTable","Headers":[{"FieldId":"BomPDF.BomTable.BomTableDataFormat.ExtractedTable.ITEM","Box":[0.0,0.0,0.0,0.0]},{"FieldId":"BomPDF.BomTable.BomTableDataFormat.ExtractedTable.QTY","Box":[0.0,0.0,0.0,0.0]},{"FieldId":"BomPDF.BomTable.BomTableDataFormat.ExtractedTable.DESCRIPTION","Box":[0.0,0.0,0.0,0.0]},{"FieldId":"BomPDF.BomTable.BomTableDataFormat.ExtractedTable.PARTNUMBER","Box":[0.0,0.0,0.0,0.0]},{"FieldId":"BomPDF.BomTable.BomTableDataFormat.ExtractedTable.REVISION","Box":[0.0,0.0,0.0,0.0]}],"Cells":[{"Row":0,"Column":0,"Box":[72.0914,849.1474,27.957,2.957]},{"Row":0,"Column":1,"Box":[72.0914,877.1043,27.0,2.957]},{"Row":0,"Column":2,"Box":[72.0914,904.1043,216.0,2.957]},{"Row":0,"Column":3,"Box":[72.0914,1120.10425,68.0,2.957]},{"Row":1,"Column":0,"Box":[75.0484,849.1474,27.957,14.0]},{"Row":1,"Column":1,"Box":[75.0484,877.1043,27.0,14.0]},{"Row":1,"Column":2,"Box":[75.0484,904.1043,216.0,14.0]},{"Row":1,"Column":3,"Box":[75.0484,1120.10425,68.0,14.0]},{"Row":2,"Column":0,"Box":[89.0484,849.1474,27.957,18.0]},{"Row":2,"Column":1,"Box":[89.0484,877.1043,27.0,18.0]},{"Row":2,"Column":2,"Box":[89.0484,904.1043,216.0,18.0]},{"Row":2,"Column":3,"Box":[89.0484,1120.10425,68.0,18.0]},{"Row":3,"Column":0,"Box":[107.0484,849.1474,27.957,18.0]},{"Row":3,"Column":1,"Box":[107.0484,877.1043,27.0,18.0]},{"Row":3,"Column":2,"Box":[107.0484,904.1043,216.0,18.0]},{"Row":3,"Column":3,"Box":[107.0484,1120.10425,68.0,18.0]},{"Row":4,"Column":0,"Box":[125.0484,849.1474,27.957,4.142]},{"Row":4,"Column":1,"Box":[125.0484,877.1043,27.0,4.142]},{"Row":4,"Column":2,"Box":[125.0484,904.1043,216.0,4.142]},{"Row":4,"Column":3,"Box":[125.0484,1120.10425,68.0,4.142]}]}]}],"AnchorBasedConfiguration":{"AnchorBasedFieldConfiguration":[]}}