{"DocumentTypeId":"BomPDF.BomTable.BomTableDataFormat","FormId":"03897a5d","FormName":"Temp_4A_1","OriginalFileExtension":"pdf","Pages":[{"Page":0,"Size":[0.0,0.0,1584.0,1224.0],"SkewAngle":0.0,"Evidence":[{"Text":"BILL","Box":[318.1741,1216.91235,35.1,24.8771]},{"Text":"OF","Box":[318.1741,1260.78735,17.55,24.8771]},{"Text":"MATERIAL","Box":[318.1741,1287.11243,70.2,24.8771]},{"Text":"ITEM","Box":[340.674,1055.3623,35.1,24.8771]},{"Text":"QTY.","Box":[340.674,1100.36243,35.1,24.8771]},{"Text":"PART","Box":[340.674,1145.3623,35.1,24.8771]},{"Text":"NO.","Box":[340.674,1189.2373,26.325,24.8771]},{"Text":"DESCRIPTION","Box":[340.674,1239.8623,96.525,24.8771]},{"Text":"REV.","Box":[340.674,1527.86243,35.1,24.8771]}],"Fields":[],"Tables":[{"FieldId":"BomPDF.BomTable.BomTableDataFormat.ExtractedTable","Headers":[{"FieldId":"BomPDF.BomTable.BomTableDataFormat.ExtractedTable.ITEM","Box":[0.0,0.0,0.0,0.0]},{"FieldId":"BomPDF.BomTable.BomTableDataFormat.ExtractedTable.QTY","Box":[0.0,0.0,0.0,0.0]},{"FieldId":"BomPDF.BomTable.BomTableDataFormat.ExtractedTable.DESCRIPTION","Box":[0.0,0.0,0.0,0.0]},{"FieldId":"BomPDF.BomTable.BomTableDataFormat.ExtractedTable.PARTNUMBER","Box":[0.0,0.0,0.0,0.0]},{"FieldId":"BomPDF.BomTable.BomTableDataFormat.ExtractedTable.REVISION","Box":[0.0,0.0,0.0,0.0]}],"Cells":[{"Row":0,"Column":0,"Box":[362.773,1051.27917,44.6341,1.6341]},{"Row":0,"Column":1,"Box":[362.773,1095.91333,45.0,1.6341]},{"Row":0,"Column":2,"Box":[362.773,1235.91333,284.901,1.6341]},{"Row":0,"Column":3,"Box":[362.773,1140.91333,95.0,1.6341]},{"Row":0,"Column":4,"Box":[362.773,1520.81433,54.4704,1.6341]},{"Row":1,"Column":0,"Box":[364.4072,1051.27917,44.6341,20.0]},{"Row":1,"Column":1,"Box":[364.4072,1095.91333,45.0,20.0]},{"Row":1,"Column":2,"Box":[364.4072,1235.91333,284.901,20.0]},{"Row":1,"Column":3,"Box":[364.4072,1140.91333,95.0,20.0]},{"Row":1,"Column":4,"Box":[364.4072,1520.81433,54.4704,20.0]},{"Row":2,"Column":0,"Box":[384.4072,1051.27917,44.6341,23.0]},{"Row":2,"Column":1,"Box":[384.4072,1095.91333,45.0,23.0]},{"Row":2,"Column":2,"Box":[384.4072,1235.91333,284.901,23.0]},{"Row":2,"Column":3,"Box":[384.4072,1140.91333,95.0,23.0]},{"Row":2,"Column":4,"Box":[384.4072,1520.81433,54.4704,23.0]},{"Row":3,"Column":0,"Box":[407.4072,1051.27917,44.6341,22.0]},{"Row":3,"Column":1,"Box":[407.4072,1095.91333,45.0,22.0]},{"Row":3,"Column":2,"Box":[407.4072,1235.91333,284.901,22.0]},{"Row":3,"Column":3,"Box":[407.4072,1140.91333,95.0,22.0]},{"Row":3,"Column":4,"Box":[407.4072,1520.81433,54.4704,22.0]},{"Row":4,"Column":0,"Box":[429.4072,1051.27917,44.6341,23.0]},{"Row":4,"Column":1,"Box":[429.4072,1095.91333,45.0,23.0]},{"Row":4,"Column":2,"Box":[429.4072,1235.91333,284.901,23.0]},{"Row":4,"Column":3,"Box":[429.4072,1140.91333,95.0,23.0]},{"Row":4,"Column":4,"Box":[429.4072,1520.81433,54.4704,23.0]},{"Row":5,"Column":0,"Box":[452.4072,1051.27917,44.6341,5.6891]},{"Row":5,"Column":1,"Box":[452.4072,1095.91333,45.0,5.6891]},{"Row":5,"Column":2,"Box":[452.4072,1235.91333,284.901,5.6891]},{"Row":5,"Column":3,"Box":[452.4072,1140.91333,95.0,5.6891]},{"Row":5,"Column":4,"Box":[452.4072,1520.81433,54.4704,5.6891]}]}]}],"AnchorBasedConfiguration":{"AnchorBasedFieldConfiguration":[]}}