{"DocumentId":"70004290_drw","ContentType":"application/pdf","Length":1978,"Pages":[{"PageIndex":0,"Size":[0.0,0.0,1584.0,1224.0],"Sections":[{"IndexInText":0,"Language":"eng","Length":14,"Rotation":"None","SkewAngle":0.0,"Type":"Paragraph","WordGroups":[{"IndexInText":0,"Length":14,"Type":"Heading","Words":[{"Box":[51.0896,94.6397,27.5184,11.145],"Polygon":[94.6397,51.0896,122.1581,51.0896,122.1581,62.2346,94.6397,62.2346],"IndexInText":0,"OcrConfidence":1.0,"Text":"DRAWING","VisualLineNumber":0},{"Box":[51.0896,126.0893,23.5872,11.145],"Polygon":[126.0893,51.0896,149.6765,51.0896,149.6765,62.2346,126.0893,62.2346],"IndexInText":8,"OcrConfidence":1.0,"Text":"NUMBER","VisualLineNumber":0}]}]},{"IndexInText":16,"Language":"eng","Length":9,"Rotation":"None","SkewAngle":0.0,"Type":"Paragraph","WordGroups":[{"IndexInText":16,"Length":9,"Type":"Other","Words":[{"Box":[47.3887,1275.73315,78.975,24.8771],"Polygon":[1275.73315,47.3887,1354.70825,47.3887,1354.70825,72.2658,1275.73315,72.2658],"IndexInText":16,"OcrConfidence":1.0,"Text":"REVISIONS","VisualLineNumber":0}]}]},{"IndexInText":27,"Language":"bul","Length":8,"Rotation":"None","SkewAngle":0.0,"Type":"Header","WordGroups":[{"IndexInText":27,"Length":8,"Type":"Other","Words":[{"Box":[61.072,87.0581,70.2,24.8771],"Polygon":[87.0581,61.072,157.2581,61.072,157.2581,85.9491,87.0581,85.9491],"IndexInText":27,"OcrConfidence":1.0,"Text":"70004290","VisualLineNumber":1}]}]},{"IndexInText":37,"Language":"ron","Length":8,"Rotation":"None","SkewAngle":0.0,"Type":"Paragraph","WordGroups":[{"IndexInText":37,"Length":8,"Type":"Other","Words":[{"Box":[65.3887,1063.81,26.325,24.8771],"Polygon":[1063.81,65.3887,1090.13513,65.3887,1090.13513,90.2658,1063.81,90.2658],"IndexInText":37,"OcrConfidence":1.0,"Text":"REV","VisualLineNumber":1},{"Box":[65.3887,1127.98462,35.1,24.8771],"Polygon":[1127.98462,65.3887,1163.08459,65.3887,1163.08459,90.2658,1127.98462,90.2658],"IndexInText":41,"OcrConfidence":1.0,"Text":"DATE","VisualLineNumber":1}]}]},{"IndexInText":47,"Language":"eng","Length":6,"Rotation":"None","SkewAngle":0.0,"Type":"Paragraph","WordGroups":[{"IndexInText":47,"Length":6,"Type":"Other","Words":[{"Box":[65.3887,1297.94958,52.65,24.8771],"Polygon":[1297.94958,65.3887,1350.59961,65.3887,1350.59961,90.2658,1297.94958,90.2658],"IndexInText":47,"OcrConfidence":1.0,"Text":"CHANGE","VisualLineNumber":1}]}]},{"IndexInText":55,"Language":"dan","Length":6,"Rotation":"None","SkewAngle":0.0,"Type":"Paragraph","WordGroups":[{"IndexInText":55,"Length":6,"Type":"Other","Words":[{"Box":[65.3887,1479.33557,17.55,24.8771],"Polygon":[1479.33557,65.3887,1496.88562,65.3887,1496.88562,90.2658,1479.33557,90.2658],"IndexInText":55,"OcrConfidence":1.0,"Text":"BY","VisualLineNumber":1},{"Box":[65.3887,1534.456,26.325,24.8771],"Polygon":[1534.456,65.3887,1560.781,65.3887,1560.781,90.2658,1534.456,90.2658],"IndexInText":58,"OcrConfidence":1.0,"Text":"ER#","VisualLineNumber":1}]}]},{"IndexInText":63,"Language":"eng","Length":604,"Rotation":"None","SkewAngle":0.0,"Type":"Table","WordGroups":[{"IndexInText":63,"Length":8,"Type":"TableCell","Words":[{"Box":[83.3886,1072.58508,8.775,24.8771],"Polygon":[1072.58508,83.3886,1081.36011,83.3886,1081.36011,108.2657,1072.58508,108.2657],"IndexInText":63,"OcrConfidence":1.0,"Text":"0","VisualLineNumber":2},{"Box":[83.3886,1119.20959,52.65,24.8771],"Polygon":[1119.20959,83.3886,1171.85962,83.3886,1171.85962,108.2657,1119.20959,108.2657],"IndexInText":65,"OcrConfidence":1.0,"Text":"3/1/94","VisualLineNumber":2}]},{"IndexInText":76,"Length":22,"Type":"TableCell","Words":[{"Box":[83.3886,1227.74963,61.425,24.8771],"Polygon":[1227.74963,83.3886,1289.17456,83.3886,1289.17456,108.2657,1227.74963,108.2657],"IndexInText":76,"OcrConfidence":1.0,"Text":"RELEASE","VisualLineNumber":2},{"Box":[83.3886,1297.94958,26.325,24.8771],"Polygon":[1297.94958,83.3886,1324.27466,83.3886,1324.27466,108.2657,1297.94958,108.2657],"IndexInText":84,"OcrConfidence":1.0,"Text":"FOR","VisualLineNumber":2},{"Box":[83.3886,1333.04956,87.75,24.8771],"Polygon":[1333.04956,83.3886,1420.79956,83.3886,1420.79956,108.2657,1333.04956,108.2657],"IndexInText":88,"OcrConfidence":1.0,"Text":"PRODUCTION","VisualLineNumber":2}]},{"IndexInText":105,"Length":3,"Type":"TableCell","Words":[{"Box":[83.3886,1474.94812,26.325,24.8771],"Polygon":[1474.94812,83.3886,1501.27307,83.3886,1501.27307,108.2657,1474.94812,108.2657],"IndexInText":105,"OcrConfidence":1.0,"Text":"DEJ","VisualLineNumber":2}]},{"IndexInText":111,"Length":5,"Type":"TableRowEnd","Words":[{"Box":[83.3886,1525.68115,43.875,24.8771],"Polygon":[1525.68115,83.3886,1569.55615,83.3886,1569.55615,108.2657,1525.68115,108.2657],"IndexInText":111,"OcrConfidence":1.0,"Text":"94502","VisualLineNumber":2}]},{"IndexInText":118,"Length":9,"Type":"TableCell","Words":[{"Box":[101.3886,1072.58508,8.775,24.8771],"Polygon":[1072.58508,101.3886,1081.36011,101.3886,1081.36011,126.2657,1072.58508,126.2657],"IndexInText":118,"OcrConfidence":1.0,"Text":"1","VisualLineNumber":3},{"Box":[101.3886,1114.82214,61.425,24.8771],"Polygon":[1114.82214,101.3886,1176.24707,101.3886,1176.24707,126.2657,1114.82214,126.2657],"IndexInText":120,"OcrConfidence":1.0,"Text":"6/24/94","VisualLineNumber":3}]},{"IndexInText":131,"Length":12,"Type":"TableCell","Words":[{"Box":[101.3886,1271.62463,26.325,24.8771],"Polygon":[1271.62463,101.3886,1297.94958,101.3886,1297.94958,126.2657,1271.62463,126.2657],"IndexInText":131,"OcrConfidence":1.0,"Text":"SEE","VisualLineNumber":3},{"Box":[101.3886,1306.72461,70.2,24.8771],"Polygon":[1306.72461,101.3886,1376.92456,101.3886,1376.92456,126.2657,1306.72461,126.2657],"IndexInText":135,"OcrConfidence":1.0,"Text":"70004291","VisualLineNumber":3}]},{"IndexInText":160,"Length":3,"Type":"TableCell","Words":[{"Box":[101.3886,1474.94812,26.325,24.8771],"Polygon":[1474.94812,101.3886,1501.27307,101.3886,1501.27307,126.2657,1474.94812,126.2657],"IndexInText":160,"OcrConfidence":1.0,"Text":"CEU","VisualLineNumber":3}]},{"IndexInText":166,"Length":5,"Type":"TableRowEnd","Words":[{"Box":[101.3886,1525.68115,43.875,24.8771],"Polygon":[1525.68115,101.3886,1569.55615,101.3886,1569.55615,126.2657,1525.68115,126.2657],"IndexInText":166,"OcrConfidence":1.0,"Text":"94585","VisualLineNumber":3}]},{"IndexInText":173,"Length":8,"Type":"TableCell","Words":[{"Box":[119.3886,1072.58508,8.775,24.8771],"Polygon":[1072.58508,119.3886,1081.36011,119.3886,1081.36011,144.2657,1072.58508,144.2657],"IndexInText":173,"OcrConfidence":1.0,"Text":"2","VisualLineNumber":4},{"Box":[119.3886,1119.20959,52.65,24.8771],"Polygon":[1119.20959,119.3886,1171.85962,119.3886,1171.85962,144.2657,1119.20959,144.2657],"IndexInText":175,"OcrConfidence":1.0,"Text":"7/5/94","VisualLineNumber":4}]},{"IndexInText":186,"Length":12,"Type":"TableCell","Words":[{"Box":[119.3886,1271.62463,26.325,24.8771],"Polygon":[1271.62463,119.3886,1297.94958,119.3886,1297.94958,144.2657,1271.62463,144.2657],"IndexInText":186,"OcrConfidence":1.0,"Text":"SEE","VisualLineNumber":4},{"Box":[119.3886,1306.72461,70.2,24.8771],"Polygon":[1306.72461,119.3886,1376.92456,119.3886,1376.92456,144.2657,1306.72461,144.2657],"IndexInText":190,"OcrConfidence":1.0,"Text":"70004291","VisualLineNumber":4}]},{"IndexInText":215,"Length":3,"Type":"TableCell","Words":[{"Box":[119.3886,1474.94812,26.325,24.8771],"Polygon":[1474.94812,119.3886,1501.27307,119.3886,1501.27307,144.2657,1474.94812,144.2657],"IndexInText":215,"OcrConfidence":1.0,"Text":"DEJ","VisualLineNumber":4}]},{"IndexInText":221,"Length":5,"Type":"TableRowEnd","Words":[{"Box":[119.3886,1525.68115,43.875,24.8771],"Polygon":[1525.68115,119.3886,1569.55615,119.3886,1569.55615,144.2657,1525.68115,144.2657],"IndexInText":221,"OcrConfidence":1.0,"Text":"94594","VisualLineNumber":4}]},{"IndexInText":228,"Length":9,"Type":"TableCell","Words":[{"Box":[137.3886,1072.58508,8.775,24.8771],"Polygon":[1072.58508,137.3886,1081.36011,137.3886,1081.36011,162.2657,1072.58508,162.2657],"IndexInText":228,"OcrConfidence":1.0,"Text":"3","VisualLineNumber":5},{"Box":[137.3886,1114.82214,61.425,24.8771],"Polygon":[1114.82214,137.3886,1176.24707,137.3886,1176.24707,162.2657,1114.82214,162.2657],"IndexInText":230,"OcrConfidence":1.0,"Text":"7/14/94","VisualLineNumber":5}]},{"IndexInText":241,"Length":12,"Type":"TableCell","Words":[{"Box":[137.3886,1271.62463,26.325,24.8771],"Polygon":[1271.62463,137.3886,1297.94958,137.3886,1297.94958,162.2657,1271.62463,162.2657],"IndexInText":241,"OcrConfidence":1.0,"Text":"SEE","VisualLineNumber":5},{"Box":[137.3886,1306.72461,70.2,24.8771],"Polygon":[1306.72461,137.3886,1376.92456,137.3886,1376.92456,162.2657,1306.72461,162.2657],"IndexInText":245,"OcrConfidence":1.0,"Text":"70004291","VisualLineNumber":5}]},{"IndexInText":270,"Length":3,"Type":"TableCell","Words":[{"Box":[137.3886,1474.94812,26.325,24.8771],"Polygon":[1474.94812,137.3886,1501.27307,137.3886,1501.27307,162.2657,1474.94812,162.2657],"IndexInText":270,"OcrConfidence":1.0,"Text":"LRA","VisualLineNumber":5}]},{"IndexInText":276,"Length":5,"Type":"TableRowEnd","Words":[{"Box":[137.3886,1525.68115,43.875,24.8771],"Polygon":[1525.68115,137.3886,1569.55615,137.3886,1569.55615,162.2657,1525.68115,162.2657],"IndexInText":276,"OcrConfidence":1.0,"Text":"94602","VisualLineNumber":5}]},{"IndexInText":283,"Length":8,"Type":"TableCell","Words":[{"Box":[155.3886,1072.58508,8.775,24.8771],"Polygon":[1072.58508,155.3886,1081.36011,155.3886,1081.36011,180.2657,1072.58508,180.2657],"IndexInText":283,"OcrConfidence":1.0,"Text":"4","VisualLineNumber":6},{"Box":[155.3886,1119.20959,52.65,24.8771],"Polygon":[1119.20959,155.3886,1171.85962,155.3886,1171.85962,180.2657,1119.20959,180.2657],"IndexInText":285,"OcrConfidence":1.0,"Text":"8/8/94","VisualLineNumber":6}]},{"IndexInText":296,"Length":12,"Type":"TableCell","Words":[{"Box":[155.3886,1271.62463,26.325,24.8771],"Polygon":[1271.62463,155.3886,1297.94958,155.3886,1297.94958,180.2657,1271.62463,180.2657],"IndexInText":296,"OcrConfidence":1.0,"Text":"SEE","VisualLineNumber":6},{"Box":[155.3886,1306.72461,70.2,24.8771],"Polygon":[1306.72461,155.3886,1376.92456,155.3886,1376.92456,180.2657,1306.72461,180.2657],"IndexInText":300,"OcrConfidence":1.0,"Text":"70004292","VisualLineNumber":6}]},{"IndexInText":325,"Length":3,"Type":"TableCell","Words":[{"Box":[155.3886,1474.94812,26.325,24.8771],"Polygon":[1474.94812,155.3886,1501.27307,155.3886,1501.27307,180.2657,1474.94812,180.2657],"IndexInText":325,"OcrConfidence":1.0,"Text":"CEU","VisualLineNumber":6}]},{"IndexInText":331,"Length":5,"Type":"TableRowEnd","Words":[{"Box":[155.3886,1525.68115,43.875,24.8771],"Polygon":[1525.68115,155.3886,1569.55615,155.3886,1569.55615,180.2657,1525.68115,180.2657],"IndexInText":331,"OcrConfidence":1.0,"Text":"94623","VisualLineNumber":6}]},{"IndexInText":338,"Length":8,"Type":"TableCell","Words":[{"Box":[173.3887,1072.58508,8.775,24.8771],"Polygon":[1072.58508,173.3887,1081.36011,173.3887,1081.36011,198.2658,1072.58508,198.2658],"IndexInText":338,"OcrConfidence":1.0,"Text":"5","VisualLineNumber":7},{"Box":[173.3887,1119.20959,52.65,24.8771],"Polygon":[1119.20959,173.3887,1171.85962,173.3887,1171.85962,198.2658,1119.20959,198.2658],"IndexInText":340,"OcrConfidence":1.0,"Text":"8/8/95","VisualLineNumber":7}]},{"IndexInText":351,"Length":12,"Type":"TableCell","Words":[{"Box":[173.3887,1271.62463,26.325,24.8771],"Polygon":[1271.62463,173.3887,1297.94958,173.3887,1297.94958,198.2658,1271.62463,198.2658],"IndexInText":351,"OcrConfidence":1.0,"Text":"SEE","VisualLineNumber":7},{"Box":[173.3887,1306.72461,70.2,24.8771],"Polygon":[1306.72461,173.3887,1376.92456,173.3887,1376.92456,198.2658,1306.72461,198.2658],"IndexInText":355,"OcrConfidence":1.0,"Text":"70004291","VisualLineNumber":7}]},{"IndexInText":380,"Length":3,"Type":"TableCell","Words":[{"Box":[173.3887,1474.94812,26.325,24.8771],"Polygon":[1474.94812,173.3887,1501.27307,173.3887,1501.27307,198.2658,1474.94812,198.2658],"IndexInText":380,"OcrConfidence":1.0,"Text":"CEU","VisualLineNumber":7}]},{"IndexInText":386,"Length":5,"Type":"TableRowEnd","Words":[{"Box":[173.3887,1525.68115,43.875,24.8771],"Polygon":[1525.68115,173.3887,1569.55615,173.3887,1569.55615,198.2658,1525.68115,198.2658],"IndexInText":386,"OcrConfidence":1.0,"Text":"95772","VisualLineNumber":7}]},{"IndexInText":393,"Length":9,"Type":"TableCell","Words":[{"Box":[191.3887,1072.58508,8.775,24.8771],"Polygon":[1072.58508,191.3887,1081.36011,191.3887,1081.36011,216.2658,1072.58508,216.2658],"IndexInText":393,"OcrConfidence":1.0,"Text":"6","VisualLineNumber":8},{"Box":[191.3887,1114.82214,61.425,24.8771],"Polygon":[1114.82214,191.3887,1176.24707,191.3887,1176.24707,216.2658,1114.82214,216.2658],"IndexInText":395,"OcrConfidence":1.0,"Text":"5/18/98","VisualLineNumber":8}]},{"IndexInText":406,"Length":14,"Type":"TableCell","Words":[{"Box":[191.3887,1262.84961,61.425,24.8771],"Polygon":[1262.84961,191.3887,1324.27466,191.3887,1324.27466,216.2658,1262.84961,216.2658],"IndexInText":406,"OcrConfidence":1.0,"Text":"REVISED","VisualLineNumber":8},{"Box":[191.3887,1333.04956,35.1,24.8771],"Polygon":[1333.04956,191.3887,1368.14966,191.3887,1368.14966,216.2658,1333.04956,216.2658],"IndexInText":414,"OcrConfidence":1.0,"Text":"ITEM","VisualLineNumber":8},{"Box":[191.3887,1376.92456,8.775,24.8771],"Polygon":[1376.92456,191.3887,1385.69958,191.3887,1385.69958,216.2658,1376.92456,216.2658],"IndexInText":419,"OcrConfidence":1.0,"Text":"4","VisualLineNumber":8}]},{"IndexInText":435,"Length":3,"Type":"TableCell","Words":[{"Box":[191.3887,1474.94812,26.325,24.8771],"Polygon":[1474.94812,191.3887,1501.27307,191.3887,1501.27307,216.2658,1474.94812,216.2658],"IndexInText":435,"OcrConfidence":1.0,"Text":"SWS","VisualLineNumber":8}]},{"IndexInText":441,"Length":6,"Type":"TableRowEnd","Words":[{"Box":[191.3887,1521.29346,52.65,24.8771],"Polygon":[1521.29346,191.3887,1573.94348,191.3887,1573.94348,216.2658,1521.29346,216.2658],"IndexInText":441,"OcrConfidence":1.0,"Text":"R98060","VisualLineNumber":8}]},{"IndexInText":448,"Length":9,"Type":"TableCell","Words":[{"Box":[209.3887,1072.58508,8.775,24.8771],"Polygon":[1072.58508,209.3887,1081.36011,209.3887,1081.36011,234.2658,1072.58508,234.2658],"IndexInText":448,"OcrConfidence":1.0,"Text":"7","VisualLineNumber":9},{"Box":[209.3887,1114.82214,61.425,24.8771],"Polygon":[1114.82214,209.3887,1176.24707,209.3887,1176.24707,234.2658,1114.82214,234.2658],"IndexInText":450,"OcrConfidence":1.0,"Text":"1/20/99","VisualLineNumber":9}]},{"IndexInText":461,"Length":22,"Type":"TableCell","Words":[{"Box":[209.3887,1222.46216,61.425,24.8771],"Polygon":[1222.46216,209.3887,1283.88721,209.3887,1283.88721,234.2658,1222.46216,234.2658],"IndexInText":461,"OcrConfidence":1.0,"Text":"REVISED","VisualLineNumber":9},{"Box":[209.3887,1292.66223,35.1,24.8771],"Polygon":[1292.66223,209.3887,1327.76221,209.3887,1327.76221,234.2658,1292.66223,234.2658],"IndexInText":469,"OcrConfidence":1.0,"Text":"ITEM","VisualLineNumber":9},{"Box":[209.3887,1336.53723,8.775,24.8771],"Polygon":[1336.53723,209.3887,1345.31226,209.3887,1345.31226,234.2658,1336.53723,234.2658],"IndexInText":474,"OcrConfidence":1.0,"Text":"3","VisualLineNumber":9},{"Box":[209.3887,1356.67456,8.775,24.8771],"Polygon":[1356.67456,209.3887,1365.44946,209.3887,1365.44946,234.2658,1356.67456,234.2658],"IndexInText":476,"OcrConfidence":1.0,"Text":"&","VisualLineNumber":9},{"Box":[209.3887,1374.22449,43.875,24.8771],"Polygon":[1374.22449,209.3887,1418.09949,209.3887,1418.09949,234.2658,1374.22449,234.2658],"IndexInText":478,"OcrConfidence":1.0,"Text":"ADDED","VisualLineNumber":9}]},{"IndexInText":490,"Length":3,"Type":"TableCell","Words":[{"Box":[209.3887,1474.94812,26.325,24.8771],"Polygon":[1474.94812,209.3887,1501.27307,209.3887,1501.27307,234.2658,1474.94812,234.2658],"IndexInText":490,"OcrConfidence":1.0,"Text":"JAM","VisualLineNumber":9}]},{"IndexInText":496,"Length":6,"Type":"TableRowEnd","Words":[{"Box":[209.3887,1521.29346,52.65,24.8771],"Polygon":[1521.29346,209.3887,1573.94348,209.3887,1573.94348,234.2658,1521.29346,234.2658],"IndexInText":496,"OcrConfidence":1.0,"Text":"R99004","VisualLineNumber":9}]},{"IndexInText":503,"Length":1,"Type":"TableCell","Words":[{"Box":[0.0,0.0,0.0,0.0],"IndexInText":503,"OcrConfidence":1.0,"Text":" ","VisualLineNumber":-1}]},{"IndexInText":516,"Length":26,"Type":"TableCell","Words":[{"Box":[227.3887,1210.19958,52.65,24.8771],"Polygon":[1210.19958,227.3887,1262.84961,227.3887,1262.84961,252.2658,1210.19958,252.2658],"IndexInText":516,"OcrConfidence":1.0,"Text":"HANDLE","VisualLineNumber":10},{"Box":[227.3887,1271.62463,70.2,24.8771],"Polygon":[1271.62463,227.3887,1341.82458,227.3887,1341.82458,252.2658,1271.62463,252.2658],"IndexInText":523,"OcrConfidence":1.0,"Text":"LOCATION","VisualLineNumber":10},{"Box":[227.3887,1350.59961,87.75,24.8771],"Polygon":[1350.59961,227.3887,1438.34961,227.3887,1438.34961,252.2658,1350.59961,252.2658],"IndexInText":532,"OcrConfidence":1.0,"Text":"DIMENSIONS","VisualLineNumber":10}]},{"IndexInText":545,"Length":1,"Type":"TableCell","Words":[{"Box":[0.0,0.0,0.0,0.0],"IndexInText":545,"OcrConfidence":1.0,"Text":" ","VisualLineNumber":-1}]},{"IndexInText":551,"Length":1,"Type":"TableRowEnd","Words":[{"Box":[0.0,0.0,0.0,0.0],"IndexInText":551,"OcrConfidence":1.0,"Text":" ","VisualLineNumber":-1}]},{"IndexInText":558,"Length":9,"Type":"TableCell","Words":[{"Box":[245.3887,1072.58508,8.775,24.8771],"Polygon":[1072.58508,245.3887,1081.36011,245.3887,1081.36011,270.2658,1072.58508,270.2658],"IndexInText":558,"OcrConfidence":1.0,"Text":"8","VisualLineNumber":11},{"Box":[245.3887,1114.82214,61.425,24.8771],"Polygon":[1114.82214,245.3887,1176.24707,245.3887,1176.24707,270.2658,1114.82214,270.2658],"IndexInText":560,"OcrConfidence":1.0,"Text":"9/27/04","VisualLineNumber":11}]},{"IndexInText":571,"Length":11,"Type":"TableCell","Words":[{"Box":[245.3887,1276.01208,43.875,24.8771],"Polygon":[1276.01208,245.3887,1319.88708,245.3887,1319.88708,270.2658,1276.01208,270.2658],"IndexInText":571,"OcrConfidence":1.0,"Text":"ADDED","VisualLineNumber":11},{"Box":[245.3887,1328.66211,43.875,24.8771],"Polygon":[1328.66211,245.3887,1372.53711,245.3887,1372.53711,270.2658,1328.66211,270.2658],"IndexInText":577,"OcrConfidence":1.0,"Text":"NOTES","VisualLineNumber":11}]},{"IndexInText":600,"Length":3,"Type":"TableCell","Words":[{"Box":[245.3887,1474.94812,26.325,24.8771],"Polygon":[1474.94812,245.3887,1501.27307,245.3887,1501.27307,270.2658,1474.94812,270.2658],"IndexInText":600,"OcrConfidence":1.0,"Text":"MAP","VisualLineNumber":11}]},{"IndexInText":606,"Length":6,"Type":"TableRowEnd","Words":[{"Box":[245.3887,1521.29346,52.65,24.8771],"Polygon":[1521.29346,245.3887,1573.94348,245.3887,1573.94348,270.2658,1521.29346,270.2658],"IndexInText":606,"OcrConfidence":1.0,"Text":"R04460","VisualLineNumber":11}]},{"IndexInText":613,"Length":10,"Type":"TableCell","Words":[{"Box":[263.3887,1072.58508,8.775,24.8771],"Polygon":[1072.58508,263.3887,1081.36011,263.3887,1081.36011,288.2658,1072.58508,288.2658],"IndexInText":613,"OcrConfidence":1.0,"Text":"9","VisualLineNumber":12},{"Box":[263.3887,1110.43457,70.2,24.8771],"Polygon":[1110.43457,263.3887,1180.63464,263.3887,1180.63464,288.2658,1110.43457,288.2658],"IndexInText":615,"OcrConfidence":1.0,"Text":"10/20/09","VisualLineNumber":12}]},{"IndexInText":626,"Length":13,"Type":"TableCell","Words":[{"Box":[263.3887,1267.237,70.2,24.8771],"Polygon":[1267.237,263.3887,1337.43713,263.3887,1337.43713,288.2658,1267.237,288.2658],"IndexInText":626,"OcrConfidence":1.0,"Text":"OBSOLETE","VisualLineNumber":12},{"Box":[263.3887,1346.21216,35.1,24.8771],"Polygon":[1346.21216,263.3887,1381.31213,263.3887,1381.31213,288.2658,1346.21216,288.2658],"IndexInText":635,"OcrConfidence":1.0,"Text":"PART","VisualLineNumber":12}]},{"IndexInText":655,"Length":3,"Type":"TableCell","Words":[{"Box":[263.3887,1474.94812,26.325,24.8771],"Polygon":[1474.94812,263.3887,1501.27307,263.3887,1501.27307,288.2658,1474.94812,288.2658],"IndexInText":655,"OcrConfidence":1.0,"Text":"JRH","VisualLineNumber":12}]},{"IndexInText":661,"Length":6,"Type":"TableRowEnd","Words":[{"Box":[263.3887,1521.29346,52.65,24.8771],"Polygon":[1521.29346,263.3887,1573.94348,263.3887,1573.94348,288.2658,1521.29346,288.2658],"IndexInText":661,"OcrConfidence":1.0,"Text":"R09306","VisualLineNumber":12}]}]},{"IndexInText":669,"Language":"eng","Length":353,"Rotation":"None","SkewAngle":0.0,"Type":"Table","WordGroups":[{"IndexInText":669,"Length":1,"Type":"TableCell","Words":[{"Box":[0.0,0.0,0.0,0.0],"IndexInText":669,"OcrConfidence":1.0,"Text":" ","VisualLineNumber":-1}]},{"IndexInText":690,"Length":1,"Type":"TableCell","Words":[{"Box":[0.0,0.0,0.0,0.0],"IndexInText":690,"OcrConfidence":1.0,"Text":" ","VisualLineNumber":-1}]},{"IndexInText":703,"Length":16,"Type":"TableCell","Words":[{"Box":[318.1741,1216.91235,35.1,24.8771],"Polygon":[1216.91235,318.1741,1252.01245,318.1741,1252.01245,343.0512,1216.91235,343.0512],"IndexInText":703,"OcrConfidence":1.0,"Text":"BILL","VisualLineNumber":13},{"Box":[318.1741,1260.78735,17.55,24.8771],"Polygon":[1260.78735,318.1741,1278.3374,318.1741,1278.3374,343.0512,1260.78735,343.0512],"IndexInText":708,"OcrConfidence":1.0,"Text":"OF","VisualLineNumber":13},{"Box":[318.1741,1287.11243,70.2,24.8771],"Polygon":[1287.11243,318.1741,1357.31238,318.1741,1357.31238,343.0512,1287.11243,343.0512],"IndexInText":711,"OcrConfidence":1.0,"Text":"MATERIAL","VisualLineNumber":13}]},{"IndexInText":723,"Length":1,"Type":"TableRowEnd","Words":[{"Box":[0.0,0.0,0.0,0.0],"IndexInText":723,"OcrConfidence":1.0,"Text":" ","VisualLineNumber":-1}]},{"IndexInText":728,"Length":18,"Type":"TableCell","Words":[{"Box":[340.674,1055.3623,35.1,24.8771],"Polygon":[1055.3623,340.674,1090.46228,340.674,1090.46228,365.5511,1055.3623,365.5511],"IndexInText":728,"OcrConfidence":1.0,"Text":"ITEM","VisualLineNumber":14},{"Box":[340.674,1100.36243,35.1,24.8771],"Polygon":[1100.36243,340.674,1135.4624,340.674,1135.4624,365.5511,1100.36243,365.5511],"IndexInText":733,"OcrConfidence":1.0,"Text":"QTY.","VisualLineNumber":14},{"Box":[340.674,1145.3623,35.1,24.8771],"Polygon":[1145.3623,340.674,1180.46228,340.674,1180.46228,365.5511,1145.3623,365.5511],"IndexInText":738,"OcrConfidence":1.0,"Text":"PART","VisualLineNumber":14},{"Box":[340.674,1189.2373,26.325,24.8771],"Polygon":[1189.2373,340.674,1215.56226,340.674,1215.56226,365.5511,1189.2373,365.5511],"IndexInText":743,"OcrConfidence":1.0,"Text":"NO.","VisualLineNumber":14}]},{"IndexInText":749,"Length":1,"Type":"TableCell","Words":[{"Box":[0.0,0.0,0.0,0.0],"IndexInText":749,"OcrConfidence":1.0,"Text":" ","VisualLineNumber":-1}]},{"IndexInText":762,"Length":11,"Type":"TableCell","Words":[{"Box":[340.674,1239.8623,96.525,24.8771],"Polygon":[1239.8623,340.674,1336.38733,340.674,1336.38733,365.5511,1239.8623,365.5511],"IndexInText":762,"OcrConfidence":1.0,"Text":"DESCRIPTION","VisualLineNumber":14}]},{"IndexInText":782,"Length":4,"Type":"TableRowEnd","Words":[{"Box":[340.674,1527.86243,35.1,24.8771],"Polygon":[1527.86243,340.674,1562.9624,340.674,1562.9624,365.5511,1527.86243,365.5511],"IndexInText":782,"OcrConfidence":1.0,"Text":"REV.","VisualLineNumber":14}]},{"IndexInText":787,"Length":14,"Type":"TableCell","Words":[{"Box":[366.3111,961.1957,6.7392,19.1056],"Polygon":[961.1957,366.3111,967.9349,366.3111,967.9349,385.4167,961.1957,385.4167],"IndexInText":787,"OcrConfidence":1.0,"Text":"9","VisualLineNumber":15},{"Box":[366.2865,980.5753,6.7392,19.1056],"Polygon":[980.5753,366.2865,987.3145,366.2865,987.3145,385.3921,980.5753,385.3921],"IndexInText":789,"OcrConfidence":1.0,"Text":"55","VisualLineNumber":15},{"Box":[366.2865,999.2046,6.7392,19.1056],"Polygon":[999.2046,366.2865,1005.94379,366.2865,1005.94379,385.3921,999.2046,385.3921],"IndexInText":792,"OcrConfidence":1.0,"Text":"33","VisualLineNumber":15},{"Box":[366.0724,1018.04791,6.7392,19.1056],"Polygon":[1018.04791,366.0724,1024.78711,366.0724,1024.78711,385.178,1018.04791,385.178],"IndexInText":795,"OcrConfidence":1.0,"Text":"22","VisualLineNumber":15},{"Box":[366.0724,1036.89136,6.7392,19.1056],"Polygon":[1036.89136,366.0724,1043.63049,366.0724,1043.63049,385.178,1036.89136,385.178],"IndexInText":798,"OcrConfidence":1.0,"Text":"1","VisualLineNumber":15},{"Box":[363.174,1055.3623,8.775,24.8771],"Polygon":[1055.3623,363.174,1064.13733,363.174,1064.13733,388.0511,1055.3623,388.0511],"IndexInText":800,"OcrConfidence":1.0,"Text":"1","VisualLineNumber":15}]},{"IndexInText":808,"Length":10,"Type":"TableCell","Words":[{"Box":[363.174,1100.36243,8.775,24.8771],"Polygon":[1100.36243,363.174,1109.13745,363.174,1109.13745,388.0511,1100.36243,388.0511],"IndexInText":808,"OcrConfidence":1.0,"Text":"1","VisualLineNumber":15},{"Box":[363.174,1145.3623,70.2,24.8771],"Polygon":[1145.3623,363.174,1215.56226,363.174,1215.56226,388.0511,1145.3623,388.0511],"IndexInText":810,"OcrConfidence":1.0,"Text":"70004291","VisualLineNumber":15}]},{"IndexInText":821,"Length":17,"Type":"TableCell","Words":[{"Box":[363.174,1239.8623,52.65,24.8771],"Polygon":[1239.8623,363.174,1292.51233,363.174,1292.51233,388.0511,1239.8623,388.0511],"IndexInText":821,"OcrConfidence":1.0,"Text":"PANEL,","VisualLineNumber":15},{"Box":[363.174,1301.28735,87.75,24.8771],"Polygon":[1301.28735,363.174,1389.03735,363.174,1389.03735,388.0511,1301.28735,388.0511],"IndexInText":828,"OcrConfidence":1.0,"Text":"INSTRUMENT","VisualLineNumber":15}]},{"IndexInText":841,"Length":1,"Type":"TableRowEnd","Words":[{"Box":[363.174,1527.86243,8.775,24.8771],"Polygon":[1527.86243,363.174,1536.63745,363.174,1536.63745,388.0511,1527.86243,388.0511],"IndexInText":841,"OcrConfidence":1.0,"Text":"5","VisualLineNumber":15}]},{"IndexInText":846,"Length":6,"Type":"TableCell","Words":[{"Box":[389.7678,1017.00641,6.7392,19.1056],"Polygon":[1017.00641,389.7678,1023.74561,389.7678,1023.74561,408.8734,1017.00641,408.8734],"IndexInText":846,"OcrConfidence":1.0,"Text":"9","VisualLineNumber":16},{"Box":[390.0549,1037.10535,6.7392,19.1056],"Polygon":[1037.10535,390.0549,1043.8446,390.0549,1043.8446,409.1605,1037.10535,409.1605],"IndexInText":848,"OcrConfidence":1.0,"Text":"44","VisualLineNumber":16},{"Box":[385.674,1055.3623,8.775,24.8771],"Polygon":[1055.3623,385.674,1064.13733,385.674,1064.13733,410.5511,1055.3623,410.5511],"IndexInText":851,"OcrConfidence":1.0,"Text":"2","VisualLineNumber":16}]},{"IndexInText":867,"Length":10,"Type":"TableCell","Words":[{"Box":[385.674,1100.36243,8.775,24.8771],"Polygon":[1100.36243,385.674,1109.13745,385.674,1109.13745,410.5511,1100.36243,410.5511],"IndexInText":867,"OcrConfidence":1.0,"Text":"1","VisualLineNumber":16},{"Box":[385.674,1145.3623,70.2,24.8771],"Polygon":[1145.3623,385.674,1215.56226,385.674,1215.56226,410.5511,1145.3623,410.5511],"IndexInText":869,"OcrConfidence":1.0,"Text":"70004292","VisualLineNumber":16}]},{"IndexInText":880,"Length":5,"Type":"TableCell","Words":[{"Box":[385.674,1239.8623,43.875,24.8771],"Polygon":[1239.8623,385.674,1283.7373,385.674,1283.7373,410.5511,1239.8623,410.5511],"IndexInText":880,"OcrConfidence":1.0,"Text":"HINGE","VisualLineNumber":16}]},{"IndexInText":900,"Length":1,"Type":"TableRowEnd","Words":[{"Box":[385.674,1527.86243,8.775,24.8771],"Polygon":[1527.86243,385.674,1536.63745,385.674,1536.63745,410.5511,1527.86243,410.5511],"IndexInText":900,"OcrConfidence":1.0,"Text":"2","VisualLineNumber":16}]},{"IndexInText":905,"Length":6,"Type":"TableCell","Words":[{"Box":[412.4155,1018.62408,6.7392,19.1056],"Polygon":[1018.62408,412.4155,1025.36328,412.4155,1025.36328,431.5211,1018.62408,431.5211],"IndexInText":905,"OcrConfidence":1.0,"Text":"9","VisualLineNumber":17},{"Box":[412.547,1037.15759,6.7392,19.1056],"Polygon":[1037.15759,412.547,1043.89685,412.547,1043.89685,431.6526,1037.15759,431.6526],"IndexInText":907,"OcrConfidence":1.0,"Text":"77","VisualLineNumber":17},{"Box":[408.174,1055.3623,8.775,24.8771],"Polygon":[1055.3623,408.174,1064.13733,408.174,1064.13733,433.0511,1055.3623,433.0511],"IndexInText":910,"OcrConfidence":1.0,"Text":"3","VisualLineNumber":17}]},{"IndexInText":926,"Length":10,"Type":"TableCell","Words":[{"Box":[408.174,1100.36243,8.775,24.8771],"Polygon":[1100.36243,408.174,1109.13745,408.174,1109.13745,433.0511,1100.36243,433.0511],"IndexInText":926,"OcrConfidence":1.0,"Text":"1","VisualLineNumber":17},{"Box":[408.174,1145.3623,70.2,24.8771],"Polygon":[1145.3623,408.174,1215.56226,408.174,1215.56226,433.0511,1145.3623,433.0511],"IndexInText":928,"OcrConfidence":1.0,"Text":"70004293","VisualLineNumber":17}]},{"IndexInText":939,"Length":4,"Type":"TableCell","Words":[{"Box":[408.174,1239.8623,35.1,24.8771],"Polygon":[1239.8623,408.174,1274.96228,408.174,1274.96228,433.0511,1239.8623,433.0511],"IndexInText":939,"OcrConfidence":1.0,"Text":"DOOR","VisualLineNumber":17}]},{"IndexInText":959,"Length":1,"Type":"TableRowEnd","Words":[{"Box":[408.174,1527.86243,8.775,24.8771],"Polygon":[1527.86243,408.174,1536.63745,408.174,1536.63745,433.0511,1527.86243,433.0511],"IndexInText":959,"OcrConfidence":1.0,"Text":"3","VisualLineNumber":17}]},{"IndexInText":964,"Length":6,"Type":"TableCell","Words":[{"Box":[435.0634,1017.81531,6.7392,19.1056],"Polygon":[1017.81531,435.0634,1024.55444,435.0634,1024.55444,454.169,1017.81531,454.169],"IndexInText":964,"OcrConfidence":1.0,"Text":"9","VisualLineNumber":18},{"Box":[435.0219,1037.10535,6.7392,19.1056],"Polygon":[1037.10535,435.0219,1043.8446,435.0219,1043.8446,454.1275,1037.10535,454.1275],"IndexInText":966,"OcrConfidence":1.0,"Text":"66","VisualLineNumber":18},{"Box":[430.6739,1055.3623,8.775,24.8771],"Polygon":[1055.3623,430.6739,1064.13733,430.6739,1064.13733,455.551,1055.3623,455.551],"IndexInText":969,"OcrConfidence":1.0,"Text":"4","VisualLineNumber":18}]},{"IndexInText":985,"Length":10,"Type":"TableCell","Words":[{"Box":[430.6739,1100.36243,8.775,24.8771],"Polygon":[1100.36243,430.6739,1109.13745,430.6739,1109.13745,455.551,1100.36243,455.551],"IndexInText":985,"OcrConfidence":1.0,"Text":"1","VisualLineNumber":18},{"Box":[430.6739,1145.3623,70.2,24.8771],"Polygon":[1145.3623,430.6739,1215.56226,430.6739,1215.56226,455.551,1145.3623,455.551],"IndexInText":987,"OcrConfidence":1.0,"Text":"70004294","VisualLineNumber":18}]},{"IndexInText":998,"Length":6,"Type":"TableCell","Words":[{"Box":[430.6739,1239.8623,52.65,24.8771],"Polygon":[1239.8623,430.6739,1292.51233,430.6739,1292.51233,455.551,1239.8623,455.551],"IndexInText":998,"OcrConfidence":1.0,"Text":"HANDLE","VisualLineNumber":18}]},{"IndexInText":1018,"Length":1,"Type":"TableRowEnd","Words":[{"Box":[430.6739,1527.86243,8.775,24.8771],"Polygon":[1527.86243,430.6739,1536.63745,430.6739,1536.63745,455.551,1527.86243,455.551],"IndexInText":1018,"OcrConfidence":1.0,"Text":"3","VisualLineNumber":18}]}]},{"IndexInText":1024,"Language":"eng","Length":4,"Rotation":"None","SkewAngle":0.0,"Type":"Paragraph","WordGroups":[{"IndexInText":1024,"Length":4,"Type":"Other","Words":[{"Box":[463.7595,426.0361,35.1,24.8771],"Polygon":[426.0361,463.7595,461.1361,463.7595,461.1361,488.6366,426.0361,488.6366],"IndexInText":1024,"OcrConfidence":1.0,"Text":"6.09","VisualLineNumber":19}]}]},{"IndexInText":1030,"Language":"eng","Length":3,"Rotation":"None","SkewAngle":0.0,"Type":"Paragraph","WordGroups":[{"IndexInText":1030,"Length":3,"Type":"Other","Words":[{"Box":[492.3518,388.9668,26.325,24.8771],"Polygon":[388.9668,492.3518,415.2918,492.3518,415.2918,517.2289,388.9668,517.2289],"IndexInText":1030,"OcrConfidence":1.0,"Text":".25","VisualLineNumber":20}]}]},{"IndexInText":1035,"Language":"eng","Length":30,"Rotation":"None","SkewAngle":0.0,"Type":"Paragraph","WordGroups":[{"IndexInText":1035,"Length":30,"Type":"Heading","Words":[{"Box":[554.7105,624.2865,35.1,24.8771],"Polygon":[624.2865,554.7105,659.3865,554.7105,659.3865,579.5876,624.2865,579.5876],"IndexInText":1035,"OcrConfidence":1.0,"Text":"SKIP","VisualLineNumber":21},{"Box":[554.7105,668.1615,35.1,24.8771],"Polygon":[668.1615,554.7105,703.2615,554.7105,703.2615,579.5876,668.1615,579.5876],"IndexInText":1040,"OcrConfidence":1.0,"Text":"WELD","VisualLineNumber":21},{"Box":[571.5855,624.2865,35.1,24.8771],"Polygon":[624.2865,571.5855,659.3865,571.5855,659.3865,596.4626,624.2865,596.4626],"IndexInText":1045,"OcrConfidence":1.0,"Text":"BOTH","VisualLineNumber":22},{"Box":[571.5855,668.1615,52.65,24.8771],"Polygon":[668.1615,571.5855,720.8115,571.5855,720.8115,596.4626,668.1615,596.4626],"IndexInText":1050,"OcrConfidence":1.0,"Text":"HALVES","VisualLineNumber":22},{"Box":[571.5855,729.5865,17.55,24.8771],"Polygon":[729.5865,571.5855,747.1365,571.5855,747.1365,596.4626,729.5865,596.4626],"IndexInText":1057,"OcrConfidence":1.0,"Text":"OF","VisualLineNumber":22},{"Box":[571.5855,755.9115,43.875,24.8771],"Polygon":[755.9115,571.5855,799.7865,571.5855,799.7865,596.4626,755.9115,596.4626],"IndexInText":1060,"OcrConfidence":1.0,"Text":"HINGE","VisualLineNumber":22}]}]},{"IndexInText":1067,"Language":"eng","Length":72,"Rotation":"None","SkewAngle":0.0,"Type":"Paragraph","WordGroups":[{"IndexInText":1067,"Length":72,"Type":"Sentence","Words":[{"Box":[618.5185,1140.14233,6.7392,19.1056],"Polygon":[1140.14233,618.5185,1146.88147,618.5185,1146.88147,637.6241,1140.14233,637.6241],"IndexInText":1067,"OcrConfidence":1.0,"Text":"8","VisualLineNumber":23},{"Box":[619.6253,1165.60535,52.65,24.8771],"Polygon":[1165.60535,619.6253,1218.25537,619.6253,1218.25537,644.5024,1165.60535,644.5024],"IndexInText":1069,"OcrConfidence":1.0,"Text":"NOTES:","VisualLineNumber":23},{"Box":[636.5003,1165.60535,26.325,24.8771],"Polygon":[1165.60535,636.5003,1191.93042,636.5003,1191.93042,661.3774,1165.60535,661.3774],"IndexInText":1076,"OcrConfidence":1.0,"Text":"1.)","VisualLineNumber":24},{"Box":[636.5003,1200.70544,43.875,24.8771],"Polygon":[1200.70544,636.5003,1244.58044,636.5003,1244.58044,661.3774,1200.70544,661.3774],"IndexInText":1080,"OcrConfidence":1.0,"Text":"STEEL","VisualLineNumber":24},{"Box":[636.5003,1253.35535,43.875,24.8771],"Polygon":[1253.35535,636.5003,1297.23035,636.5003,1297.23035,661.3774,1253.35535,661.3774],"IndexInText":1086,"OcrConfidence":1.0,"Text":"STAMP","VisualLineNumber":24},{"Box":[636.5003,1306.00537,35.1,24.8771],"Polygon":[1306.00537,636.5003,1341.10535,636.5003,1341.10535,661.3774,1306.00537,661.3774],"IndexInText":1092,"OcrConfidence":1.0,"Text":"1/8\"","VisualLineNumber":24},{"Box":[636.5003,1349.88037,61.425,24.8771],"Polygon":[1349.88037,636.5003,1411.30542,636.5003,1411.30542,661.3774,1349.88037,661.3774],"IndexInText":1097,"OcrConfidence":1.0,"Text":"LETTERS","VisualLineNumber":24},{"Box":[636.5003,1420.08044,61.425,24.8771],"Polygon":[1420.08044,636.5003,1481.50537,636.5003,1481.50537,661.3774,1420.08044,661.3774],"IndexInText":1105,"OcrConfidence":1.0,"Text":"COUNTRY","VisualLineNumber":24},{"Box":[653.3752,1200.70544,17.55,24.8771],"Polygon":[1200.70544,653.3752,1218.25537,653.3752,1218.25537,678.2523,1200.70544,678.2523],"IndexInText":1113,"OcrConfidence":1.0,"Text":"OF","VisualLineNumber":25},{"Box":[653.3752,1227.0304,52.65,24.8771],"Polygon":[1227.0304,653.3752,1279.68042,653.3752,1279.68042,678.2523,1227.0304,678.2523],"IndexInText":1116,"OcrConfidence":1.0,"Text":"ORIGIN","VisualLineNumber":25},{"Box":[653.3752,1288.45544,26.325,24.8771],"Polygon":[1288.45544,653.3752,1314.7804,653.3752,1314.7804,678.2523,1288.45544,678.2523],"IndexInText":1123,"OcrConfidence":1.0,"Text":"AND","VisualLineNumber":25},{"Box":[653.3752,1323.55542,35.1,24.8771],"Polygon":[1323.55542,653.3752,1358.6554,653.3752,1358.6554,678.2523,1323.55542,678.2523],"IndexInText":1127,"OcrConfidence":1.0,"Text":"PART","VisualLineNumber":25},{"Box":[653.3752,1367.43042,61.425,24.8771],"Polygon":[1367.43042,653.3752,1428.85535,653.3752,1428.85535,678.2523,1367.43042,678.2523],"IndexInText":1132,"OcrConfidence":1.0,"Text":"NUMBER.","VisualLineNumber":25}]}]},{"IndexInText":1141,"Language":"eng","Length":4,"Rotation":"None","SkewAngle":0.0,"Type":"Paragraph","WordGroups":[{"IndexInText":1141,"Length":4,"Type":"Other","Words":[{"Box":[671.0234,462.2417,35.1,24.8771],"Polygon":[462.2417,671.0234,497.3417,671.0234,497.3417,695.9005,462.2417,695.9005],"IndexInText":1141,"OcrConfidence":1.0,"Text":"2.47","VisualLineNumber":26}]}]},{"IndexInText":1147,"Language":"eng","Length":80,"Rotation":"None","SkewAngle":0.0,"Type":"Paragraph","WordGroups":[{"IndexInText":1147,"Length":80,"Type":"Sentence","Words":[{"Box":[670.2503,1165.60535,26.325,24.8771],"Polygon":[1165.60535,670.2503,1191.93042,670.2503,1191.93042,695.1274,1165.60535,695.1274],"IndexInText":1147,"OcrConfidence":1.0,"Text":"2.)","VisualLineNumber":26},{"Box":[670.2503,1200.70544,43.875,24.8771],"Polygon":[1200.70544,670.2503,1244.58044,670.2503,1244.58044,695.1274,1200.70544,695.1274],"IndexInText":1151,"OcrConfidence":1.0,"Text":"DEBUR","VisualLineNumber":26},{"Box":[670.2503,1255.60547,8.775,24.8771],"Polygon":[1255.60547,670.2503,1264.38049,670.2503,1264.38049,695.1274,1255.60547,695.1274],"IndexInText":1157,"OcrConfidence":1.0,"Text":"&","VisualLineNumber":26},{"Box":[670.2503,1273.15552,43.875,24.8771],"Polygon":[1273.15552,670.2503,1317.03052,670.2503,1317.03052,695.1274,1273.15552,695.1274],"IndexInText":1159,"OcrConfidence":1.0,"Text":"BREAK","VisualLineNumber":26},{"Box":[670.2503,1325.80554,26.325,24.8771],"Polygon":[1325.80554,670.2503,1352.13049,670.2503,1352.13049,695.1274,1325.80554,695.1274],"IndexInText":1165,"OcrConfidence":1.0,"Text":"ALL","VisualLineNumber":26},{"Box":[670.2503,1360.90552,43.875,24.8771],"Polygon":[1360.90552,670.2503,1404.78052,670.2503,1404.78052,695.1274,1360.90552,695.1274],"IndexInText":1169,"OcrConfidence":1.0,"Text":"SHARP","VisualLineNumber":26},{"Box":[670.2503,1413.55554,70.2,24.8771],"Polygon":[1413.55554,670.2503,1483.75549,670.2503,1483.75549,695.1274,1413.55554,695.1274],"IndexInText":1175,"OcrConfidence":1.0,"Text":"CORNERS.","VisualLineNumber":26},{"Box":[687.1254,1165.60535,26.325,24.8771],"Polygon":[1165.60535,687.1254,1191.93042,687.1254,1191.93042,712.0025,1165.60535,712.0025],"IndexInText":1184,"OcrConfidence":1.0,"Text":"3.)","VisualLineNumber":27},{"Box":[687.1254,1200.70544,52.65,24.8771],"Polygon":[1200.70544,687.1254,1253.35535,687.1254,1253.35535,712.0025,1200.70544,712.0025],"IndexInText":1188,"OcrConfidence":1.0,"Text":"FINISH","VisualLineNumber":27},{"Box":[687.1254,1262.13037,17.55,24.8771],"Polygon":[1262.13037,687.1254,1279.68042,687.1254,1279.68042,712.0025,1262.13037,712.0025],"IndexInText":1195,"OcrConfidence":1.0,"Text":"TO","VisualLineNumber":27},{"Box":[687.1254,1288.45544,17.55,24.8771],"Polygon":[1288.45544,687.1254,1306.00537,687.1254,1306.00537,712.0025,1288.45544,712.0025],"IndexInText":1198,"OcrConfidence":1.0,"Text":"BE","VisualLineNumber":27},{"Box":[687.1254,1314.7804,43.875,24.8771],"Polygon":[1314.7804,687.1254,1358.6554,687.1254,1358.6554,712.0025,1314.7804,712.0025],"IndexInText":1201,"OcrConfidence":1.0,"Text":"BLACK","VisualLineNumber":27},{"Box":[687.1254,1367.43042,26.325,24.8771],"Polygon":[1367.43042,687.1254,1393.75537,687.1254,1393.75537,712.0025,1367.43042,712.0025],"IndexInText":1207,"OcrConfidence":1.0,"Text":"PER","VisualLineNumber":27},{"Box":[687.1254,1402.5304,26.325,24.8771],"Polygon":[1402.5304,687.1254,1428.85535,687.1254,1428.85535,712.0025,1402.5304,712.0025],"IndexInText":1211,"OcrConfidence":1.0,"Text":"CPP","VisualLineNumber":27},{"Box":[687.1254,1437.63037,35.1,24.8771],"Polygon":[1437.63037,687.1254,1472.73035,687.1254,1472.73035,712.0025,1437.63037,712.0025],"IndexInText":1215,"OcrConfidence":1.0,"Text":"STD.","VisualLineNumber":27},{"Box":[687.1254,1481.50537,61.425,24.8771],"Polygon":[1481.50537,687.1254,1542.93042,687.1254,1542.93042,712.0025,1481.50537,712.0025],"IndexInText":1220,"OcrConfidence":1.0,"Text":"18,008.","VisualLineNumber":27}]}]},{"IndexInText":1229,"Language":"bul","Length":5,"Rotation":"None","SkewAngle":0.0,"Type":"Paragraph","WordGroups":[{"IndexInText":1229,"Length":5,"Type":"Other","Words":[{"Box":[738.6805,566.2078,26.325,24.8771],"Polygon":[566.2078,738.6805,592.5328,738.6805,592.5328,763.5576,566.2078,763.5576],"IndexInText":1229,"OcrConfidence":1.0,"Text":".06","VisualLineNumber":28},{"Box":[800.7519,560.0553,8.775,24.8771],"Polygon":[560.0553,800.7519,568.8303,800.7519,568.8303,825.629,560.0553,825.629],"IndexInText":1233,"OcrConfidence":1.0,"Text":"4","VisualLineNumber":29}]}]},{"IndexInText":1236,"Language":"nld","Length":9,"Rotation":"None","SkewAngle":0.0,"Type":"Paragraph","WordGroups":[{"IndexInText":1236,"Length":9,"Type":"Heading","Words":[{"Box":[852.5024,629.6682,35.1,24.8771],"Polygon":[629.6682,852.5024,664.7682,852.5024,664.7682,877.3795,629.6682,877.3795],"IndexInText":1236,"OcrConfidence":1.0,"Text":"SKIP","VisualLineNumber":30},{"Box":[852.5024,673.5432,35.1,24.8771],"Polygon":[673.5432,852.5024,708.6432,852.5024,708.6432,877.3795,673.5432,877.3795],"IndexInText":1241,"OcrConfidence":1.0,"Text":"WELD","VisualLineNumber":30}]}]},{"IndexInText":1247,"Language":"eng","Length":1,"Rotation":"None","SkewAngle":0.0,"Type":"Paragraph","WordGroups":[{"IndexInText":1247,"Length":1,"Type":"Other","Words":[{"Box":[965.8259,176.0922,8.775,24.8771],"Polygon":[176.0922,965.8259,184.8672,965.8259,184.8672,990.703,176.0922,990.703],"IndexInText":1247,"OcrConfidence":1.0,"Text":"1","VisualLineNumber":31}]}]},{"IndexInText":1250,"Language":"eng","Length":1,"Rotation":"None","SkewAngle":0.0,"Type":"Paragraph","WordGroups":[{"IndexInText":1250,"Length":1,"Type":"Other","Words":[{"Box":[954.3372,576.9859,8.775,24.8771],"Polygon":[576.9859,954.3372,585.7609,954.3372,585.7609,979.2143,576.9859,979.2143],"IndexInText":1250,"OcrConfidence":1.0,"Text":"3","VisualLineNumber":31}]}]},{"IndexInText":1253,"Language":"eng","Length":1,"Rotation":"None","SkewAngle":0.0,"Type":"Paragraph","WordGroups":[{"IndexInText":1253,"Length":1,"Type":"Other","Words":[{"Box":[990.0126,411.9119,8.775,24.8771],"Polygon":[411.9119,990.0126,420.6869,990.0126,420.6869,1014.88971,411.9119,1014.88971],"IndexInText":1253,"OcrConfidence":1.0,"Text":"2","VisualLineNumber":32}]}]},{"IndexInText":1256,"Language":"eng","Length":80,"Rotation":"None","SkewAngle":0.0,"Type":"Paragraph","WordGroups":[{"IndexInText":1256,"Length":80,"Type":"Other","Words":[{"Box":[1013.8183,1068.89954,22.464,15.9214],"Polygon":[1068.89954,1013.8183,1091.36353,1013.8183,1091.36353,1029.73975,1068.89954,1029.73975],"IndexInText":1256,"OcrConfidence":1.0,"Text":"REF.","VisualLineNumber":32},{"Box":[1013.8183,1096.97949,39.312,15.9214],"Polygon":[1096.97949,1013.8183,1136.2915,1013.8183,1136.2915,1029.73975,1096.97949,1029.73975],"IndexInText":1261,"OcrConfidence":1.0,"Text":"DRAWING","VisualLineNumber":32},{"Box":[1013.8183,1141.90747,16.848,15.9214],"Polygon":[1141.90747,1013.8183,1158.75549,1013.8183,1158.75549,1029.73975,1141.90747,1029.73975],"IndexInText":1269,"OcrConfidence":1.0,"Text":"NO.","VisualLineNumber":32},{"Box":[1022.09,777.1376,16.848,23.882],"Polygon":[777.1376,1022.09,793.9856,1022.09,793.9856,1045.972,777.1376,1045.972],"IndexInText":1273,"OcrConfidence":1.0,"Text":"DO","VisualLineNumber":33},{"Box":[1022.09,810.8335,25.272,23.882],"Polygon":[810.8335,1022.09,836.1055,1022.09,836.1055,1045.972,810.8335,1045.972],"IndexInText":1276,"OcrConfidence":1.0,"Text":"NOT","VisualLineNumber":33},{"Box":[1022.09,844.5295,42.12,23.882],"Polygon":[844.5295,1022.09,886.6495,1022.09,886.6495,1045.972,844.5295,1045.972],"IndexInText":1280,"OcrConfidence":1.0,"Text":"SCALE","VisualLineNumber":33},{"Box":[1022.09,895.0735,33.696,23.882],"Polygon":[895.0735,1022.09,928.7695,1022.09,928.7695,1045.972,895.0735,1045.972],"IndexInText":1286,"OcrConfidence":1.0,"Text":"THIS","VisualLineNumber":33},{"Box":[1022.09,937.1935,58.9679,23.882],"Polygon":[937.1935,1022.09,996.1614,1022.09,996.1614,1045.972,937.1935,1045.972],"IndexInText":1291,"OcrConfidence":1.0,"Text":"DRAWING","VisualLineNumber":33},{"Box":[1036.31824,1068.89954,39.312,15.9214],"Polygon":[1068.89954,1036.31824,1108.21155,1036.31824,1108.21155,1052.23962,1068.89954,1052.23962],"IndexInText":1299,"OcrConfidence":1.0,"Text":"RELEASE","VisualLineNumber":33},{"Box":[1036.31824,1113.82751,28.08,15.9214],"Polygon":[1113.82751,1036.31824,1141.90747,1036.31824,1141.90747,1052.23962,1113.82751,1052.23962],"IndexInText":1307,"OcrConfidence":1.0,"Text":"PHASE","VisualLineNumber":33},{"Box":[1025.06836,1248.89954,44.928,15.9214],"Polygon":[1248.89954,1025.06836,1293.82751,1025.06836,1293.82751,1040.98975,1248.89954,1040.98975],"IndexInText":1313,"OcrConfidence":1.0,"Text":"MATERIAL","VisualLineNumber":33},{"Box":[1021.71771,1450.04956,26.325,24.8771],"Polygon":[1450.04956,1021.71771,1476.37463,1021.71771,1476.37463,1046.59485,1450.04956,1046.59485],"IndexInText":1322,"OcrConfidence":1.0,"Text":"CPP","VisualLineNumber":33},{"Box":[1021.71771,1485.14966,26.325,24.8771],"Polygon":[1485.14966,1021.71771,1511.47461,1021.71771,1511.47461,1046.59485,1485.14966,1046.59485],"IndexInText":1326,"OcrConfidence":1.0,"Text":"STD","VisualLineNumber":33},{"Box":[1021.71771,1520.24963,52.65,24.8771],"Polygon":[1520.24963,1021.71771,1572.89966,1021.71771,1572.89966,1046.59485,1520.24963,1046.59485],"IndexInText":1330,"OcrConfidence":1.0,"Text":"12,002","VisualLineNumber":33}]}]},{"IndexInText":1338,"Language":"nld","Length":54,"Rotation":"None","SkewAngle":0.0,"Type":"Paragraph","WordGroups":[{"IndexInText":1338,"Length":54,"Type":"Other","Words":[{"Box":[1044.21765,713.3995,149.175,41.7522],"Polygon":[713.3995,1044.21765,862.5745,1044.21765,862.5745,1085.96985,713.3995,1085.96985],"IndexInText":1338,"OcrConfidence":1.0,"Text":"TIHNIFSORDMRAATWIIONNG/SDHAOTWAN","VisualLineNumber":34},{"Box":[1044.21765,871.3495,114.075,41.7522],"Polygon":[871.3495,1044.21765,985.4245,1044.21765,985.4245,1085.96985,871.3495,1085.96985],"IndexInText":1371,"OcrConfidence":1.0,"Text":"FTIHLEERE(OANN)DITSHE","VisualLineNumber":34}]}]},{"IndexInText":1394,"Language":"eng","Length":46,"Rotation":"None","SkewAngle":0.0,"Type":"Paragraph","WordGroups":[{"IndexInText":1394,"Length":46,"Type":"Other","Words":[{"Box":[1059.71167,1068.89954,19.0944,13.5331],"Polygon":[1068.89954,1059.71167,1087.9939,1059.71167,1087.9939,1073.24475,1068.89954,1073.24475],"IndexInText":1394,"OcrConfidence":1.0,"Text":"REF.","VisualLineNumber":34},{"Box":[1059.71167,1092.76746,33.4152,13.5331],"Polygon":[1092.76746,1059.71167,1126.18274,1059.71167,1126.18274,1073.24475,1092.76746,1073.24475],"IndexInText":1399,"OcrConfidence":1.0,"Text":"DRAWING","VisualLineNumber":34},{"Box":[1059.71167,1130.9563,47.7359,13.5331],"Polygon":[1130.9563,1059.71167,1178.69226,1059.71167,1178.69226,1073.24475,1130.9563,1073.24475],"IndexInText":1407,"OcrConfidence":1.0,"Text":"STANDARDS:","VisualLineNumber":34},{"Box":[1059.71167,1183.46582,19.0944,13.5331],"Polygon":[1183.46582,1059.71167,1202.56018,1059.71167,1202.56018,1073.24475,1183.46582,1073.24475],"IndexInText":1418,"OcrConfidence":1.0,"Text":"ANSI","VisualLineNumber":34},{"Box":[1059.71167,1207.33374,33.4151,13.5331],"Polygon":[1207.33374,1059.71167,1240.7489,1059.71167,1240.7489,1073.24475,1207.33374,1073.24475],"IndexInText":1423,"OcrConfidence":1.0,"Text":"Y14.5M,","VisualLineNumber":34},{"Box":[1059.71167,1245.52246,14.3208,13.5331],"Polygon":[1245.52246,1059.71167,1259.84326,1059.71167,1259.84326,1073.24475,1245.52246,1073.24475],"IndexInText":1431,"OcrConfidence":1.0,"Text":"ISO","VisualLineNumber":34},{"Box":[1059.71167,1264.617,23.868,13.5331],"Polygon":[1264.617,1059.71167,1288.48486,1059.71167,1288.48486,1073.24475,1264.617,1073.24475],"IndexInText":1435,"OcrConfidence":1.0,"Text":"R1101","VisualLineNumber":34}]}]},{"IndexInText":1442,"Language":"eng","Length":33,"Rotation":"None","SkewAngle":0.0,"Type":"Paragraph","WordGroups":[{"IndexInText":1442,"Length":33,"Type":"Other","Words":[{"Box":[1057.3291,1341.23962,21.06,19.9017],"Polygon":[1341.23962,1057.3291,1362.29956,1057.3291,1362.29956,1077.23083,1341.23962,1077.23083],"IndexInText":1442,"OcrConfidence":1.0,"Text":"ALL","VisualLineNumber":34},{"Box":[1057.3291,1369.31958,77.22,19.9017],"Polygon":[1369.31958,1057.3291,1446.53955,1057.3291,1446.53955,1077.23083,1369.31958,1077.23083],"IndexInText":1446,"OcrConfidence":1.0,"Text":"DIMENSIONS:","VisualLineNumber":34},{"Box":[1057.3291,1453.55957,28.08,19.9017],"Polygon":[1453.55957,1057.3291,1481.63965,1057.3291,1481.63965,1077.23083,1453.55957,1077.23083],"IndexInText":1458,"OcrConfidence":1.0,"Text":"INCH","VisualLineNumber":34},{"Box":[1057.3291,1488.65955,84.24,19.9017],"Polygon":[1488.65955,1057.3291,1572.89966,1057.3291,1572.89966,1077.23083,1488.65955,1077.23083],"IndexInText":1463,"OcrConfidence":1.0,"Text":"[MILLIMETER]","VisualLineNumber":34}]}]},{"IndexInText":1477,"Language":"eng","Length":149,"Rotation":"None","SkewAngle":0.0,"Type":"Paragraph","WordGroups":[{"IndexInText":1477,"Length":149,"Type":"Other","Words":[{"Box":[1072.71509,517.2355,92.664,23.882],"Polygon":[517.2355,1072.71509,609.8995,1072.71509,609.8995,1096.597,517.2355,1096.597],"IndexInText":1477,"OcrConfidence":1.0,"Text":"DIMENSIONAL","VisualLineNumber":35},{"Box":[1072.71509,618.3235,84.2399,23.882],"Polygon":[618.3235,1072.71509,702.5634,1072.71509,702.5634,1096.597,618.3235,1096.597],"IndexInText":1489,"OcrConfidence":1.0,"Text":"TOLERANCES","VisualLineNumber":35},{"Box":[1077.96765,713.3995,105.3,24.8771],"Polygon":[713.3995,1077.96765,818.6995,1077.96765,818.6995,1102.84485,713.3995,1102.84485],"IndexInText":1500,"OcrConfidence":1.0,"Text":"CONFIDENTIAL","VisualLineNumber":35},{"Box":[1077.96765,827.4745,26.325,24.8771],"Polygon":[827.4745,1077.96765,853.7995,1077.96765,853.7995,1102.84485,827.4745,1102.84485],"IndexInText":1513,"OcrConfidence":1.0,"Text":"AND","VisualLineNumber":35},{"Box":[1077.96765,862.5745,96.525,24.8771],"Polygon":[862.5745,1077.96765,959.0995,1077.96765,959.0995,1102.84485,862.5745,1102.84485],"IndexInText":1517,"OcrConfidence":1.0,"Text":"PROPRIETARY","VisualLineNumber":35},{"Box":[1077.96765,967.8745,26.325,24.8771],"Polygon":[967.8745,1077.96765,994.1995,1077.96765,994.1995,1102.84485,967.8745,1102.84485],"IndexInText":1529,"OcrConfidence":1.0,"Text":"AND","VisualLineNumber":35},{"Box":[1077.96765,1002.97449,43.875,24.8771],"Polygon":[1002.97449,1077.96765,1046.84949,1077.96765,1046.84949,1102.84485,1002.97449,1102.84485],"IndexInText":1533,"OcrConfidence":1.0,"Text":"SHALL","VisualLineNumber":35},{"Box":[1080.88855,1066.94568,103.1674,39.8034],"Polygon":[1066.94568,1080.88855,1170.11316,1080.88855,1170.11316,1120.69189,1066.94568,1120.69189],"IndexInText":1539,"OcrConfidence":1.0,"Text":"CUMMINS","VisualLineNumber":35},{"Box":[1080.88855,1179.26575,75.0874,39.8034],"Polygon":[1179.26575,1080.88855,1254.35315,1080.88855,1254.35315,1120.69189,1179.26575,1120.69189],"IndexInText":1547,"OcrConfidence":1.0,"Text":"POWER","VisualLineNumber":35},{"Box":[1080.88855,1263.50574,117.2073,39.8034],"Polygon":[1263.50574,1080.88855,1380.713,1080.88855,1380.713,1120.69189,1263.50574,1120.69189],"IndexInText":1553,"OcrConfidence":1.0,"Text":"PRODUCTS","VisualLineNumber":35},{"Box":[1088.2666,1403.69958,21.06,19.9017],"Polygon":[1403.69958,1088.2666,1424.75964,1088.2666,1424.75964,1108.16833,1403.69958,1108.16833],"IndexInText":1562,"OcrConfidence":1.0,"Text":"NEW","VisualLineNumber":35},{"Box":[1088.2666,1431.77954,49.14,19.9017],"Polygon":[1431.77954,1088.2666,1480.91956,1088.2666,1480.91956,1108.16833,1431.77954,1108.16833],"IndexInText":1566,"OcrConfidence":1.0,"Text":"HUDSON,","VisualLineNumber":35},{"Box":[1088.2666,1487.93958,56.16,19.9017],"Polygon":[1487.93958,1088.2666,1544.09961,1088.2666,1544.09961,1108.16833,1487.93958,1108.16833],"IndexInText":1574,"OcrConfidence":1.0,"Text":"MICHIGAN","VisualLineNumber":35},{"Box":[1097.00208,576.2035,13.4784,19.1056],"Polygon":[576.2035,1097.00208,589.6819,1097.00208,589.6819,1116.10767,576.2035,1116.10767],"IndexInText":1583,"OcrConfidence":1.0,"Text":".X","VisualLineNumber":36},{"Box":[1097.00208,596.4211,6.7392,19.1056],"Polygon":[596.4211,1097.00208,603.1603,1097.00208,603.1603,1116.10767,596.4211,1116.10767],"IndexInText":1586,"OcrConfidence":1.0,"Text":"=","VisualLineNumber":36},{"Box":[1097.00208,616.6386,6.7392,19.1056],"Polygon":[616.6386,1097.00208,623.3778,1097.00208,623.3778,1116.10767,616.6386,1116.10767],"IndexInText":1588,"OcrConfidence":1.0,"Text":"#","VisualLineNumber":36},{"Box":[1097.00208,630.117,13.4784,19.1056],"Polygon":[630.117,1097.00208,643.5954,1097.00208,643.5954,1116.10767,630.117,1116.10767],"IndexInText":1590,"OcrConfidence":1.0,"Text":".1","VisualLineNumber":36},{"Box":[1094.84277,713.3995,26.325,24.8771],"Polygon":[713.3995,1094.84277,739.7245,1094.84277,739.7245,1119.71985,713.3995,1119.71985],"IndexInText":1593,"OcrConfidence":1.0,"Text":"NOT","VisualLineNumber":36},{"Box":[1094.84277,748.4995,17.55,24.8771],"Polygon":[748.4995,1094.84277,766.0495,1094.84277,766.0495,1119.71985,748.4995,1119.71985],"IndexInText":1597,"OcrConfidence":1.0,"Text":"BE","VisualLineNumber":36},{"Box":[1094.84277,774.8245,43.875,24.8771],"Polygon":[774.8245,1094.84277,818.6995,1094.84277,818.6995,1119.71985,774.8245,1119.71985],"IndexInText":1600,"OcrConfidence":1.0,"Text":"USED,","VisualLineNumber":36},{"Box":[1094.84277,827.4745,78.975,24.8771],"Polygon":[827.4745,1094.84277,906.4495,1094.84277,906.4495,1119.71985,827.4745,1119.71985],"IndexInText":1606,"OcrConfidence":1.0,"Text":"DISCLOSED","VisualLineNumber":36},{"Box":[1094.84277,915.2245,17.55,24.8771],"Polygon":[915.2245,1094.84277,932.7745,1094.84277,932.7745,1119.71985,915.2245,1119.71985],"IndexInText":1616,"OcrConfidence":1.0,"Text":"TO","VisualLineNumber":36},{"Box":[1094.84277,941.5495,61.425,24.8771],"Polygon":[941.5495,1094.84277,1002.97449,1094.84277,1002.97449,1119.71985,941.5495,1119.71985],"IndexInText":1619,"OcrConfidence":1.0,"Text":"OTHERS,","VisualLineNumber":36}]}]},{"IndexInText":1628,"Language":"eng","Length":86,"Rotation":"None","SkewAngle":0.0,"Type":"Paragraph","WordGroups":[{"IndexInText":1628,"Length":86,"Type":"Other","Words":[{"Box":[1119.5022,569.4643,20.2176,19.1056],"Polygon":[569.4643,1119.5022,589.6819,1119.5022,589.6819,1138.60779,569.4643,1138.60779],"IndexInText":1628,"OcrConfidence":1.0,"Text":".XX","VisualLineNumber":37},{"Box":[1119.5022,596.4211,6.7392,19.1056],"Polygon":[596.4211,1119.5022,603.1603,1119.5022,603.1603,1138.60779,596.4211,1138.60779],"IndexInText":1632,"OcrConfidence":1.0,"Text":"=","VisualLineNumber":37},{"Box":[1119.5022,616.6386,6.7392,19.1056],"Polygon":[616.6386,1119.5022,623.3778,1119.5022,623.3778,1138.60779,616.6386,1138.60779],"IndexInText":1634,"OcrConfidence":1.0,"Text":"#","VisualLineNumber":37},{"Box":[1119.5022,630.117,20.2176,19.1056],"Polygon":[630.117,1119.5022,650.3346,1119.5022,650.3346,1138.60779,630.117,1138.60779],"IndexInText":1636,"OcrConfidence":1.0,"Text":".05","VisualLineNumber":37},{"Box":[1111.71765,713.3995,17.55,24.8771],"Polygon":[713.3995,1111.71765,730.9495,1111.71765,730.9495,1136.59485,713.3995,1136.59485],"IndexInText":1640,"OcrConfidence":1.0,"Text":"OR","VisualLineNumber":37},{"Box":[1111.71765,739.7245,87.75,24.8771],"Polygon":[739.7245,1111.71765,827.4745,1111.71765,827.4745,1136.59485,739.7245,1136.59485],"IndexInText":1643,"OcrConfidence":1.0,"Text":"REPRODUCED","VisualLineNumber":37},{"Box":[1111.71765,836.2495,17.55,24.8771],"Polygon":[836.2495,1111.71765,853.7995,1111.71765,853.7995,1136.59485,836.2495,1136.59485],"IndexInText":1654,"OcrConfidence":1.0,"Text":"BY","VisualLineNumber":37},{"Box":[1111.71765,862.5745,26.325,24.8771],"Polygon":[862.5745,1111.71765,888.8995,1111.71765,888.8995,1136.59485,862.5745,1136.59485],"IndexInText":1657,"OcrConfidence":1.0,"Text":"ANY","VisualLineNumber":37},{"Box":[1111.71765,897.6745,43.875,24.8771],"Polygon":[897.6745,1111.71765,941.5495,1111.71765,941.5495,1136.59485,897.6745,1136.59485],"IndexInText":1661,"OcrConfidence":1.0,"Text":"MEANS","VisualLineNumber":37},{"Box":[1111.71765,950.3245,17.55,24.8771],"Polygon":[950.3245,1111.71765,967.8745,1111.71765,967.8745,1136.59485,950.3245,1136.59485],"IndexInText":1667,"OcrConfidence":1.0,"Text":"IN","VisualLineNumber":37},{"Box":[1111.71765,976.6495,35.1,24.8771],"Polygon":[976.6495,1111.71765,1011.74951,1111.71765,1011.74951,1136.59485,976.6495,1136.59485],"IndexInText":1670,"OcrConfidence":1.0,"Text":"HARD","VisualLineNumber":37},{"Box":[1128.59265,713.3995,35.1,24.8771],"Polygon":[713.3995,1128.59265,748.4995,1128.59265,748.4995,1153.46985,713.3995,1153.46985],"IndexInText":1675,"OcrConfidence":1.0,"Text":"COPY","VisualLineNumber":38},{"Box":[1128.59265,757.2745,35.1,24.8771],"Polygon":[757.2745,1128.59265,792.3745,1128.59265,792.3745,1153.46985,757.2745,1153.46985],"IndexInText":1680,"OcrConfidence":1.0,"Text":"FORM","VisualLineNumber":38},{"Box":[1128.59265,801.1495,17.55,24.8771],"Polygon":[801.1495,1128.59265,818.6995,1128.59265,818.6995,1153.46985,801.1495,1153.46985],"IndexInText":1685,"OcrConfidence":1.0,"Text":"OR","VisualLineNumber":38},{"Box":[1128.59265,827.4745,17.55,24.8771],"Polygon":[827.4745,1128.59265,845.0245,1128.59265,845.0245,1153.46985,827.4745,1153.46985],"IndexInText":1688,"OcrConfidence":1.0,"Text":"IN","VisualLineNumber":38},{"Box":[1128.59265,853.7995,61.425,24.8771],"Polygon":[853.7995,1128.59265,915.2245,1128.59265,915.2245,1153.46985,853.7995,1153.46985],"IndexInText":1691,"OcrConfidence":1.0,"Text":"MACHINE","VisualLineNumber":38},{"Box":[1128.59265,923.9995,70.2,24.8771],"Polygon":[923.9995,1128.59265,994.1995,1128.59265,994.1995,1153.46985,923.9995,1153.46985],"IndexInText":1699,"OcrConfidence":1.0,"Text":"READABLE","VisualLineNumber":38},{"Box":[1128.59265,1002.97449,52.65,24.8771],"Polygon":[1002.97449,1128.59265,1055.62451,1128.59265,1055.62451,1153.46985,1002.97449,1153.46985],"IndexInText":1708,"OcrConfidence":1.0,"Text":"FILES,","VisualLineNumber":38}]}]},{"IndexInText":1716,"Language":"eng","Length":86,"Rotation":"None","SkewAngle":0.0,"Type":"Paragraph","WordGroups":[{"IndexInText":1716,"Length":86,"Type":"Other","Words":[{"Box":[1119.37354,1068.89954,72.0,21.4938],"Polygon":[1068.89954,1119.37354,1140.89954,1119.37354,1140.89954,1140.86731,1068.89954,1140.86731],"IndexInText":1716,"OcrConfidence":1.0,"Text":"DRAWNBYJMOORE","VisualLineNumber":37},{"Box":[1119.552,1149.89954,14.0401,9.9509],"Polygon":[1149.89954,1119.552,1163.93958,1119.552,1163.93958,1129.50293,1149.89954,1129.50293],"IndexInText":1730,"OcrConfidence":1.0,"Text":"DATE","VisualLineNumber":37},{"Box":[1117.34265,1178.47449,61.425,24.8771],"Polygon":[1178.47449,1117.34265,1239.89954,1117.34265,1239.89954,1142.21985,1178.47449,1142.21985],"IndexInText":1735,"OcrConfidence":1.0,"Text":"2/21/94","VisualLineNumber":37},{"Box":[1119.552,1248.89954,84.825,28.2928],"Polygon":[1248.89954,1119.552,1333.72449,1119.552,1333.72449,1147.84485,1248.89954,1147.84485],"IndexInText":1743,"OcrConfidence":1.0,"Text":"PAARTSNASME/EAPMPLIBCALTIOYN,","VisualLineNumber":37},{"Box":[1122.96765,1342.49951,87.75,24.8771],"Polygon":[1342.49951,1122.96765,1430.24951,1122.96765,1430.24951,1147.84485,1342.49951,1147.84485],"IndexInText":1773,"OcrConfidence":1.0,"Text":"INSTRUMENT","VisualLineNumber":37},{"Box":[1122.96765,1439.02454,43.875,24.8771],"Polygon":[1439.02454,1122.96765,1482.89954,1122.96765,1482.89954,1147.84485,1439.02454,1147.84485],"IndexInText":1784,"OcrConfidence":1.0,"Text":"PANEL","VisualLineNumber":37},{"Box":[1122.1228,1491.89954,21.3409,12.1002],"Polygon":[1491.89954,1122.1228,1513.24036,1122.1228,1513.24036,1134.223,1491.89954,1134.223],"IndexInText":1790,"OcrConfidence":1.0,"Text":"SHEET","VisualLineNumber":37},{"Box":[1117.34265,1520.24951,8.775,24.8771],"Polygon":[1520.24951,1117.34265,1529.02454,1117.34265,1529.02454,1142.21985,1520.24951,1142.21985],"IndexInText":1796,"OcrConfidence":1.0,"Text":"1","VisualLineNumber":37},{"Box":[1117.34265,1537.79956,17.55,24.8771],"Polygon":[1537.79956,1117.34265,1555.34949,1117.34265,1555.34949,1142.21985,1537.79956,1142.21985],"IndexInText":1798,"OcrConfidence":1.0,"Text":"OF","VisualLineNumber":37},{"Box":[1117.34265,1564.12451,8.775,24.8771],"Polygon":[1564.12451,1117.34265,1572.89954,1117.34265,1572.89954,1142.21985,1564.12451,1142.21985],"IndexInText":1801,"OcrConfidence":1.0,"Text":"1","VisualLineNumber":37}]}]},{"IndexInText":1804,"Language":"eng","Length":158,"Rotation":"None","SkewAngle":0.0,"Type":"Paragraph","WordGroups":[{"IndexInText":1804,"Length":158,"Type":"Other","Words":[{"Box":[1142.00208,562.7251,26.9568,19.1056],"Polygon":[562.7251,1142.00208,589.6819,1142.00208,589.6819,1161.10767,562.7251,1161.10767],"IndexInText":1804,"OcrConfidence":1.0,"Text":".XXX","VisualLineNumber":39},{"Box":[1142.00208,596.4211,6.7392,19.1056],"Polygon":[596.4211,1142.00208,603.1603,1142.00208,603.1603,1161.10767,596.4211,1161.10767],"IndexInText":1809,"OcrConfidence":1.0,"Text":"=","VisualLineNumber":39},{"Box":[1142.00208,616.6386,6.7392,19.1056],"Polygon":[616.6386,1142.00208,623.3778,1142.00208,623.3778,1161.10767,616.6386,1161.10767],"IndexInText":1811,"OcrConfidence":1.0,"Text":"#","VisualLineNumber":39},{"Box":[1142.00208,630.117,26.9568,19.1056],"Polygon":[630.117,1142.00208,657.0738,1142.00208,657.0738,1161.10767,630.117,1161.10767],"IndexInText":1813,"OcrConfidence":1.0,"Text":".005","VisualLineNumber":39},{"Box":[1145.46777,713.3995,61.425,24.8771],"Polygon":[713.3995,1145.46777,774.8245,1145.46777,774.8245,1170.34485,713.3995,1170.34485],"IndexInText":1818,"OcrConfidence":1.0,"Text":"WITHOUT","VisualLineNumber":39},{"Box":[1145.46777,783.5995,61.425,24.8771],"Polygon":[783.5995,1145.46777,845.0245,1145.46777,845.0245,1170.34485,783.5995,1170.34485],"IndexInText":1826,"OcrConfidence":1.0,"Text":"WRITTEN","VisualLineNumber":39},{"Box":[1145.46777,853.7995,61.425,24.8771],"Polygon":[853.7995,1145.46777,915.2245,1145.46777,915.2245,1170.34485,853.7995,1170.34485],"IndexInText":1834,"OcrConfidence":1.0,"Text":"CONSENT","VisualLineNumber":39},{"Box":[1145.46777,923.9995,17.55,24.8771],"Polygon":[923.9995,1145.46777,941.5495,1145.46777,941.5495,1170.34485,923.9995,1170.34485],"IndexInText":1842,"OcrConfidence":1.0,"Text":"OF","VisualLineNumber":39},{"Box":[1145.46777,950.3245,61.425,24.8771],"Polygon":[950.3245,1145.46777,1011.74951,1145.46777,1011.74951,1170.34485,950.3245,1170.34485],"IndexInText":1845,"OcrConfidence":1.0,"Text":"CUMMINS","VisualLineNumber":39},{"Box":[1142.052,1068.89954,17.55,9.9509],"Polygon":[1068.89954,1142.052,1086.44946,1142.052,1086.44946,1152.00293,1068.89954,1152.00293],"IndexInText":1853,"OcrConfidence":1.0,"Text":"CHK'D","VisualLineNumber":39},{"Box":[1142.052,1149.89954,14.0401,9.9509],"Polygon":[1149.89954,1142.052,1163.93958,1142.052,1163.93958,1152.00293,1149.89954,1152.00293],"IndexInText":1859,"OcrConfidence":1.0,"Text":"DATE","VisualLineNumber":39},{"Box":[1139.84277,1289.84949,43.875,24.8771],"Polygon":[1289.84949,1139.84277,1333.72449,1139.84277,1333.72449,1164.71985,1289.84949,1164.71985],"IndexInText":1864,"OcrConfidence":1.0,"Text":"POWER","VisualLineNumber":39},{"Box":[1139.84277,1342.49951,35.1,24.8771],"Polygon":[1342.49951,1139.84277,1377.59949,1139.84277,1377.59949,1164.71985,1342.49951,1164.71985],"IndexInText":1870,"OcrConfidence":1.0,"Text":"UNIT","VisualLineNumber":39},{"Box":[1139.84277,1386.37451,17.55,24.8771],"Polygon":[1386.37451,1139.84277,1403.92456,1139.84277,1403.92456,1164.71985,1386.37451,1164.71985],"IndexInText":1875,"OcrConfidence":1.0,"Text":"4B","VisualLineNumber":39},{"Box":[1139.84277,1412.69946,70.2,24.8771],"Polygon":[1412.69946,1139.84277,1482.89954,1139.84277,1482.89954,1164.71985,1412.69946,1164.71985],"IndexInText":1878,"OcrConfidence":1.0,"Text":"FORESTRY","VisualLineNumber":39},{"Box":[1141.73376,1491.89954,46.9498,12.1002],"Polygon":[1491.89954,1141.73376,1538.84924,1141.73376,1538.84924,1153.834,1491.89954,1153.834],"IndexInText":1887,"OcrConfidence":1.0,"Text":"DRAWINGNO.","VisualLineNumber":39},{"Box":[1164.50208,555.9859,40.4352,19.1056],"Polygon":[555.9859,1164.50208,596.4211,1164.50208,596.4211,1183.60767,555.9859,1183.60767],"IndexInText":1898,"OcrConfidence":1.0,"Text":"ANGLES","VisualLineNumber":40},{"Box":[1164.50208,603.1603,6.7392,19.1056],"Polygon":[603.1603,1164.50208,609.8995,1164.50208,609.8995,1183.60767,603.1603,1183.60767],"IndexInText":1905,"OcrConfidence":1.0,"Text":"=","VisualLineNumber":40},{"Box":[1164.50208,623.3778,6.7392,19.1056],"Polygon":[623.3778,1164.50208,630.117,1164.50208,630.117,1183.60767,623.3778,1183.60767],"IndexInText":1907,"OcrConfidence":1.0,"Text":"#","VisualLineNumber":40},{"Box":[1164.50208,636.8562,6.7392,19.1056],"Polygon":[636.8562,1164.50208,643.5954,1164.50208,643.5954,1183.60767,636.8562,1183.60767],"IndexInText":1909,"OcrConfidence":1.0,"Text":"1","VisualLineNumber":40},{"Box":[1164.50208,650.3346,6.7392,19.1056],"Polygon":[650.3346,1164.50208,657.0738,1164.50208,657.0738,1183.60767,650.3346,1183.60767],"IndexInText":1911,"OcrConfidence":1.0,"Text":"$","VisualLineNumber":40},{"Box":[1162.34265,713.3995,43.875,24.8771],"Polygon":[713.3995,1162.34265,757.2745,1162.34265,757.2745,1187.21985,713.3995,1187.21985],"IndexInText":1913,"OcrConfidence":1.0,"Text":"POWER","VisualLineNumber":40},{"Box":[1162.34265,766.0495,70.2,24.8771],"Polygon":[766.0495,1162.34265,836.2495,1162.34265,836.2495,1187.21985,766.0495,1187.21985],"IndexInText":1919,"OcrConfidence":1.0,"Text":"PRODUCTS","VisualLineNumber":40},{"Box":[1164.552,1068.89954,17.55,9.9509],"Polygon":[1068.89954,1164.552,1086.44946,1164.552,1086.44946,1174.50293,1068.89954,1174.50293],"IndexInText":1928,"OcrConfidence":1.0,"Text":"APP'D","VisualLineNumber":40},{"Box":[1164.552,1149.89954,14.0401,9.9509],"Polygon":[1149.89954,1164.552,1163.93958,1164.552,1163.93958,1174.50293,1149.89954,1174.50293],"IndexInText":1934,"OcrConfidence":1.0,"Text":"DATE","VisualLineNumber":40},{"Box":[1162.34265,1374.89954,52.65,24.8771],"Polygon":[1374.89954,1162.34265,1422.89954,1162.34265,1422.89954,1187.21985,1374.89954,1187.21985],"IndexInText":1939,"OcrConfidence":1.0,"Text":"SCALE:","VisualLineNumber":40},{"Box":[1163.60852,1429.82825,53.0712,21.4938],"Polygon":[1426.89954,1162.34265,1482.89954,1162.34265,1482.89954,1187.21985,1426.89954,1187.21985],"IndexInText":1946,"OcrConfidence":1.0,"Text":"1\"=3/4\"","VisualLineNumber":40},{"Box":[1162.34265,1502.69946,70.2,24.8771],"Polygon":[1502.69946,1162.34265,1572.89954,1162.34265,1572.89954,1187.21985,1502.69946,1187.21985],"IndexInText":1954,"OcrConfidence":1.0,"Text":"70004290","VisualLineNumber":40}]}]},{"IndexInText":1964,"Language":"ron","Length":14,"Rotation":"Other","SkewAngle":0.0,"Type":"Paragraph","WordGroups":[{"IndexInText":1964,"Length":14,"Type":"Other","Words":[{"Box":[49.5153,734.4668,826.0077,777.8064],"Polygon":[734.4668,49.5153,1560.47449,49.5153,1560.47449,827.3217,734.4668,827.3217],"IndexInText":1964,"OcrConfidence":1.0,"Text":"LETE","VisualLineNumber":41},{"Box":[436.0609,182.4233,1287.86768,777.8064],"Polygon":[182.4233,436.0609,1470.291,436.0609,1470.291,1213.86731,182.4233,1213.86731],"IndexInText":1969,"OcrConfidence":1.0,"Text":"OBSOART","VisualLineNumber":42},{"Box":[798.1014,644.2833,411.9751,487.8972],"Polygon":[644.2833,798.1014,1056.25842,798.1014,1056.25842,1285.99866,644.2833,1285.99866],"IndexInText":1977,"OcrConfidence":1.0,"Text":"P","VisualLineNumber":43}]}]}],"ProcessingSource":"Pdf","IndexInText":0,"TextLength":1978,"SkewAngle":0.0}]}