{"DocumentId":"20000471_drw","ContentType":"application/pdf","Length":2244,"Pages":[{"PageIndex":0,"Size":[0.0,0.0,2448.0,1584.0],"Sections":[{"IndexInText":0,"Language":"eng","Length":23,"Rotation":"None","SkewAngle":0.0,"Type":"Paragraph","WordGroups":[{"IndexInText":0,"Length":23,"Type":"Other","Words":[{"Box":[37.6632,106.3941,27.5184,11.145],"Polygon":[106.3941,37.6632,133.9125,37.6632,133.9125,48.8082,106.3941,48.8082],"IndexInText":0,"OcrConfidence":1.0,"Text":"DRAWING","VisualLineNumber":0},{"Box":[37.6632,137.8437,23.5872,11.145],"Polygon":[137.8437,37.6632,161.4309,37.6632,161.4309,48.8082,137.8437,48.8082],"IndexInText":8,"OcrConfidence":1.0,"Text":"NUMBER","VisualLineNumber":0},{"Box":[47.6458,98.8125,70.2,24.8771],"Polygon":[98.8125,47.6458,169.0125,47.6458,169.0125,72.5229,98.8125,72.5229],"IndexInText":15,"OcrConfidence":1.0,"Text":"20000471","VisualLineNumber":1}]}]},{"IndexInText":25,"Language":"fra","Length":8,"Rotation":"None","SkewAngle":0.0,"Type":"Paragraph","WordGroups":[{"IndexInText":25,"Length":8,"Type":"Heading","Words":[{"Box":[763.3002,286.3047,5.265,19.9017],"Polygon":[286.3047,763.3002,291.5697,763.3002,291.5697,783.2019,286.3047,783.2019],"IndexInText":25,"OcrConfidence":1.0,"Text":"4","VisualLineNumber":27},{"Box":[763.3002,296.8347,31.59,19.9017],"Polygon":[296.8347,763.3002,328.4247,763.3002,328.4247,783.2019,296.8347,783.2019],"IndexInText":27,"OcrConfidence":1.0,"Text":"PLACES","VisualLineNumber":27}]}]},{"IndexInText":35,"Language":"fra","Length":8,"Rotation":"None","SkewAngle":0.0,"Type":"Paragraph","WordGroups":[{"IndexInText":35,"Length":8,"Type":"Heading","Words":[{"Box":[938.7668,333.1247,5.265,19.9017],"Polygon":[333.1247,938.7668,338.3897,938.7668,338.3897,958.6685,333.1247,958.6685],"IndexInText":35,"OcrConfidence":1.0,"Text":"4","VisualLineNumber":37},{"Box":[938.7668,343.6547,31.59,19.9017],"Polygon":[343.6547,938.7668,375.2447,938.7668,375.2447,958.6685,343.6547,958.6685],"IndexInText":37,"OcrConfidence":1.0,"Text":"PLACES","VisualLineNumber":37}]}]},{"IndexInText":45,"Language":"zho","Length":19,"Rotation":"None","SkewAngle":0.0,"Type":"Paragraph","WordGroups":[{"IndexInText":45,"Length":19,"Type":"Other","Words":[{"Box":[188.9997,610.6044,14.04,19.9017],"Polygon":[610.6044,188.9997,624.6444,188.9997,624.6444,208.9014,610.6044,208.9014],"IndexInText":45,"OcrConfidence":1.0,"Text":"8X","VisualLineNumber":6},{"Box":[182.2497,638.6844,69.42,26.6517],"Polygon":[638.6844,182.2497,708.1044,182.2497,708.1044,208.9014,638.6844,208.9014],"IndexInText":48,"OcrConfidence":1.0,"Text":"n.680+.015","VisualLineNumber":6},{"Box":[195.7496,673.0044,35.1,19.9017],"Polygon":[673.0044,195.7496,708.1044,195.7496,708.1044,215.6513,673.0044,215.6513],"IndexInText":59,"OcrConfidence":1.0,"Text":"-.000","VisualLineNumber":7}]}]},{"IndexInText":66,"Language":"bul","Length":5,"Rotation":"None","SkewAngle":0.0,"Type":"Paragraph","WordGroups":[{"IndexInText":66,"Length":5,"Type":"Other","Words":[{"Box":[256.4805,658.7522,35.1,19.9017],"Polygon":[658.7522,256.4805,693.8522,256.4805,693.8522,276.3822,658.7522,276.3822],"IndexInText":66,"OcrConfidence":1.0,"Text":"33.00","VisualLineNumber":9}]}]},{"IndexInText":73,"Language":"zho","Length":8,"Rotation":"None","SkewAngle":0.0,"Type":"Paragraph","WordGroups":[{"IndexInText":73,"Length":8,"Type":"Other","Words":[{"Box":[303.2206,637.2592,14.04,19.9017],"Polygon":[637.2592,303.2206,651.2992,303.2206,651.2992,323.1223,637.2592,323.1223],"IndexInText":73,"OcrConfidence":1.0,"Text":"2X","VisualLineNumber":11},{"Box":[303.2206,658.8592,35.1,19.9017],"Polygon":[658.8592,303.2206,693.9592,303.2206,693.9592,323.1223,658.8592,323.1223],"IndexInText":76,"OcrConfidence":1.0,"Text":"25.21","VisualLineNumber":11}]}]},{"IndexInText":83,"Language":"bul","Length":7,"Rotation":"None","SkewAngle":0.0,"Type":"Paragraph","WordGroups":[{"IndexInText":83,"Length":7,"Type":"Other","Words":[{"Box":[354.6345,722.8174,5.265,19.9017],"Polygon":[722.8174,354.6345,728.0824,354.6345,728.0824,374.5362,722.8174,374.5362],"IndexInText":83,"OcrConfidence":1.0,"Text":"1","VisualLineNumber":12},{"Box":[354.3669,729.2993,26.46,19.9017],"Polygon":[729.2993,354.3669,755.7593,354.3669,755.7593,374.2686,729.2993,374.2686],"IndexInText":85,"OcrConfidence":1.0,"Text":"-2.44","VisualLineNumber":12}]}]},{"IndexInText":92,"Language":"zho","Length":7,"Rotation":"None","SkewAngle":0.0,"Type":"Paragraph","WordGroups":[{"IndexInText":92,"Length":7,"Type":"Other","Words":[{"Box":[407.7406,644.4592,14.04,19.9017],"Polygon":[644.4592,407.7406,658.4992,407.7406,658.4992,427.6423,644.4592,427.6423],"IndexInText":92,"OcrConfidence":1.0,"Text":"2X","VisualLineNumber":14},{"Box":[407.7406,666.0592,28.08,19.9017],"Polygon":[666.0592,407.7406,694.1392,407.7406,694.1392,427.6423,666.0592,427.6423],"IndexInText":95,"OcrConfidence":1.0,"Text":"7.79","VisualLineNumber":14}]}]},{"IndexInText":101,"Language":"zho","Length":19,"Rotation":"None","SkewAngle":0.0,"Type":"Paragraph","WordGroups":[{"IndexInText":101,"Length":19,"Type":"Other","Words":[{"Box":[556.42,651.3517,14.04,19.9017],"Polygon":[651.3517,556.42,665.3917,556.42,665.3917,576.3217,651.3517,576.3217],"IndexInText":101,"OcrConfidence":1.0,"Text":"7X","VisualLineNumber":21},{"Box":[549.6701,679.4317,69.4201,26.6516],"Polygon":[679.4317,549.6701,748.8518,549.6701,748.8518,576.3217,679.4317,576.3217],"IndexInText":104,"OcrConfidence":1.0,"Text":"n.690+.015","VisualLineNumber":21},{"Box":[563.17,713.7518,35.1,19.9017],"Polygon":[713.7518,563.17,748.8518,563.17,748.8518,583.0717,713.7518,583.0717],"IndexInText":115,"OcrConfidence":1.0,"Text":"-.000","VisualLineNumber":22}]}]},{"IndexInText":122,"Language":"eng","Length":1,"Rotation":"None","SkewAngle":0.0,"Type":"Paragraph","WordGroups":[{"IndexInText":122,"Length":1,"Type":"Heading","Words":[{"Box":[797.8573,749.915,7.02,19.9017],"Polygon":[749.915,797.8573,756.935,797.8573,756.935,817.759,749.915,817.759],"IndexInText":122,"OcrConfidence":1.0,"Text":"A","VisualLineNumber":29}]}]},{"IndexInText":125,"Language":"fra","Length":23,"Rotation":"None","SkewAngle":0.0,"Type":"Paragraph","WordGroups":[{"IndexInText":125,"Length":23,"Type":"Other","Words":[{"Box":[861.4781,568.2411,33.6365,20.1576],"Polygon":[568.2411,861.4781,601.8776,861.4781,601.8776,881.6357,568.2411,881.6357],"IndexInText":125,"OcrConfidence":1.0,"Text":"1-3.13","VisualLineNumber":32},{"Box":[868.3548,620.1388,5.265,19.9017],"Polygon":[620.1388,868.3548,625.4038,868.3548,625.4038,888.2565,620.1388,888.2565],"IndexInText":132,"OcrConfidence":1.0,"Text":"4","VisualLineNumber":33},{"Box":[868.3548,630.6688,31.59,19.9017],"Polygon":[630.6688,868.3548,662.2588,868.3548,662.2588,888.2565,630.6688,888.2565],"IndexInText":134,"OcrConfidence":1.0,"Text":"PLACES","VisualLineNumber":33},{"Box":[875.1979,569.0845,5.265,19.9017],"Polygon":[569.0845,875.1979,574.3495,875.1979,574.3495,895.0996,569.0845,895.0996],"IndexInText":141,"OcrConfidence":1.0,"Text":"1","VisualLineNumber":33},{"Box":[874.9303,575.5664,26.4601,19.9017],"Polygon":[575.5664,874.9303,602.0265,874.9303,602.0265,894.832,575.5664,894.832],"IndexInText":143,"OcrConfidence":1.0,"Text":"-3.13","VisualLineNumber":33}]}]},{"IndexInText":150,"Language":"fra","Length":8,"Rotation":"None","SkewAngle":0.0,"Type":"Paragraph","WordGroups":[{"IndexInText":150,"Length":8,"Type":"Heading","Words":[{"Box":[910.6669,709.6495,5.265,19.9017],"Polygon":[709.6495,910.6669,714.9145,910.6669,714.9145,930.5686,709.6495,930.5686],"IndexInText":150,"OcrConfidence":1.0,"Text":"6","VisualLineNumber":35},{"Box":[910.6669,720.1795,31.59,19.9017],"Polygon":[720.1795,910.6669,751.7695,910.6669,751.7695,930.5686,720.1795,930.5686],"IndexInText":152,"OcrConfidence":1.0,"Text":"PLACES","VisualLineNumber":35}]}]},{"IndexInText":160,"Language":"fra","Length":8,"Rotation":"None","SkewAngle":0.0,"Type":"Paragraph","WordGroups":[{"IndexInText":160,"Length":8,"Type":"Heading","Words":[{"Box":[1220.64075,653.8483,5.265,19.9017],"Polygon":[653.8483,1220.64075,659.1133,1220.64075,659.1133,1240.54248,653.8483,1240.54248],"IndexInText":160,"OcrConfidence":1.0,"Text":"8","VisualLineNumber":49},{"Box":[1220.64075,664.3783,31.59,19.9017],"Polygon":[664.3783,1220.64075,695.9683,1220.64075,695.9683,1240.54248,664.3783,1240.54248],"IndexInText":162,"OcrConfidence":1.0,"Text":"PLACES","VisualLineNumber":49}]}]},{"IndexInText":170,"Language":"bul","Length":7,"Rotation":"None","SkewAngle":0.0,"Type":"Paragraph","WordGroups":[{"IndexInText":170,"Length":7,"Type":"Other","Words":[{"Box":[1259.9823,573.3215,50.22,19.9017],"Polygon":[573.3215,1259.9823,623.5415,1259.9823,623.5415,1279.884,573.3215,1279.884],"IndexInText":170,"OcrConfidence":1.0,"Text":"(36.00)","VisualLineNumber":51}]}]},{"IndexInText":179,"Language":"eng","Length":9,"Rotation":"None","SkewAngle":0.0,"Type":"Paragraph","WordGroups":[{"IndexInText":179,"Length":9,"Type":"Other","Words":[{"Box":[35.4843,2143.1897,40.4352,12.7371],"Polygon":[2143.1897,35.4843,2183.625,35.4843,2183.625,48.2214,2143.1897,48.2214],"IndexInText":179,"OcrConfidence":1.0,"Text":"REVISIONS","VisualLineNumber":0}]}]},{"IndexInText":190,"Language":"ron","Length":8,"Rotation":"None","SkewAngle":0.0,"Type":"Paragraph","WordGroups":[{"IndexInText":190,"Length":8,"Type":"Other","Words":[{"Box":[47.4374,1948.31787,13.4784,12.7371],"Polygon":[1948.31787,47.4374,1961.79626,47.4374,1961.79626,60.1745,1948.31787,60.1745],"IndexInText":190,"OcrConfidence":1.0,"Text":"REV","VisualLineNumber":1},{"Box":[47.4374,1982.07166,17.9712,12.7371],"Polygon":[1982.07166,47.4374,2000.04285,47.4374,2000.04285,60.1745,1982.07166,60.1745],"IndexInText":194,"OcrConfidence":1.0,"Text":"DATE","VisualLineNumber":1}]}]},{"IndexInText":200,"Language":"eng","Length":6,"Rotation":"None","SkewAngle":0.0,"Type":"Paragraph","WordGroups":[{"IndexInText":200,"Length":6,"Type":"Other","Words":[{"Box":[47.4374,2136.42871,26.9568,12.7371],"Polygon":[2136.42871,47.4374,2163.3855,47.4374,2163.3855,60.1745,2136.42871,60.1745],"IndexInText":200,"OcrConfidence":1.0,"Text":"CHANGE","VisualLineNumber":1}]}]},{"IndexInText":208,"Language":"eng","Length":10,"Rotation":"None","SkewAngle":0.0,"Type":"Paragraph","WordGroups":[{"IndexInText":208,"Length":10,"Type":"Other","Words":[{"Box":[47.4374,2290.7644,8.9857,12.7371],"Polygon":[2290.7644,47.4374,2299.75,47.4374,2299.75,60.1745,2290.7644,60.1745],"IndexInText":208,"OcrConfidence":1.0,"Text":"BY","VisualLineNumber":1},{"Box":[47.4374,2326.768,13.4785,12.7371],"Polygon":[2326.768,47.4374,2340.24658,47.4374,2340.24658,60.1745,2326.768,60.1745],"IndexInText":211,"OcrConfidence":1.0,"Text":"ER#","VisualLineNumber":1},{"Box":[47.4374,2365.01831,13.4784,12.7371],"Polygon":[2365.01831,47.4374,2378.49658,47.4374,2378.49658,60.1745,2365.01831,60.1745],"IndexInText":215,"OcrConfidence":1.0,"Text":"CKD","VisualLineNumber":1}]}]},{"IndexInText":220,"Language":"eng","Length":31,"Rotation":"None","SkewAngle":0.0,"Type":"Paragraph","WordGroups":[{"IndexInText":220,"Length":31,"Type":"Other","Words":[{"Box":[59.254,1952.24927,5.616,15.9214],"Polygon":[1952.24927,59.254,1957.86536,59.254,1957.86536,75.1754,1952.24927,75.1754],"IndexInText":220,"OcrConfidence":1.0,"Text":"0","VisualLineNumber":2},{"Box":[59.254,1971.40125,39.312,15.9214],"Polygon":[1971.40125,59.254,2010.71326,59.254,2010.71326,75.1754,1971.40125,75.1754],"IndexInText":222,"OcrConfidence":1.0,"Text":"2/23/17","VisualLineNumber":2},{"Box":[59.254,2020.30725,39.312,15.9214],"Polygon":[2020.30725,59.254,2059.61914,59.254,2059.61914,75.1754,2020.30725,75.1754],"IndexInText":230,"OcrConfidence":1.0,"Text":"RELEASE","VisualLineNumber":2},{"Box":[59.254,2065.235,16.848,15.9214],"Polygon":[2065.235,59.254,2082.08325,59.254,2082.08325,75.1754,2065.235,75.1754],"IndexInText":238,"OcrConfidence":1.0,"Text":"FOR","VisualLineNumber":2},{"Box":[59.254,2087.69922,50.544,15.9214],"Polygon":[2087.69922,59.254,2138.24316,59.254,2138.24316,75.1754,2087.69922,75.1754],"IndexInText":242,"OcrConfidence":1.0,"Text":"PROTOTYPE","VisualLineNumber":2}]}]},{"IndexInText":253,"Language":"deu","Length":15,"Rotation":"None","SkewAngle":0.0,"Type":"Paragraph","WordGroups":[{"IndexInText":253,"Length":15,"Type":"Other","Words":[{"Box":[59.254,2286.83325,16.848,15.9214],"Polygon":[2286.83325,59.254,2303.68115,59.254,2303.68115,75.1754,2286.83325,75.1754],"IndexInText":253,"OcrConfidence":1.0,"Text":"HLP","VisualLineNumber":2},{"Box":[59.254,2313.85132,39.312,15.9214],"Polygon":[2313.85132,59.254,2353.16333,59.254,2353.16333,75.1754,2313.85132,75.1754],"IndexInText":257,"OcrConfidence":1.0,"Text":"1000428","VisualLineNumber":2},{"Box":[59.254,2363.33325,16.848,15.9214],"Polygon":[2363.33325,59.254,2380.1814,59.254,2380.1814,75.1754,2363.33325,75.1754],"IndexInText":265,"OcrConfidence":1.0,"Text":"SRH","VisualLineNumber":2}]}]},{"IndexInText":270,"Language":"bul","Length":9,"Rotation":"None","SkewAngle":0.0,"Type":"Paragraph","WordGroups":[{"IndexInText":270,"Length":9,"Type":"Other","Words":[{"Box":[94.8101,1242.13354,28.08,19.9017],"Polygon":[1242.13354,94.8101,1270.21362,94.8101,1270.21362,114.7118,1242.13354,114.7118],"IndexInText":270,"OcrConfidence":1.0,"Text":".688","VisualLineNumber":3},{"Box":[94.8101,1281.43347,28.08,19.9017],"Polygon":[1281.43347,94.8101,1309.51355,94.8101,1309.51355,114.7118,1281.43347,114.7118],"IndexInText":275,"OcrConfidence":1.0,"Text":".025","VisualLineNumber":3}]}]},{"IndexInText":281,"Language":"eng","Length":1,"Rotation":"None","SkewAngle":0.0,"Type":"Paragraph","WordGroups":[{"IndexInText":281,"Length":1,"Type":"Other","Words":[{"Box":[135.3287,988.0084,4.0982,15.4911],"Polygon":[988.0084,135.3287,992.1066,135.3287,992.1066,150.8198,988.0084,150.8198],"IndexInText":281,"OcrConfidence":1.0,"Text":"G","VisualLineNumber":4}]}]},{"IndexInText":284,"Language":"eng","Length":1,"Rotation":"None","SkewAngle":0.0,"Type":"Paragraph","WordGroups":[{"IndexInText":284,"Length":1,"Type":"Heading","Words":[{"Box":[157.8102,1274.90857,7.02,19.9017],"Polygon":[1274.90857,157.8102,1281.92859,157.8102,1281.92859,177.7119,1274.90857,177.7119],"IndexInText":284,"OcrConfidence":1.0,"Text":"C","VisualLineNumber":5}]}]},{"IndexInText":287,"Language":"bul","Length":7,"Rotation":"None","SkewAngle":0.0,"Type":"Paragraph","WordGroups":[{"IndexInText":287,"Length":7,"Type":"Other","Words":[{"Box":[220.0904,1338.18152,50.22,19.9017],"Polygon":[1338.18152,220.0904,1388.40149,220.0904,1388.40149,239.9921,1338.18152,239.9921],"IndexInText":287,"OcrConfidence":1.0,"Text":"(39.07)","VisualLineNumber":8}]}]},{"IndexInText":296,"Language":"zho","Length":23,"Rotation":"None","SkewAngle":0.0,"Type":"Paragraph","WordGroups":[{"IndexInText":296,"Length":23,"Type":"Other","Words":[{"Box":[256.4806,1342.68127,14.04,19.9017],"Polygon":[1342.68127,256.4806,1356.72131,256.4806,1356.72131,276.3823,1342.68127,276.3823],"IndexInText":296,"OcrConfidence":1.0,"Text":"6X","VisualLineNumber":9},{"Box":[256.4806,1364.28137,35.1,19.9017],"Polygon":[1364.28137,256.4806,1399.38135,256.4806,1399.38135,276.3823,1364.28137,276.3823],"IndexInText":299,"OcrConfidence":1.0,"Text":"33.00","VisualLineNumber":9},{"Box":[275.9975,1342.68127,14.04,19.9017],"Polygon":[1342.68127,275.9975,1356.72131,275.9975,1356.72131,295.8992,1342.68127,295.8992],"IndexInText":305,"OcrConfidence":1.0,"Text":"2X","VisualLineNumber":10},{"Box":[275.9975,1364.28137,35.1,19.9017],"Polygon":[1364.28137,275.9975,1399.38135,275.9975,1399.38135,295.8992,1364.28137,295.8992],"IndexInText":308,"OcrConfidence":1.0,"Text":"29.75","VisualLineNumber":10},{"Box":[295.7446,1342.83093,35.1,19.9017],"Polygon":[1342.83093,295.7446,1377.93091,295.7446,1377.93091,315.6463,1342.83093,315.6463],"IndexInText":314,"OcrConfidence":1.0,"Text":"29.50","VisualLineNumber":11}]}]},{"IndexInText":321,"Language":"bul","Length":7,"Rotation":"None","SkewAngle":0.0,"Type":"Paragraph","WordGroups":[{"IndexInText":321,"Length":7,"Type":"Other","Words":[{"Box":[358.1226,1360.09338,5.265,19.9017],"Polygon":[1360.09338,358.1226,1365.3584,358.1226,1365.3584,378.0243,1360.09338,378.0243],"IndexInText":321,"OcrConfidence":1.0,"Text":"1","VisualLineNumber":12},{"Box":[357.855,1366.57544,26.46,19.9017],"Polygon":[1366.57544,357.855,1393.0354,357.855,1393.0354,377.7567,1366.57544,377.7567],"IndexInText":323,"OcrConfidence":1.0,"Text":"-2.44","VisualLineNumber":12}]}]},{"IndexInText":330,"Language":"bul","Length":7,"Rotation":"None","SkewAngle":0.0,"Type":"Paragraph","WordGroups":[{"IndexInText":330,"Length":7,"Type":"Other","Words":[{"Box":[366.4734,987.0193,5.265,19.9017],"Polygon":[987.0193,366.4734,992.2843,366.4734,992.2843,386.3751,987.0193,386.3751],"IndexInText":330,"OcrConfidence":1.0,"Text":"1","VisualLineNumber":13},{"Box":[366.2058,993.5012,26.46,19.9017],"Polygon":[993.5012,366.2058,1019.96118,366.2058,1019.96118,386.1075,993.5012,386.1075],"IndexInText":332,"OcrConfidence":1.0,"Text":"-2.44","VisualLineNumber":13}]}]},{"IndexInText":339,"Language":"eng","Length":4,"Rotation":"None","SkewAngle":0.0,"Type":"Paragraph","WordGroups":[{"IndexInText":339,"Length":4,"Type":"Other","Words":[{"Box":[415.3174,1342.60962,28.08,19.9017],"Polygon":[1342.60962,415.3174,1370.68958,415.3174,1370.68958,435.2191,1342.60962,435.2191],"IndexInText":339,"OcrConfidence":1.0,"Text":"3.50","VisualLineNumber":14}]}]},{"IndexInText":345,"Language":"zho","Length":14,"Rotation":"None","SkewAngle":0.0,"Type":"Paragraph","WordGroups":[{"IndexInText":345,"Length":14,"Type":"Other","Words":[{"Box":[434.9639,1342.68127,14.04,19.9017],"Polygon":[1342.68127,434.9639,1356.72131,434.9639,1356.72131,454.8656,1342.68127,454.8656],"IndexInText":345,"OcrConfidence":1.0,"Text":"2X","VisualLineNumber":15},{"Box":[434.9639,1364.28137,28.08,19.9017],"Polygon":[1364.28137,434.9639,1392.36145,434.9639,1392.36145,454.8656,1364.28137,454.8656],"IndexInText":348,"OcrConfidence":1.0,"Text":"3.25","VisualLineNumber":15},{"Box":[454.4806,1342.68127,14.04,19.9017],"Polygon":[1342.68127,454.4806,1356.72131,454.4806,1356.72131,474.3823,1342.68127,474.3823],"IndexInText":353,"OcrConfidence":1.0,"Text":"7X","VisualLineNumber":16},{"Box":[454.4806,1364.28137,21.06,19.9017],"Polygon":[1364.28137,454.4806,1385.34143,454.4806,1385.34143,474.3823,1364.28137,474.3823],"IndexInText":356,"OcrConfidence":1.0,"Text":".00","VisualLineNumber":16}]}]},{"IndexInText":361,"Language":"eng","Length":1,"Rotation":"None","SkewAngle":0.0,"Type":"Paragraph","WordGroups":[{"IndexInText":361,"Length":1,"Type":"Other","Words":[{"Box":[429.6526,2153.59131,7.02,19.9017],"Polygon":[2153.59131,429.6526,2160.611,429.6526,2160.611,449.5543,2153.59131,449.5543],"IndexInText":361,"OcrConfidence":1.0,"Text":"9","VisualLineNumber":15}]}]},{"IndexInText":364,"Language":"eng","Length":2,"Rotation":"None","SkewAngle":0.0,"Type":"Paragraph","WordGroups":[{"IndexInText":364,"Length":2,"Type":"Other","Words":[{"Box":[462.7984,2185.56665,14.04,19.9017],"Polygon":[2185.56665,462.7984,2199.60669,462.7984,2199.60669,482.7001,2185.56665,482.7001],"IndexInText":364,"OcrConfidence":1.0,"Text":"10","VisualLineNumber":17}]}]},{"IndexInText":368,"Language":"zho","Length":21,"Rotation":"None","SkewAngle":0.0,"Type":"Paragraph","WordGroups":[{"IndexInText":368,"Length":21,"Type":"Other","Words":[{"Box":[490.9006,1338.18152,43.0199,19.9017],"Polygon":[1338.18152,490.9006,1381.20142,490.9006,1381.20142,510.8023,1338.18152,510.8023],"IndexInText":368,"OcrConfidence":1.0,"Text":"(6.07)","VisualLineNumber":18},{"Box":[508.392,1289.41736,14.04,19.9017],"Polygon":[1289.41736,508.392,1303.4574,508.392,1303.4574,528.2937,1289.41736,528.2937],"IndexInText":375,"OcrConfidence":1.0,"Text":"2X","VisualLineNumber":19},{"Box":[508.392,1317.49744,40.62,19.9017],"Polygon":[1317.49744,508.392,1358.11743,508.392,1358.11743,528.2937,1317.49744,528.2937],"IndexInText":378,"OcrConfidence":1.0,"Text":"n1.250","VisualLineNumber":19},{"Box":[508.392,1369.51746,28.08,19.9017],"Polygon":[1369.51746,508.392,1397.59753,508.392,1397.59753,528.2937,1369.51746,528.2937],"IndexInText":385,"OcrConfidence":1.0,"Text":".025","VisualLineNumber":19}]}]},{"IndexInText":391,"Language":"eng","Length":1,"Rotation":"None","SkewAngle":0.0,"Type":"Paragraph","WordGroups":[{"IndexInText":391,"Length":1,"Type":"Other","Words":[{"Box":[481.5267,1977.64355,7.02,19.9017],"Polygon":[1977.64355,481.5267,1984.66357,481.5267,1984.66357,501.4284,1977.64355,501.4284],"IndexInText":391,"OcrConfidence":1.0,"Text":"6","VisualLineNumber":18}]}]},{"IndexInText":394,"Language":"bul","Length":9,"Rotation":"None","SkewAngle":0.0,"Type":"Paragraph","WordGroups":[{"IndexInText":394,"Length":9,"Type":"Other","Words":[{"Box":[541.0114,1158.38025,28.08,19.9017],"Polygon":[1158.38025,541.0114,1186.46021,541.0114,1186.46021,560.9131,1158.38025,560.9131],"IndexInText":394,"OcrConfidence":1.0,"Text":".690","VisualLineNumber":20},{"Box":[541.0114,1197.68,28.08,19.9017],"Polygon":[1197.68,541.0114,1225.76013,541.0114,1225.76013,560.9131,1197.68,560.9131],"IndexInText":399,"OcrConfidence":1.0,"Text":".025","VisualLineNumber":20}]}]},{"IndexInText":405,"Language":"eng","Length":1,"Rotation":"None","SkewAngle":0.0,"Type":"Paragraph","WordGroups":[{"IndexInText":405,"Length":1,"Type":"Other","Words":[{"Box":[542.151,1882.13782,7.02,19.9017],"Polygon":[1882.13782,542.151,1889.15784,542.151,1889.15784,562.0527,1882.13782,562.0527],"IndexInText":405,"OcrConfidence":1.0,"Text":"8","VisualLineNumber":20}]}]},{"IndexInText":408,"Language":"eng","Length":2,"Rotation":"None","SkewAngle":0.0,"Type":"Paragraph","WordGroups":[{"IndexInText":408,"Length":2,"Type":"Other","Words":[{"Box":[569.3346,1739.07788,14.04,19.9017],"Polygon":[1739.07788,569.3346,1753.11792,569.3346,1753.11792,589.2363,1739.07788,589.2363],"IndexInText":408,"OcrConfidence":1.0,"Text":"13","VisualLineNumber":22}]}]},{"IndexInText":412,"Language":"eng","Length":1,"Rotation":"None","SkewAngle":0.0,"Type":"Paragraph","WordGroups":[{"IndexInText":412,"Length":1,"Type":"Heading","Words":[{"Box":[604.0113,1201.50525,7.02,19.9017],"Polygon":[1201.50525,604.0113,1208.52515,604.0113,1208.52515,623.913,1201.50525,623.913],"IndexInText":412,"OcrConfidence":1.0,"Text":"B","VisualLineNumber":23}]}]},{"IndexInText":415,"Language":"eng","Length":1,"Rotation":"None","SkewAngle":0.0,"Type":"Paragraph","WordGroups":[{"IndexInText":415,"Length":1,"Type":"Heading","Words":[{"Box":[639.3751,987.1855,5.265,19.9017],"Polygon":[987.1855,639.3751,992.4505,639.3751,992.4505,659.2768,987.1855,659.2768],"IndexInText":415,"OcrConfidence":1.0,"Text":"G","VisualLineNumber":24}]}]},{"IndexInText":418,"Language":"eng","Length":1,"Rotation":"None","SkewAngle":0.0,"Type":"Paragraph","WordGroups":[{"IndexInText":418,"Length":1,"Type":"Other","Words":[{"Box":[646.5552,1743.44153,7.02,19.9017],"Polygon":[1743.44153,646.5552,1750.46155,646.5552,1750.46155,666.4569,1743.44153,666.4569],"IndexInText":418,"OcrConfidence":1.0,"Text":"5","VisualLineNumber":24}]}]},{"IndexInText":421,"Language":"eng","Length":1,"Rotation":"None","SkewAngle":0.0,"Type":"Paragraph","WordGroups":[{"IndexInText":421,"Length":1,"Type":"Other","Words":[{"Box":[723.0718,2204.64429,7.02,19.9017],"Polygon":[2204.64429,723.0718,2211.66431,723.0718,2211.66431,742.9735,2204.64429,742.9735],"IndexInText":421,"OcrConfidence":1.0,"Text":"4","VisualLineNumber":25}]}]},{"IndexInText":424,"Language":"eng","Length":18,"Rotation":"None","SkewAngle":0.0,"Type":"Paragraph","WordGroups":[{"IndexInText":424,"Length":18,"Type":"Heading","Words":[{"Box":[754.0478,969.5277,42.12,19.9017],"Polygon":[969.5277,754.0478,1011.64771,754.0478,1011.64771,773.9495,969.5277,773.9495],"IndexInText":424,"OcrConfidence":1.0,"Text":"CORNERS,","VisualLineNumber":26},{"Box":[754.0478,1016.91272,21.06,19.9017],"Polygon":[1016.91272,754.0478,1037.97266,754.0478,1037.97266,773.9495,1016.91272,773.9495],"IndexInText":433,"OcrConfidence":1.0,"Text":"BOTH","VisualLineNumber":26},{"Box":[754.0478,1043.23767,21.06,19.9017],"Polygon":[1043.23767,754.0478,1064.29773,754.0478,1064.29773,773.9495,1043.23767,773.9495],"IndexInText":438,"OcrConfidence":1.0,"Text":"ENDS","VisualLineNumber":26}]}]},{"IndexInText":444,"Language":"eng","Length":1,"Rotation":"None","SkewAngle":0.0,"Type":"Paragraph","WordGroups":[{"IndexInText":444,"Length":1,"Type":"Other","Words":[{"Box":[770.2615,893.6495,7.02,19.9017],"Polygon":[893.6495,770.2615,900.6695,770.2615,900.6695,790.1632,893.6495,790.1632],"IndexInText":444,"OcrConfidence":1.0,"Text":"2","VisualLineNumber":27}]}]},{"IndexInText":447,"Language":"eng","Length":1,"Rotation":"None","SkewAngle":0.0,"Type":"Paragraph","WordGroups":[{"IndexInText":447,"Length":1,"Type":"Other","Words":[{"Box":[763.0269,1746.28577,7.02,19.9017],"Polygon":[1746.28577,763.0269,1753.30579,763.0269,1753.30579,782.9286,1746.28577,782.9286],"IndexInText":447,"OcrConfidence":1.0,"Text":"7","VisualLineNumber":27}]}]},{"IndexInText":450,"Language":"eng","Length":2,"Rotation":"None","SkewAngle":0.0,"Type":"Paragraph","WordGroups":[{"IndexInText":450,"Length":2,"Type":"Other","Words":[{"Box":[778.0378,2130.73438,14.04,19.9017],"Polygon":[2130.73438,778.0378,2144.77441,778.0378,2144.77441,797.9395,2130.73438,797.9395],"IndexInText":450,"OcrConfidence":1.0,"Text":"12","VisualLineNumber":28}]}]},{"IndexInText":454,"Language":"zho","Length":20,"Rotation":"None","SkewAngle":0.0,"Type":"Paragraph","WordGroups":[{"IndexInText":454,"Length":20,"Type":"Other","Words":[{"Box":[801.3277,1298.01245,21.06,19.9017],"Polygon":[1298.01245,801.3277,1319.07251,801.3277,1319.07251,821.2294,1298.01245,821.2294],"IndexInText":454,"OcrConfidence":1.0,"Text":"(2X","VisualLineNumber":29},{"Box":[801.3277,1326.81238,43.02,19.9017],"Polygon":[1326.81238,801.3277,1369.8324,801.3277,1369.8324,821.2294,1326.81238,821.2294],"IndexInText":458,"OcrConfidence":1.0,"Text":"10.25)","VisualLineNumber":29},{"Box":[823.29,1298.01245,28.0799,19.9017],"Polygon":[1298.01245,823.29,1326.09241,823.29,1326.09241,843.1917,1298.01245,843.1917],"IndexInText":465,"OcrConfidence":1.0,"Text":"7.75","VisualLineNumber":30},{"Box":[846.2853,1298.01245,28.0799,19.9017],"Polygon":[1298.01245,846.2853,1326.09241,846.2853,1326.09241,866.187,1298.01245,866.187],"IndexInText":470,"OcrConfidence":1.0,"Text":"5.65","VisualLineNumber":31}]}]},{"IndexInText":476,"Language":"eng","Length":210,"Rotation":"None","SkewAngle":0.0,"Type":"Paragraph","WordGroups":[{"IndexInText":476,"Length":210,"Type":"Other","Words":[{"Box":[857.063,2060.82642,28.08,19.9017],"Polygon":[2060.82642,857.063,2088.90649,857.063,2088.90649,876.9647,2060.82642,876.9647],"IndexInText":476,"OcrConfidence":1.0,"Text":"BILL","VisualLineNumber":32},{"Box":[857.063,2095.92651,14.04,19.9017],"Polygon":[2095.92651,857.063,2109.96631,857.063,2109.96631,876.9647,2095.92651,876.9647],"IndexInText":481,"OcrConfidence":1.0,"Text":"OF","VisualLineNumber":32},{"Box":[857.063,2116.98633,56.16,19.9017],"Polygon":[2116.98633,857.063,2173.14648,857.063,2173.14648,876.9647,2116.98633,876.9647],"IndexInText":484,"OcrConfidence":1.0,"Text":"MATERIAL","VisualLineNumber":32},{"Box":[869.79,1298.01245,21.06,19.9017],"Polygon":[1298.01245,869.79,1319.07251,869.79,1319.07251,889.6917,1298.01245,889.6917],"IndexInText":493,"OcrConfidence":1.0,"Text":".00","VisualLineNumber":33},{"Box":[873.137,1867.08142,28.08,19.9017],"Polygon":[1867.08142,873.137,1895.16138,873.137,1895.16138,893.0387,1867.08142,893.0387],"IndexInText":497,"OcrConfidence":1.0,"Text":"ITEM","VisualLineNumber":33},{"Box":[873.137,1912.08154,28.08,19.9017],"Polygon":[1912.08154,873.137,1940.1615,873.137,1940.1615,893.0387,1912.08154,893.0387],"IndexInText":502,"OcrConfidence":1.0,"Text":"QTY.","VisualLineNumber":33},{"Box":[873.137,1965.54163,28.08,19.9017],"Polygon":[1965.54163,873.137,1993.62158,873.137,1993.62158,893.0387,1965.54163,893.0387],"IndexInText":507,"OcrConfidence":1.0,"Text":"PART","VisualLineNumber":33},{"Box":[873.137,2000.6416,21.06,19.9017],"Polygon":[2000.6416,873.137,2021.70166,873.137,2021.70166,893.0387,2000.6416,893.0387],"IndexInText":512,"OcrConfidence":1.0,"Text":"NO.","VisualLineNumber":33},{"Box":[873.137,2041.32874,77.22,19.9017],"Polygon":[2041.32874,873.137,2118.54858,873.137,2118.54858,893.0387,2041.32874,893.0387],"IndexInText":516,"OcrConfidence":1.0,"Text":"DESCRIPTION","VisualLineNumber":33},{"Box":[873.137,2336.94629,28.08,19.9017],"Polygon":[2336.94629,873.137,2365.02637,873.137,2365.02637,893.0387,2336.94629,893.0387],"IndexInText":528,"OcrConfidence":1.0,"Text":"REV.","VisualLineNumber":33},{"Box":[889.211,1877.61157,7.02,19.9017],"Polygon":[1877.61157,889.211,1884.63159,889.211,1884.63159,909.1127,1877.61157,909.1127],"IndexInText":533,"OcrConfidence":1.0,"Text":"1","VisualLineNumber":34},{"Box":[889.211,1922.61145,7.02,19.9017],"Polygon":[1922.61145,889.211,1929.63147,889.211,1929.63147,909.1127,1922.61145,909.1127],"IndexInText":535,"OcrConfidence":1.0,"Text":"6","VisualLineNumber":34},{"Box":[889.211,1965.54163,56.16,19.9017],"Polygon":[1965.54163,889.211,2021.70166,889.211,2021.70166,909.1127,1965.54163,909.1127],"IndexInText":537,"OcrConfidence":1.0,"Text":"80001368","VisualLineNumber":34},{"Box":[889.211,2041.32874,28.08,19.9017],"Polygon":[2041.32874,889.211,2069.40869,889.211,2069.40869,909.1127,2041.32874,909.1127],"IndexInText":546,"OcrConfidence":1.0,"Text":"WELD","VisualLineNumber":34},{"Box":[889.211,2076.42871,28.08,19.9017],"Polygon":[2076.42871,889.211,2104.50879,889.211,2104.50879,909.1127,2076.42871,909.1127],"IndexInText":551,"OcrConfidence":1.0,"Text":"NUT,","VisualLineNumber":34},{"Box":[889.211,2111.52881,7.02,19.9017],"Polygon":[2111.52881,889.211,2118.54858,889.211,2118.54858,909.1127,2111.52881,909.1127],"IndexInText":556,"OcrConfidence":1.0,"Text":"3","VisualLineNumber":34},{"Box":[889.211,2125.5686,35.1,19.9017],"Polygon":[2125.5686,889.211,2160.6687,889.211,2160.6687,909.1127,2125.5686,909.1127],"IndexInText":558,"OcrConfidence":1.0,"Text":"PROJ,","VisualLineNumber":34},{"Box":[889.211,2167.68872,42.12,19.9017],"Polygon":[2167.68872,889.211,2209.80859,889.211,2209.80859,909.1127,2167.68872,909.1127],"IndexInText":564,"OcrConfidence":1.0,"Text":"1/2-13","VisualLineNumber":34},{"Box":[889.211,2216.82861,35.1,19.9017],"Polygon":[2216.82861,889.211,2251.92871,889.211,2251.92871,909.1127,2216.82861,909.1127],"IndexInText":571,"OcrConfidence":1.0,"Text":"SHORT","VisualLineNumber":34},{"Box":[889.211,2258.94873,35.1,19.9017],"Polygon":[2258.94873,889.211,2294.04858,889.211,2294.04858,909.1127,2258.94873,909.1127],"IndexInText":577,"OcrConfidence":1.0,"Text":"PILOT","VisualLineNumber":34},{"Box":[889.211,2347.47632,7.02,19.9017],"Polygon":[2347.47632,889.211,2354.49634,889.211,2354.49634,909.1127,2347.47632,909.1127],"IndexInText":583,"OcrConfidence":1.0,"Text":"0","VisualLineNumber":34},{"Box":[905.285,1877.61157,7.02,19.9017],"Polygon":[1877.61157,905.285,1884.63159,905.285,1884.63159,925.1867,1877.61157,925.1867],"IndexInText":585,"OcrConfidence":1.0,"Text":"2","VisualLineNumber":35},{"Box":[905.285,1922.61145,7.02,19.9017],"Polygon":[1922.61145,905.285,1929.63147,905.285,1929.63147,925.1867,1922.61145,925.1867],"IndexInText":587,"OcrConfidence":1.0,"Text":"1","VisualLineNumber":35},{"Box":[905.285,1965.54163,56.16,19.9017],"Polygon":[1965.54163,905.285,2021.70166,905.285,2021.70166,925.1867,1965.54163,925.1867],"IndexInText":589,"OcrConfidence":1.0,"Text":"80001371","VisualLineNumber":35},{"Box":[905.285,2041.32874,28.08,19.9017],"Polygon":[2041.32874,905.285,2069.40869,905.285,2069.40869,925.1867,2041.32874,925.1867],"IndexInText":598,"OcrConfidence":1.0,"Text":"WELD","VisualLineNumber":35},{"Box":[905.285,2076.42871,28.08,19.9017],"Polygon":[2076.42871,905.285,2104.50879,905.285,2104.50879,925.1867,2076.42871,925.1867],"IndexInText":603,"OcrConfidence":1.0,"Text":"NUT,","VisualLineNumber":35},{"Box":[905.285,2111.52881,7.02,19.9017],"Polygon":[2111.52881,905.285,2118.54858,905.285,2118.54858,925.1867,2111.52881,925.1867],"IndexInText":608,"OcrConfidence":1.0,"Text":"3","VisualLineNumber":35},{"Box":[905.285,2125.5686,35.1,19.9017],"Polygon":[2125.5686,905.285,2160.6687,905.285,2160.6687,925.1867,2125.5686,925.1867],"IndexInText":610,"OcrConfidence":1.0,"Text":"PROJ,","VisualLineNumber":35},{"Box":[905.285,2167.68872,42.12,19.9017],"Polygon":[2167.68872,905.285,2209.80859,905.285,2209.80859,925.1867,2167.68872,925.1867],"IndexInText":616,"OcrConfidence":1.0,"Text":"1/4-20","VisualLineNumber":35},{"Box":[905.285,2216.82861,28.08,19.9017],"Polygon":[2216.82861,905.285,2244.90869,905.285,2244.90869,925.1867,2216.82861,925.1867],"IndexInText":623,"OcrConfidence":1.0,"Text":"LONG","VisualLineNumber":35},{"Box":[905.285,2251.92871,35.1,19.9017],"Polygon":[2251.92871,905.285,2287.02881,905.285,2287.02881,925.1867,2251.92871,925.1867],"IndexInText":628,"OcrConfidence":1.0,"Text":"PILOT","VisualLineNumber":35},{"Box":[905.285,2347.47632,7.02,19.9017],"Polygon":[2347.47632,905.285,2354.49634,905.285,2354.49634,925.1867,2347.47632,925.1867],"IndexInText":634,"OcrConfidence":1.0,"Text":"0","VisualLineNumber":35},{"Box":[921.3591,1877.61157,7.02,19.9017],"Polygon":[1877.61157,921.3591,1884.63159,921.3591,1884.63159,941.2608,1877.61157,941.2608],"IndexInText":636,"OcrConfidence":1.0,"Text":"3","VisualLineNumber":36},{"Box":[921.3591,1922.61145,7.02,19.9017],"Polygon":[1922.61145,921.3591,1929.63147,921.3591,1929.63147,941.2608,1922.61145,941.2608],"IndexInText":638,"OcrConfidence":1.0,"Text":"8","VisualLineNumber":36},{"Box":[921.3591,1965.54163,56.16,19.9017],"Polygon":[1965.54163,921.3591,2021.70166,921.3591,2021.70166,941.2608,1965.54163,941.2608],"IndexInText":640,"OcrConfidence":1.0,"Text":"80001379","VisualLineNumber":36},{"Box":[921.3591,2041.32874,28.08,19.9017],"Polygon":[2041.32874,921.3591,2069.40869,921.3591,2069.40869,941.2608,2041.32874,941.2608],"IndexInText":649,"OcrConfidence":1.0,"Text":"WELD","VisualLineNumber":36},{"Box":[921.3591,2076.42871,28.08,19.9017],"Polygon":[2076.42871,921.3591,2104.50879,921.3591,2104.50879,941.2608,2076.42871,941.2608],"IndexInText":654,"OcrConfidence":1.0,"Text":"NUT,","VisualLineNumber":36},{"Box":[921.3591,2111.52881,7.02,19.9017],"Polygon":[2111.52881,921.3591,2118.54858,921.3591,2118.54858,941.2608,2111.52881,941.2608],"IndexInText":659,"OcrConfidence":1.0,"Text":"3","VisualLineNumber":36},{"Box":[921.3591,2125.5686,35.1,19.9017],"Polygon":[2125.5686,921.3591,2160.6687,921.3591,2160.6687,941.2608,2125.5686,941.2608],"IndexInText":661,"OcrConfidence":1.0,"Text":"PROJ,","VisualLineNumber":36},{"Box":[921.3591,2167.68872,42.12,19.9017],"Polygon":[2167.68872,921.3591,2209.80859,921.3591,2209.80859,941.2608,2167.68872,941.2608],"IndexInText":667,"OcrConfidence":1.0,"Text":"5/8-11","VisualLineNumber":36},{"Box":[921.3591,2216.82861,28.08,19.9017],"Polygon":[2216.82861,921.3591,2244.90869,921.3591,2244.90869,941.2608,2216.82861,941.2608],"IndexInText":674,"OcrConfidence":1.0,"Text":"LONG","VisualLineNumber":36},{"Box":[921.3591,2251.92871,35.1,19.9017],"Polygon":[2251.92871,921.3591,2287.02881,921.3591,2287.02881,941.2608,2251.92871,941.2608],"IndexInText":679,"OcrConfidence":1.0,"Text":"PILOT","VisualLineNumber":36},{"Box":[921.3591,2347.47632,7.02,19.9017],"Polygon":[2347.47632,921.3591,2354.49634,921.3591,2354.49634,941.2608,2347.47632,941.2608],"IndexInText":685,"OcrConfidence":1.0,"Text":"0","VisualLineNumber":36}]}]},{"IndexInText":688,"Language":"eng","Length":1,"Rotation":"None","SkewAngle":0.0,"Type":"Paragraph","WordGroups":[{"IndexInText":688,"Length":1,"Type":"Other","Words":[{"Box":[931.5421,937.4232,7.02,19.9017],"Polygon":[937.4232,931.5421,944.4432,931.5421,944.4432,951.4438,937.4232,951.4438],"IndexInText":688,"OcrConfidence":1.0,"Text":"1","VisualLineNumber":37}]}]},{"IndexInText":691,"Language":"eng","Length":30,"Rotation":"None","SkewAngle":0.0,"Type":"Paragraph","WordGroups":[{"IndexInText":691,"Length":30,"Type":"Other","Words":[{"Box":[937.433,1877.61157,7.02,19.9017],"Polygon":[1877.61157,937.433,1884.63159,937.433,1884.63159,957.3347,1877.61157,957.3347],"IndexInText":691,"OcrConfidence":1.0,"Text":"4","VisualLineNumber":37},{"Box":[937.433,1922.61145,7.02,19.9017],"Polygon":[1922.61145,937.433,1929.63147,937.433,1929.63147,957.3347,1922.61145,957.3347],"IndexInText":693,"OcrConfidence":1.0,"Text":"1","VisualLineNumber":37},{"Box":[937.433,1962.03162,63.18,19.9017],"Polygon":[1962.03162,937.433,2025.21155,937.433,2025.21155,957.3347,1962.03162,957.3347],"IndexInText":695,"OcrConfidence":1.0,"Text":"20000471A","VisualLineNumber":37},{"Box":[937.433,2041.32874,63.18,19.9017],"Polygon":[2041.32874,937.433,2104.50879,937.433,2104.50879,957.3347,2041.32874,957.3347],"IndexInText":705,"OcrConfidence":1.0,"Text":"BASERAIL,","VisualLineNumber":37},{"Box":[937.433,2111.52881,28.08,19.9017],"Polygon":[2111.52881,937.433,2139.60864,937.433,2139.60864,957.3347,2111.52881,957.3347],"IndexInText":715,"OcrConfidence":1.0,"Text":"LEFT","VisualLineNumber":37},{"Box":[937.433,2347.47632,7.02,19.9017],"Polygon":[2347.47632,937.433,2354.49634,937.433,2354.49634,957.3347,2347.47632,957.3347],"IndexInText":720,"OcrConfidence":1.0,"Text":"0","VisualLineNumber":37}]}]},{"IndexInText":723,"Language":"eng","Length":307,"Rotation":"None","SkewAngle":0.0,"Type":"Paragraph","WordGroups":[{"IndexInText":723,"Length":307,"Type":"Other","Words":[{"Box":[953.5071,1877.61157,7.02,19.9017],"Polygon":[1877.61157,953.5071,1884.63159,953.5071,1884.63159,973.4088,1877.61157,973.4088],"IndexInText":723,"OcrConfidence":1.0,"Text":"5","VisualLineNumber":38},{"Box":[953.5071,1922.61145,7.02,19.9017],"Polygon":[1922.61145,953.5071,1929.63147,953.5071,1929.63147,973.4088,1922.61145,973.4088],"IndexInText":725,"OcrConfidence":1.0,"Text":"1","VisualLineNumber":38},{"Box":[953.5071,1962.03162,63.18,19.9017],"Polygon":[1962.03162,953.5071,2025.21155,953.5071,2025.21155,973.4088,1962.03162,973.4088],"IndexInText":727,"OcrConfidence":1.0,"Text":"20000471B","VisualLineNumber":38},{"Box":[953.5071,2041.32874,42.12,19.9017],"Polygon":[2041.32874,953.5071,2083.44873,953.5071,2083.44873,973.4088,2041.32874,973.4088],"IndexInText":737,"OcrConfidence":1.0,"Text":"GUARD,","VisualLineNumber":38},{"Box":[953.5071,2090.46875,21.06,19.9017],"Polygon":[2090.46875,953.5071,2111.52881,953.5071,2111.52881,973.4088,2090.46875,973.4088],"IndexInText":744,"OcrConfidence":1.0,"Text":"OIL","VisualLineNumber":38},{"Box":[953.5071,2118.54858,21.06,19.9017],"Polygon":[2118.54858,953.5071,2139.60864,953.5071,2139.60864,973.4088,2118.54858,973.4088],"IndexInText":748,"OcrConfidence":1.0,"Text":"PAN","VisualLineNumber":38},{"Box":[969.5811,1877.61157,7.02,19.9017],"Polygon":[1877.61157,969.5811,1884.63159,969.5811,1884.63159,989.4828,1877.61157,989.4828],"IndexInText":752,"OcrConfidence":1.0,"Text":"6","VisualLineNumber":39},{"Box":[969.5811,1922.61145,7.02,19.9017],"Polygon":[1922.61145,969.5811,1929.63147,969.5811,1929.63147,989.4828,1922.61145,989.4828],"IndexInText":754,"OcrConfidence":1.0,"Text":"1","VisualLineNumber":39},{"Box":[969.5811,1962.03162,63.18,19.9017],"Polygon":[1962.03162,969.5811,2025.21155,969.5811,2025.21155,989.4828,1962.03162,989.4828],"IndexInText":756,"OcrConfidence":1.0,"Text":"20000471C","VisualLineNumber":39},{"Box":[969.5811,2041.32874,63.18,19.9017],"Polygon":[2041.32874,969.5811,2104.50879,969.5811,2104.50879,989.4828,2041.32874,989.4828],"IndexInText":766,"OcrConfidence":1.0,"Text":"BASERAIL,","VisualLineNumber":39},{"Box":[969.5811,2111.52881,35.1,19.9017],"Polygon":[2111.52881,969.5811,2146.62866,969.5811,2146.62866,989.4828,2111.52881,989.4828],"IndexInText":776,"OcrConfidence":1.0,"Text":"RIGHT","VisualLineNumber":39},{"Box":[985.655,1877.61157,7.02,19.9017],"Polygon":[1877.61157,985.655,1884.63159,985.655,1884.63159,1005.5567,1877.61157,1005.5567],"IndexInText":782,"OcrConfidence":1.0,"Text":"7","VisualLineNumber":40},{"Box":[985.655,1922.61145,7.02,19.9017],"Polygon":[1922.61145,985.655,1929.63147,985.655,1929.63147,1005.5567,1922.61145,1005.5567],"IndexInText":784,"OcrConfidence":1.0,"Text":"1","VisualLineNumber":40},{"Box":[985.655,1962.03162,63.18,19.9017],"Polygon":[1962.03162,985.655,2025.21155,985.655,2025.21155,1005.5567,1962.03162,1005.5567],"IndexInText":786,"OcrConfidence":1.0,"Text":"20000471D","VisualLineNumber":40},{"Box":[985.655,2041.32874,56.16,19.9017],"Polygon":[2041.32874,985.655,2097.48877,985.655,2097.48877,1005.5567,2041.32874,1005.5567],"IndexInText":796,"OcrConfidence":1.0,"Text":"SUPPORT,","VisualLineNumber":40},{"Box":[985.655,2104.50879,56.16,19.9017],"Polygon":[2104.50879,985.655,2160.6687,985.655,2160.6687,1005.5567,2104.50879,1005.5567],"IndexInText":805,"OcrConfidence":1.0,"Text":"RADIATOR","VisualLineNumber":40},{"Box":[1001.72913,1877.61157,7.02,19.9017],"Polygon":[1877.61157,1001.72913,1884.63159,1001.72913,1884.63159,1021.6308,1877.61157,1021.6308],"IndexInText":814,"OcrConfidence":1.0,"Text":"8","VisualLineNumber":41},{"Box":[1001.72913,1922.61145,7.02,19.9017],"Polygon":[1922.61145,1001.72913,1929.63147,1001.72913,1929.63147,1021.6308,1922.61145,1021.6308],"IndexInText":816,"OcrConfidence":1.0,"Text":"1","VisualLineNumber":41},{"Box":[1001.72913,1962.03162,63.18,19.9017],"Polygon":[1962.03162,1001.72913,2025.21155,1001.72913,2025.21155,1021.6308,1962.03162,1021.6308],"IndexInText":818,"OcrConfidence":1.0,"Text":"20000471E","VisualLineNumber":41},{"Box":[1001.72913,2041.32874,35.1,19.9017],"Polygon":[2041.32874,1001.72913,2076.42871,1001.72913,2076.42871,1021.6308,2041.32874,1021.6308],"IndexInText":828,"OcrConfidence":1.0,"Text":"CROSS","VisualLineNumber":41},{"Box":[1001.72913,2083.44873,49.14,19.9017],"Polygon":[2083.44873,1001.72913,2132.58862,1001.72913,2132.58862,1021.6308,2083.44873,1021.6308],"IndexInText":834,"OcrConfidence":1.0,"Text":"MEMBER,","VisualLineNumber":41},{"Box":[1001.72913,2139.60864,35.1,19.9017],"Polygon":[2139.60864,1001.72913,2174.70874,1001.72913,2174.70874,1021.6308,2139.60864,1021.6308],"IndexInText":842,"OcrConfidence":1.0,"Text":"FRONT","VisualLineNumber":41},{"Box":[1017.803,1877.61157,7.02,19.9017],"Polygon":[1877.61157,1017.803,1884.63159,1017.803,1884.63159,1037.70471,1877.61157,1037.70471],"IndexInText":848,"OcrConfidence":1.0,"Text":"9","VisualLineNumber":42},{"Box":[1017.803,1922.61145,7.02,19.9017],"Polygon":[1922.61145,1017.803,1929.63147,1017.803,1929.63147,1037.70471,1922.61145,1037.70471],"IndexInText":850,"OcrConfidence":1.0,"Text":"1","VisualLineNumber":42},{"Box":[1017.803,1962.03162,63.18,19.9017],"Polygon":[1962.03162,1017.803,2025.21155,1017.803,2025.21155,1037.70471,1962.03162,1037.70471],"IndexInText":852,"OcrConfidence":1.0,"Text":"20000471F","VisualLineNumber":42},{"Box":[1017.803,2041.32874,35.1,19.9017],"Polygon":[2041.32874,1017.803,2076.42871,1017.803,2076.42871,1037.70471,2041.32874,1037.70471],"IndexInText":862,"OcrConfidence":1.0,"Text":"CROSS","VisualLineNumber":42},{"Box":[1017.803,2083.44873,49.14,19.9017],"Polygon":[2083.44873,1017.803,2132.58862,1017.803,2132.58862,1037.70471,2083.44873,1037.70471],"IndexInText":868,"OcrConfidence":1.0,"Text":"MEMBER,","VisualLineNumber":42},{"Box":[1017.803,2139.60864,28.08,19.9017],"Polygon":[2139.60864,1017.803,2167.68872,1017.803,2167.68872,1037.70471,2139.60864,1037.70471],"IndexInText":876,"OcrConfidence":1.0,"Text":"REAR","VisualLineNumber":42},{"Box":[1033.87708,1874.10156,14.04,19.9017],"Polygon":[1874.10156,1033.87708,1888.1416,1033.87708,1888.1416,1053.77881,1874.10156,1053.77881],"IndexInText":881,"OcrConfidence":1.0,"Text":"10","VisualLineNumber":43},{"Box":[1033.87708,1922.61145,7.02,19.9017],"Polygon":[1922.61145,1033.87708,1929.63147,1033.87708,1929.63147,1053.77881,1922.61145,1053.77881],"IndexInText":884,"OcrConfidence":1.0,"Text":"1","VisualLineNumber":43},{"Box":[1033.87708,1962.03162,63.18,19.9017],"Polygon":[1962.03162,1033.87708,2025.21155,1033.87708,2025.21155,1053.77881,1962.03162,1053.77881],"IndexInText":886,"OcrConfidence":1.0,"Text":"20000471G","VisualLineNumber":43},{"Box":[1033.87708,2041.32874,42.12,19.9017],"Polygon":[2041.32874,1033.87708,2083.44873,1033.87708,2083.44873,1053.77881,2041.32874,1053.77881],"IndexInText":896,"OcrConfidence":1.0,"Text":"BRACE,","VisualLineNumber":43},{"Box":[1033.87708,2090.46875,28.08,19.9017],"Polygon":[2090.46875,1033.87708,2118.54858,1033.87708,2118.54858,1053.77881,2090.46875,1053.77881],"IndexInText":903,"OcrConfidence":1.0,"Text":"REAR","VisualLineNumber":43},{"Box":[1033.87708,2125.5686,35.1,19.9017],"Polygon":[2125.5686,1033.87708,2160.6687,1033.87708,2160.6687,1053.77881,2125.5686,1053.77881],"IndexInText":908,"OcrConfidence":1.0,"Text":"CROSS","VisualLineNumber":43},{"Box":[1033.87708,2167.68872,42.12,19.9017],"Polygon":[2167.68872,1033.87708,2209.80859,1033.87708,2209.80859,1053.77881,2167.68872,1053.77881],"IndexInText":914,"OcrConfidence":1.0,"Text":"MEMBER","VisualLineNumber":43},{"Box":[1049.951,1874.10156,14.04,19.9017],"Polygon":[1874.10156,1049.951,1888.1416,1049.951,1888.1416,1069.85278,1874.10156,1069.85278],"IndexInText":921,"OcrConfidence":1.0,"Text":"11","VisualLineNumber":44},{"Box":[1049.951,1922.61145,7.02,19.9017],"Polygon":[1922.61145,1049.951,1929.63147,1049.951,1929.63147,1069.85278,1922.61145,1069.85278],"IndexInText":924,"OcrConfidence":1.0,"Text":"2","VisualLineNumber":44},{"Box":[1049.951,1962.03162,63.18,19.9017],"Polygon":[1962.03162,1049.951,2025.21155,1049.951,2025.21155,1069.85278,1962.03162,1069.85278],"IndexInText":926,"OcrConfidence":1.0,"Text":"20000471K","VisualLineNumber":44},{"Box":[1049.951,2041.32874,49.14,19.9017],"Polygon":[2041.32874,1049.951,2090.46875,1049.951,2090.46875,1069.85278,2041.32874,1069.85278],"IndexInText":936,"OcrConfidence":1.0,"Text":"SPACER,","VisualLineNumber":44},{"Box":[1049.951,2097.48877,56.16,19.9017],"Polygon":[2097.48877,1049.951,2153.64868,1049.951,2153.64868,1069.85278,2097.48877,1069.85278],"IndexInText":944,"OcrConfidence":1.0,"Text":"RADIATOR","VisualLineNumber":44},{"Box":[1049.951,2160.6687,49.14,19.9017],"Polygon":[2160.6687,1049.951,2209.80859,1049.951,2209.80859,1069.85278,2160.6687,1069.85278],"IndexInText":953,"OcrConfidence":1.0,"Text":"SUPPORT","VisualLineNumber":44},{"Box":[1066.02515,1874.10156,14.04,19.9017],"Polygon":[1874.10156,1066.02515,1888.1416,1066.02515,1888.1416,1085.92676,1874.10156,1085.92676],"IndexInText":961,"OcrConfidence":1.0,"Text":"12","VisualLineNumber":45},{"Box":[1066.02515,1922.61145,7.02,19.9017],"Polygon":[1922.61145,1066.02515,1929.63147,1066.02515,1929.63147,1085.92676,1922.61145,1085.92676],"IndexInText":964,"OcrConfidence":1.0,"Text":"1","VisualLineNumber":45},{"Box":[1066.02515,1962.03162,63.18,19.9017],"Polygon":[1962.03162,1066.02515,2025.21155,1066.02515,2025.21155,1085.92676,1962.03162,1085.92676],"IndexInText":966,"OcrConfidence":1.0,"Text":"20000471L","VisualLineNumber":45},{"Box":[1066.02515,2041.32874,49.14,19.9017],"Polygon":[2041.32874,1066.02515,2090.46875,1066.02515,2090.46875,1085.92676,2041.32874,1085.92676],"IndexInText":976,"OcrConfidence":1.0,"Text":"LIFTING","VisualLineNumber":45},{"Box":[1066.02515,2097.48877,35.1,19.9017],"Polygon":[2097.48877,1066.02515,2132.58862,1066.02515,2132.58862,1085.92676,2097.48877,1085.92676],"IndexInText":984,"OcrConfidence":1.0,"Text":"HOOK,","VisualLineNumber":45},{"Box":[1066.02515,2139.60864,35.1,19.9017],"Polygon":[2139.60864,1066.02515,2174.70874,1066.02515,2174.70874,1085.92676,2139.60864,1085.92676],"IndexInText":990,"OcrConfidence":1.0,"Text":"FRONT","VisualLineNumber":45},{"Box":[1082.09912,1874.10168,14.04,19.9017],"Polygon":[1874.10168,1082.09912,1888.14172,1082.09912,1888.14172,1102.00085,1874.10168,1102.00085],"IndexInText":996,"OcrConfidence":1.0,"Text":"13","VisualLineNumber":46},{"Box":[1082.09912,1922.61169,7.02,19.9017],"Polygon":[1922.61169,1082.09912,1929.63171,1082.09912,1929.63171,1102.00085,1922.61169,1102.00085],"IndexInText":999,"OcrConfidence":1.0,"Text":"1","VisualLineNumber":46},{"Box":[1082.09912,1962.03186,63.18,19.9017],"Polygon":[1962.03186,1082.09912,2025.21179,1082.09912,2025.21179,1102.00085,1962.03186,1102.00085],"IndexInText":1001,"OcrConfidence":1.0,"Text":"20000471M","VisualLineNumber":46},{"Box":[1082.09912,2041.32886,49.14,19.9017],"Polygon":[2041.32886,1082.09912,2090.469,1082.09912,2090.469,1102.00085,2041.32886,1102.00085],"IndexInText":1011,"OcrConfidence":1.0,"Text":"LIFTING","VisualLineNumber":46},{"Box":[1082.09912,2097.489,35.1,19.9017],"Polygon":[2097.489,1082.09912,2132.58887,1082.09912,2132.58887,1102.00085,2097.489,1102.00085],"IndexInText":1019,"OcrConfidence":1.0,"Text":"HOOK,","VisualLineNumber":46},{"Box":[1082.09912,2139.609,35.1,19.9017],"Polygon":[2139.609,1082.09912,2174.709,1082.09912,2174.709,1102.00085,2139.609,1102.00085],"IndexInText":1025,"OcrConfidence":1.0,"Text":"FRONT","VisualLineNumber":46}]}]},{"IndexInText":1032,"Language":"bul","Length":17,"Rotation":"None","SkewAngle":0.0,"Type":"Paragraph","WordGroups":[{"IndexInText":1032,"Length":17,"Type":"Other","Words":[{"Box":[953.5071,2347.47632,7.02,19.9017],"Polygon":[2347.47632,953.5071,2354.49634,953.5071,2354.49634,973.4088,2347.47632,973.4088],"IndexInText":1032,"OcrConfidence":1.0,"Text":"0","VisualLineNumber":38},{"Box":[969.5811,2347.47632,7.02,19.9017],"Polygon":[2347.47632,969.5811,2354.49634,969.5811,2354.49634,989.4828,2347.47632,989.4828],"IndexInText":1034,"OcrConfidence":1.0,"Text":"0","VisualLineNumber":39},{"Box":[985.655,2347.47632,7.02,19.9017],"Polygon":[2347.47632,985.655,2354.49634,985.655,2354.49634,1005.5567,2347.47632,1005.5567],"IndexInText":1036,"OcrConfidence":1.0,"Text":"0","VisualLineNumber":40},{"Box":[1001.72913,2347.47632,7.02,19.9017],"Polygon":[2347.47632,1001.72913,2354.49634,1001.72913,2354.49634,1021.6308,2347.47632,1021.6308],"IndexInText":1038,"OcrConfidence":1.0,"Text":"0","VisualLineNumber":41},{"Box":[1017.803,2347.47632,7.02,19.9017],"Polygon":[2347.47632,1017.803,2354.49634,1017.803,2354.49634,1037.70471,2347.47632,1037.70471],"IndexInText":1040,"OcrConfidence":1.0,"Text":"0","VisualLineNumber":42},{"Box":[1033.87708,2347.47632,7.02,19.9017],"Polygon":[2347.47632,1033.87708,2354.49634,1033.87708,2354.49634,1053.77881,2347.47632,1053.77881],"IndexInText":1042,"OcrConfidence":1.0,"Text":"0","VisualLineNumber":43},{"Box":[1049.951,2347.47632,7.02,19.9017],"Polygon":[2347.47632,1049.951,2354.49634,1049.951,2354.49634,1069.85278,2347.47632,1069.85278],"IndexInText":1044,"OcrConfidence":1.0,"Text":"0","VisualLineNumber":44},{"Box":[1066.02515,2347.47632,7.02,19.9017],"Polygon":[2347.47632,1066.02515,2354.49634,1066.02515,2354.49634,1085.92676,2347.47632,1085.92676],"IndexInText":1046,"OcrConfidence":1.0,"Text":"0","VisualLineNumber":45},{"Box":[1082.09912,2347.47656,7.02,19.9017],"Polygon":[2347.47656,1082.09912,2354.49658,1082.09912,2354.49658,1102.00085,2347.47656,1102.00085],"IndexInText":1048,"OcrConfidence":1.0,"Text":"0","VisualLineNumber":46}]}]},{"IndexInText":1051,"Language":"bul","Length":7,"Rotation":"None","SkewAngle":0.0,"Type":"Paragraph","WordGroups":[{"IndexInText":1051,"Length":7,"Type":"Other","Words":[{"Box":[1091.55029,993.0002,50.2199,19.9017],"Polygon":[993.0002,1091.55029,1043.22009,1091.55029,1043.22009,1111.452,993.0002,1111.452],"IndexInText":1051,"OcrConfidence":1.0,"Text":"(73.28)","VisualLineNumber":47}]}]},{"IndexInText":1060,"Language":"fra","Length":25,"Rotation":"None","SkewAngle":0.0,"Type":"Paragraph","WordGroups":[{"IndexInText":1060,"Length":25,"Type":"Other","Words":[{"Box":[1212.76843,1344.918,17.147,20.1692],"Polygon":[1344.918,1212.76843,1362.065,1212.76843,1362.065,1232.93762,1344.918,1232.93762],"IndexInText":1060,"OcrConfidence":1.0,"Text":"1-2","VisualLineNumber":48},{"Box":[1206.19287,1395.97217,5.265,19.9017],"Polygon":[1395.97217,1206.19287,1401.23718,1206.19287,1401.23718,1226.0946,1395.97217,1226.0946],"IndexInText":1064,"OcrConfidence":1.0,"Text":"3","VisualLineNumber":48},{"Box":[1206.19287,1406.5022,26.325,19.9017],"Polygon":[1406.5022,1206.19287,1432.82715,1206.19287,1432.82715,1226.0946,1406.5022,1226.0946],"IndexInText":1066,"OcrConfidence":1.0,"Text":"SIDES","VisualLineNumber":48},{"Box":[1253.80725,1339.93323,22.5468,20.1692],"Polygon":[1339.93323,1253.80725,1362.48,1253.80725,1362.48,1273.97644,1339.93323,1273.97644],"IndexInText":1072,"OcrConfidence":1.0,"Text":".5-1","VisualLineNumber":50},{"Box":[1247.23169,1396.38745,5.265,19.9017],"Polygon":[1396.38745,1247.23169,1401.65234,1247.23169,1401.65234,1267.13342,1396.38745,1267.13342],"IndexInText":1077,"OcrConfidence":1.0,"Text":"2","VisualLineNumber":50},{"Box":[1247.23169,1406.91736,31.59,19.9017],"Polygon":[1406.91736,1247.23169,1438.50745,1247.23169,1438.50745,1267.13342,1406.91736,1267.13342],"IndexInText":1079,"OcrConfidence":1.0,"Text":"PLACES","VisualLineNumber":50}]}]},{"IndexInText":1087,"Language":"eng","Length":43,"Rotation":"None","SkewAngle":0.0,"Type":"Paragraph","WordGroups":[{"IndexInText":1087,"Length":43,"Type":"Sentence","Words":[{"Box":[1279.24768,1996.97583,42.12,19.9017],"Polygon":[1996.97583,1279.24768,2039.09583,1279.24768,2039.09583,1299.14941,1996.97583,1299.14941],"IndexInText":1087,"OcrConfidence":1.0,"Text":"NOTES:","VisualLineNumber":52},{"Box":[1292.74768,1996.97583,21.06,19.9017],"Polygon":[1996.97583,1292.74768,2018.03577,1292.74768,2018.03577,1312.64941,1996.97583,1312.64941],"IndexInText":1094,"OcrConfidence":1.0,"Text":"1.)","VisualLineNumber":53},{"Box":[1292.74768,2032.07581,35.1,19.9017],"Polygon":[2032.07581,1292.74768,2067.17578,1292.74768,2067.17578,1312.64941,2032.07581,1312.64941],"IndexInText":1098,"OcrConfidence":1.0,"Text":"DEBUR","VisualLineNumber":53},{"Box":[1292.74768,2074.1958,21.06,19.9017],"Polygon":[2074.1958,1292.74768,2095.25586,1292.74768,2095.25586,1312.64941,2074.1958,1312.64941],"IndexInText":1104,"OcrConfidence":1.0,"Text":"AND","VisualLineNumber":53},{"Box":[1292.74768,2102.276,35.1,19.9017],"Polygon":[2102.276,1292.74768,2137.37573,1292.74768,2137.37573,1312.64941,2102.276,1312.64941],"IndexInText":1108,"OcrConfidence":1.0,"Text":"BREAK","VisualLineNumber":53},{"Box":[1292.74768,2144.39575,21.06,19.9017],"Polygon":[2144.39575,1292.74768,2165.45581,1292.74768,2165.45581,1312.64941,2144.39575,1312.64941],"IndexInText":1114,"OcrConfidence":1.0,"Text":"ALL","VisualLineNumber":53},{"Box":[1292.74768,2172.47583,35.1,19.9017],"Polygon":[2172.47583,1292.74768,2207.57568,1292.74768,2207.57568,1312.64941,2172.47583,1312.64941],"IndexInText":1118,"OcrConfidence":1.0,"Text":"SHARP","VisualLineNumber":53},{"Box":[1292.74768,2214.5957,42.12,19.9017],"Polygon":[2214.5957,1292.74768,2256.71582,1292.74768,2256.71582,1312.64941,2214.5957,1312.64941],"IndexInText":1124,"OcrConfidence":1.0,"Text":"EDGES.","VisualLineNumber":53}]}]},{"IndexInText":1132,"Language":"dan","Length":11,"Rotation":"None","SkewAngle":0.0,"Type":"Paragraph","WordGroups":[{"IndexInText":1132,"Length":11,"Type":"Other","Words":[{"Box":[1307.985,1345.24585,17.1469,20.1693],"Polygon":[1345.24585,1307.985,1362.3927,1307.985,1362.3927,1328.1543,1345.24585,1328.1543],"IndexInText":1132,"OcrConfidence":1.0,"Text":"1-2","VisualLineNumber":54},{"Box":[1301.40942,1396.30017,5.265,19.9017],"Polygon":[1396.30017,1301.40942,1401.56519,1301.40942,1401.56519,1321.31116,1396.30017,1321.31116],"IndexInText":1136,"OcrConfidence":1.0,"Text":"3","VisualLineNumber":54},{"Box":[1301.40942,1406.8302,26.325,19.9017],"Polygon":[1406.8302,1301.40942,1433.15515,1301.40942,1433.15515,1321.31116,1406.8302,1321.31116],"IndexInText":1138,"OcrConfidence":1.0,"Text":"SIDES","VisualLineNumber":54}]}]},{"IndexInText":1145,"Language":"eng","Length":88,"Rotation":"None","SkewAngle":0.0,"Type":"Paragraph","WordGroups":[{"IndexInText":1145,"Length":88,"Type":"Other","Words":[{"Box":[1306.24756,1996.97583,21.06,19.9017],"Polygon":[1996.97583,1306.24756,2018.03577,1306.24756,2018.03577,1326.14929,1996.97583,1326.14929],"IndexInText":1145,"OcrConfidence":1.0,"Text":"2.)","VisualLineNumber":54},{"Box":[1306.24756,2032.07581,42.12,19.9017],"Polygon":[2032.07581,1306.24756,2074.1958,1306.24756,2074.1958,1326.14929,2032.07581,1326.14929],"IndexInText":1149,"OcrConfidence":1.0,"Text":"UNLESS","VisualLineNumber":54},{"Box":[1306.24756,2081.21582,63.18,19.9017],"Polygon":[2081.21582,1306.24756,2144.39575,1306.24756,2144.39575,1326.14929,2081.21582,1326.14929],"IndexInText":1156,"OcrConfidence":1.0,"Text":"OTHERWISE","VisualLineNumber":54},{"Box":[1306.24756,2151.41577,70.2,19.9017],"Polygon":[2151.41577,1306.24756,2221.61572,1306.24756,2221.61572,1326.14929,2151.41577,1326.14929],"IndexInText":1166,"OcrConfidence":1.0,"Text":"SPECIFIED,","VisualLineNumber":54},{"Box":[1306.24756,2228.63574,21.06,19.9017],"Polygon":[2228.63574,1306.24756,2249.6958,1306.24756,2249.6958,1326.14929,2228.63574,1326.14929],"IndexInText":1177,"OcrConfidence":1.0,"Text":"ALL","VisualLineNumber":54},{"Box":[1306.24756,2256.71582,70.2,19.9017],"Polygon":[2256.71582,1306.24756,2326.91577,1306.24756,2326.91577,1326.14929,2256.71582,1326.14929],"IndexInText":1181,"OcrConfidence":1.0,"Text":"DIMENSIONS","VisualLineNumber":54},{"Box":[1306.24756,2333.93579,21.06,19.9017],"Polygon":[2333.93579,1306.24756,2354.99585,1306.24756,2354.99585,1326.14929,2333.93579,1326.14929],"IndexInText":1192,"OcrConfidence":1.0,"Text":"ARE","VisualLineNumber":54},{"Box":[1319.74768,2032.07581,49.14,19.9017],"Polygon":[2032.07581,1319.74768,2081.21582,1319.74768,2081.21582,1339.64941,2032.07581,1339.64941],"IndexInText":1196,"OcrConfidence":1.0,"Text":"RELATED","VisualLineNumber":55},{"Box":[1319.74768,2088.23584,14.04,19.9017],"Polygon":[2088.23584,1319.74768,2102.276,1319.74768,2102.276,1339.64941,2088.23584,1339.64941],"IndexInText":1204,"OcrConfidence":1.0,"Text":"TO","VisualLineNumber":55},{"Box":[1319.74768,2109.296,35.1,19.9017],"Polygon":[2109.296,1319.74768,2144.39575,1319.74768,2144.39575,1339.64941,2109.296,1339.64941],"IndexInText":1207,"OcrConfidence":1.0,"Text":"DATUM","VisualLineNumber":55},{"Box":[1319.74768,2151.41577,7.02,19.9017],"Polygon":[2151.41577,1319.74768,2158.43579,1319.74768,2158.43579,1339.64941,2151.41577,1339.64941],"IndexInText":1213,"OcrConfidence":1.0,"Text":"A","VisualLineNumber":55},{"Box":[1319.74768,2165.45581,70.2,19.9017],"Polygon":[2165.45581,1319.74768,2235.65576,1319.74768,2235.65576,1339.64941,2165.45581,1339.64941],"IndexInText":1215,"OcrConfidence":1.0,"Text":"(PRIMARY),","VisualLineNumber":55},{"Box":[1319.74768,2242.67578,35.1,19.9017],"Polygon":[2242.67578,1319.74768,2277.776,1319.74768,2277.776,1339.64941,2242.67578,1339.64941],"IndexInText":1226,"OcrConfidence":1.0,"Text":"DATUM","VisualLineNumber":55},{"Box":[1319.74768,2284.796,7.02,19.9017],"Polygon":[2284.796,1319.74768,2291.816,1319.74768,2291.816,1339.64941,2284.796,1339.64941],"IndexInText":1232,"OcrConfidence":1.0,"Text":"B","VisualLineNumber":55}]}]},{"IndexInText":1235,"Language":"eng","Length":3,"Rotation":"None","SkewAngle":0.0,"Type":"Paragraph","WordGroups":[{"IndexInText":1235,"Length":3,"Type":"Other","Words":[{"Box":[1333.86316,984.4873,17.1468,20.1693],"Polygon":[984.4873,1333.86316,1001.63409,1333.86316,1001.63409,1354.03247,984.4873,1354.03247],"IndexInText":1235,"OcrConfidence":1.0,"Text":"1-3","VisualLineNumber":56}]}]},{"IndexInText":1240,"Language":"eng","Length":252,"Rotation":"None","SkewAngle":0.0,"Type":"Paragraph","WordGroups":[{"IndexInText":1240,"Length":36,"Type":"Other","Words":[{"Box":[1333.24756,2032.07581,84.24,19.9017],"Polygon":[2032.07581,1333.24756,2116.316,1333.24756,2116.316,1353.14929,2032.07581,1353.14929],"IndexInText":1240,"OcrConfidence":1.0,"Text":"(SECONDARY),","VisualLineNumber":56},{"Box":[1333.24756,2123.33569,21.06,19.9017],"Polygon":[2123.33569,1333.24756,2144.39575,1333.24756,2144.39575,1353.14929,2123.33569,1353.14929],"IndexInText":1253,"OcrConfidence":1.0,"Text":"AND","VisualLineNumber":56},{"Box":[1333.24756,2151.41577,35.1,19.9017],"Polygon":[2151.41577,1333.24756,2186.51587,1333.24756,2186.51587,1353.14929,2151.41577,1353.14929],"IndexInText":1257,"OcrConfidence":1.0,"Text":"DATUM","VisualLineNumber":56},{"Box":[1333.24756,2193.536,7.02,19.9017],"Polygon":[2193.536,1333.24756,2200.556,1333.24756,2200.556,1353.14929,2193.536,1353.14929],"IndexInText":1263,"OcrConfidence":1.0,"Text":"C","VisualLineNumber":56},{"Box":[1333.24756,2207.57568,77.22,19.9017],"Polygon":[2207.57568,1333.24756,2284.796,1333.24756,2284.796,1353.14929,2207.57568,1353.14929],"IndexInText":1265,"OcrConfidence":1.0,"Text":"(TERTIARY).","VisualLineNumber":56}]},{"IndexInText":1277,"Length":104,"Type":"Sentence","Words":[{"Box":[1346.74768,1996.97583,21.06,19.9017],"Polygon":[1996.97583,1346.74768,2018.03577,1346.74768,2018.03577,1366.64941,1996.97583,1366.64941],"IndexInText":1277,"OcrConfidence":1.0,"Text":"3.)","VisualLineNumber":57},{"Box":[1346.74768,2032.07581,21.06,19.9017],"Polygon":[2032.07581,1346.74768,2053.13574,1346.74768,2053.13574,1366.64941,2032.07581,1366.64941],"IndexInText":1281,"OcrConfidence":1.0,"Text":"ALL","VisualLineNumber":57},{"Box":[1346.74768,2060.15576,84.24,19.9017],"Polygon":[2060.15576,1346.74768,2144.39575,1346.74768,2144.39575,1366.64941,2060.15576,1366.64941],"IndexInText":1285,"OcrConfidence":1.0,"Text":"MEASUREMENTS","VisualLineNumber":57},{"Box":[1346.74768,2151.41577,14.04,19.9017],"Polygon":[2151.41577,1346.74768,2165.45581,1346.74768,2165.45581,1366.64941,2151.41577,1366.64941],"IndexInText":1298,"OcrConfidence":1.0,"Text":"TO","VisualLineNumber":57},{"Box":[1346.74768,2172.47583,14.04,19.9017],"Polygon":[2172.47583,1346.74768,2186.51587,1346.74768,2186.51587,1366.64941,2172.47583,1366.64941],"IndexInText":1301,"OcrConfidence":1.0,"Text":"BE","VisualLineNumber":57},{"Box":[1346.74768,2193.536,28.08,19.9017],"Polygon":[2193.536,1346.74768,2221.61572,1346.74768,2221.61572,1366.64941,2193.536,1366.64941],"IndexInText":1304,"OcrConfidence":1.0,"Text":"MADE","VisualLineNumber":57},{"Box":[1346.74768,2228.63574,35.1,19.9017],"Polygon":[2228.63574,1346.74768,2263.73584,1346.74768,2263.73584,1366.64941,2228.63574,1366.64941],"IndexInText":1309,"OcrConfidence":1.0,"Text":"AFTER","VisualLineNumber":57},{"Box":[1346.74768,2270.75586,56.16,19.9017],"Polygon":[2270.75586,1346.74768,2326.91577,1346.74768,2326.91577,1366.64941,2270.75586,1366.64941],"IndexInText":1315,"OcrConfidence":1.0,"Text":"WELDING,","VisualLineNumber":57},{"Box":[1360.24768,2032.07581,21.06,19.9017],"Polygon":[2032.07581,1360.24768,2053.13574,1360.24768,2053.13574,1380.14941,2032.07581,1380.14941],"IndexInText":1324,"OcrConfidence":1.0,"Text":"NOT","VisualLineNumber":58},{"Box":[1360.24768,2060.15576,63.18,19.9017],"Polygon":[2060.15576,1360.24768,2123.33569,1360.24768,2123.33569,1380.14941,2060.15576,1380.14941],"IndexInText":1328,"OcrConfidence":1.0,"Text":"PAINTING.","VisualLineNumber":58},{"Box":[1373.74756,1996.97583,21.06,19.9017],"Polygon":[1996.97583,1373.74756,2018.03577,1373.74756,2018.03577,1393.64929,1996.97583,1393.64929],"IndexInText":1338,"OcrConfidence":1.0,"Text":"4.)","VisualLineNumber":59},{"Box":[1373.74756,2032.07581,42.12,19.9017],"Polygon":[2032.07581,1373.74756,2074.1958,1373.74756,2074.1958,1393.64929,2032.07581,1393.64929],"IndexInText":1342,"OcrConfidence":1.0,"Text":"FINISH","VisualLineNumber":59},{"Box":[1373.74756,2081.21582,14.04,19.9017],"Polygon":[2081.21582,1373.74756,2095.25586,1373.74756,2095.25586,1393.64929,2081.21582,1393.64929],"IndexInText":1349,"OcrConfidence":1.0,"Text":"TO","VisualLineNumber":59},{"Box":[1373.74756,2102.276,14.04,19.9017],"Polygon":[2102.276,1373.74756,2116.316,1373.74756,2116.316,1393.64929,2102.276,1393.64929],"IndexInText":1352,"OcrConfidence":1.0,"Text":"BE","VisualLineNumber":59},{"Box":[1373.74756,2123.33569,35.1,19.9017],"Polygon":[2123.33569,1373.74756,2158.43579,1373.74756,2158.43579,1393.64929,2123.33569,1393.64929],"IndexInText":1355,"OcrConfidence":1.0,"Text":"BLACK","VisualLineNumber":59},{"Box":[1373.74756,2165.45581,21.06,19.9017],"Polygon":[2165.45581,1373.74756,2186.51587,1373.74756,2186.51587,1393.64929,2165.45581,1393.64929],"IndexInText":1361,"OcrConfidence":1.0,"Text":"PER","VisualLineNumber":59},{"Box":[1373.74756,2193.536,21.06,19.9017],"Polygon":[2193.536,1373.74756,2214.5957,1373.74756,2214.5957,1393.64929,2193.536,1393.64929],"IndexInText":1365,"OcrConfidence":1.0,"Text":"CPP","VisualLineNumber":59},{"Box":[1373.74756,2221.61572,28.08,19.9017],"Polygon":[2221.61572,1373.74756,2249.6958,1373.74756,2249.6958,1393.64929,2221.61572,1393.64929],"IndexInText":1369,"OcrConfidence":1.0,"Text":"STD.","VisualLineNumber":59},{"Box":[1373.74756,2256.71582,49.14,19.9017],"Polygon":[2256.71582,1373.74756,2305.85571,1373.74756,2305.85571,1393.64929,2256.71582,1393.64929],"IndexInText":1374,"OcrConfidence":1.0,"Text":"18,008.","VisualLineNumber":59}]},{"IndexInText":1382,"Length":110,"Type":"Other","Words":[{"Box":[1387.24768,1996.97583,21.06,19.9017],"Polygon":[1996.97583,1387.24768,2018.03577,1387.24768,2018.03577,1407.14941,1996.97583,1407.14941],"IndexInText":1382,"OcrConfidence":1.0,"Text":"5.)","VisualLineNumber":60},{"Box":[1387.24768,2032.07581,28.08,19.9017],"Polygon":[2032.07581,1387.24768,2060.15576,1387.24768,2060.15576,1407.14941,2032.07581,1407.14941],"IndexInText":1386,"OcrConfidence":1.0,"Text":"WELD","VisualLineNumber":60},{"Box":[1387.24768,2067.17578,21.06,19.9017],"Polygon":[2067.17578,1387.24768,2088.23584,1387.24768,2088.23584,1407.14941,2067.17578,1407.14941],"IndexInText":1391,"OcrConfidence":1.0,"Text":"NUT","VisualLineNumber":60},{"Box":[1387.24768,2095.25586,49.14,19.9017],"Polygon":[2095.25586,1387.24768,2144.39575,1387.24768,2144.39575,1407.14941,2095.25586,1407.14941],"IndexInText":1395,"OcrConfidence":1.0,"Text":"THREADS","VisualLineNumber":60},{"Box":[1387.24768,2151.41577,14.04,19.9017],"Polygon":[2151.41577,1387.24768,2165.45581,1387.24768,2165.45581,1407.14941,2151.41577,1407.14941],"IndexInText":1403,"OcrConfidence":1.0,"Text":"TO","VisualLineNumber":60},{"Box":[1387.24768,2172.47583,14.04,19.9017],"Polygon":[2172.47583,1387.24768,2186.51587,1387.24768,2186.51587,1407.14941,2172.47583,1407.14941],"IndexInText":1406,"OcrConfidence":1.0,"Text":"BE","VisualLineNumber":60},{"Box":[1387.24768,2193.536,35.1,19.9017],"Polygon":[2193.536,1387.24768,2228.63574,1387.24768,2228.63574,1407.14941,2193.536,1407.14941],"IndexInText":1409,"OcrConfidence":1.0,"Text":"CLEAR","VisualLineNumber":60},{"Box":[1387.24768,2235.65576,14.04,19.9017],"Polygon":[2235.65576,1387.24768,2249.6958,1387.24768,2249.6958,1407.14941,2235.65576,1407.14941],"IndexInText":1415,"OcrConfidence":1.0,"Text":"OF","VisualLineNumber":60},{"Box":[1387.24768,2256.71582,42.12,19.9017],"Polygon":[2256.71582,1387.24768,2298.83569,1387.24768,2298.83569,1407.14941,2256.71582,1407.14941],"IndexInText":1418,"OcrConfidence":1.0,"Text":"PAINT,","VisualLineNumber":60},{"Box":[1387.24768,2305.85571,28.08,19.9017],"Polygon":[2305.85571,1387.24768,2333.93579,1387.24768,2333.93579,1407.14941,2305.85571,1407.14941],"IndexInText":1425,"OcrConfidence":1.0,"Text":"WELD","VisualLineNumber":60},{"Box":[1400.74768,2032.07581,63.18,19.9017],"Polygon":[2032.07581,1400.74768,2095.25586,1400.74768,2095.25586,1420.64941,2032.07581,1420.64941],"IndexInText":1430,"OcrConfidence":1.0,"Text":"SPLATTER,","VisualLineNumber":61},{"Box":[1400.74768,2102.276,21.06,19.9017],"Polygon":[2102.276,1400.74768,2123.33569,1400.74768,2123.33569,1420.64941,2102.276,1420.64941],"IndexInText":1440,"OcrConfidence":1.0,"Text":"AND","VisualLineNumber":61},{"Box":[1400.74768,2130.35571,70.2,19.9017],"Polygon":[2130.35571,1400.74768,2200.556,1400.74768,2200.556,1420.64941,2130.35571,1420.64941],"IndexInText":1444,"OcrConfidence":1.0,"Text":"CONCENTRIC","VisualLineNumber":61},{"Box":[1400.74768,2207.57568,28.08,19.9017],"Polygon":[2207.57568,1400.74768,2235.65576,1400.74768,2235.65576,1420.64941,2207.57568,1420.64941],"IndexInText":1455,"OcrConfidence":1.0,"Text":"WITH","VisualLineNumber":61},{"Box":[1400.74768,2242.67578,42.12,19.9017],"Polygon":[2242.67578,1400.74768,2284.796,1400.74768,2284.796,1420.64941,2242.67578,1420.64941],"IndexInText":1460,"OcrConfidence":1.0,"Text":"HOLES.","VisualLineNumber":61},{"Box":[1419.47168,2000.58545,17.9713,12.7371],"Polygon":[2000.58545,1419.47168,2018.55664,1419.47168,2018.55664,1432.20874,2000.58545,1432.20874],"IndexInText":1467,"OcrConfidence":1.0,"Text":"REF.","VisualLineNumber":62},{"Box":[1419.47168,2023.04956,31.4496,12.7371],"Polygon":[2023.04956,1419.47168,2054.499,1419.47168,2054.499,1432.20874,2023.04956,1432.20874],"IndexInText":1472,"OcrConfidence":1.0,"Text":"DRAWING","VisualLineNumber":62},{"Box":[1419.47168,2058.992,13.4784,12.7371],"Polygon":[2058.992,1419.47168,2072.47021,1419.47168,2072.47021,1432.20874,2058.992,1432.20874],"IndexInText":1480,"OcrConfidence":1.0,"Text":"NO.","VisualLineNumber":62},{"Box":[1419.47168,2081.643,35.9424,12.7371],"Polygon":[2081.643,1419.47168,2117.58545,1419.47168,2117.58545,1432.20874,2081.643,1432.20874],"IndexInText":1484,"OcrConfidence":1.0,"Text":"70039135","VisualLineNumber":62}]}]},{"IndexInText":1494,"Language":"ron","Length":8,"Rotation":"None","SkewAngle":0.0,"Type":"Paragraph","WordGroups":[{"IndexInText":1494,"Length":8,"Type":"Other","Words":[{"Box":[1426.50293,2126.58545,35.9424,12.7371],"Polygon":[2126.58545,1426.50293,2162.52783,1426.50293,2162.52783,1439.24,2126.58545,1439.24],"IndexInText":1494,"OcrConfidence":1.0,"Text":"MATERIAL","VisualLineNumber":63}]}]},{"IndexInText":1504,"Language":"swe","Length":14,"Rotation":"None","SkewAngle":0.0,"Type":"Paragraph","WordGroups":[{"IndexInText":1504,"Length":14,"Type":"Other","Words":[{"Box":[1425.31165,2235.77344,16.848,15.9214],"Polygon":[2235.77344,1425.31165,2252.62134,1425.31165,2252.62134,1441.233,2235.77344,1441.233],"IndexInText":1504,"OcrConfidence":1.0,"Text":"CPP","VisualLineNumber":63},{"Box":[1425.31165,2258.2373,16.848,15.9214],"Polygon":[2258.2373,1425.31165,2275.08545,1425.31165,2275.08545,1441.233,2258.2373,1441.233],"IndexInText":1508,"OcrConfidence":1.0,"Text":"STD","VisualLineNumber":63},{"Box":[1425.31165,2280.70142,33.696,15.9214],"Polygon":[2280.70142,1425.31165,2314.39746,1425.31165,2314.39746,1441.233,2280.70142,1441.233],"IndexInText":1512,"OcrConfidence":1.0,"Text":"12,002","VisualLineNumber":63}]}]},{"IndexInText":1520,"Language":"eng","Length":25,"Rotation":"None","SkewAngle":0.0,"Type":"Paragraph","WordGroups":[{"IndexInText":1520,"Length":25,"Type":"Other","Words":[{"Box":[1435.71484,2000.58545,14.0399,7.9607],"Polygon":[2000.58545,1435.71484,2014.62537,1435.71484,2014.62537,1443.67566,2000.58545,1443.67566],"IndexInText":1520,"OcrConfidence":1.0,"Text":"DRAWN","VisualLineNumber":64},{"Box":[1435.71484,2017.43335,5.616,7.9607],"Polygon":[2017.43335,1435.71484,2023.04944,1435.71484,2023.04944,1443.67566,2017.43335,1443.67566],"IndexInText":1526,"OcrConfidence":1.0,"Text":"BY","VisualLineNumber":64},{"Box":[1432.3429,2028.73743,16.848,15.9214],"Polygon":[2028.73743,1432.3429,2045.58545,1432.3429,2045.58545,1448.26428,2028.73743,1448.26428],"IndexInText":1529,"OcrConfidence":1.0,"Text":"HLP","VisualLineNumber":64},{"Box":[1435.71484,2053.93726,11.232,7.9607],"Polygon":[2053.93726,1435.71484,2065.16919,1435.71484,2065.16919,1443.67566,2053.93726,1443.67566],"IndexInText":1533,"OcrConfidence":1.0,"Text":"DATE","VisualLineNumber":64},{"Box":[1432.3429,2078.27344,39.312,15.9214],"Polygon":[2078.27344,1432.3429,2117.58545,1432.3429,2117.58545,1448.26428,2078.27344,1448.26428],"IndexInText":1538,"OcrConfidence":1.0,"Text":"2/23/17","VisualLineNumber":64}]}]},{"IndexInText":1547,"Language":"eng","Length":4,"Rotation":"None","SkewAngle":0.0,"Type":"Paragraph","WordGroups":[{"IndexInText":1547,"Length":4,"Type":"Other","Words":[{"Box":[1449.83289,1056.6792,7.02,19.9017],"Polygon":[1056.6792,1449.83289,1063.69922,1449.83289,1063.69922,1469.73462,1056.6792,1469.73462],"IndexInText":1547,"OcrConfidence":1.0,"Text":"3","VisualLineNumber":65},{"Box":[1443.3562,1228.877,14.04,19.9017],"Polygon":[1228.877,1443.3562,1242.91687,1443.3562,1242.91687,1463.25793,1228.877,1463.25793],"IndexInText":1549,"OcrConfidence":1.0,"Text":"11","VisualLineNumber":65}]}]},{"IndexInText":1553,"Language":"eng","Length":277,"Rotation":"None","SkewAngle":0.0,"Type":"Paragraph","WordGroups":[{"IndexInText":1553,"Length":277,"Type":"Other","Words":[{"Box":[1447.59668,2000.58533,17.9712,12.7371],"Polygon":[2000.58533,1447.59668,2018.55652,1447.59668,2018.55652,1460.33374,2000.58533,1460.33374],"IndexInText":1553,"OcrConfidence":1.0,"Text":"REF.","VisualLineNumber":65},{"Box":[1447.59668,2023.04932,31.4497,12.7371],"Polygon":[2023.04932,1447.59668,2054.499,1447.59668,2054.499,1460.33374,2023.04932,1460.33374],"IndexInText":1558,"OcrConfidence":1.0,"Text":"DRAWING","VisualLineNumber":65},{"Box":[1447.59668,2058.9917,44.928,12.7371],"Polygon":[2058.9917,1447.59668,2103.92,1447.59668,2103.92,1460.33374,2058.9917,1460.33374],"IndexInText":1566,"OcrConfidence":1.0,"Text":"STANDARDS:","VisualLineNumber":65},{"Box":[1447.59668,2108.4126,17.9712,12.7371],"Polygon":[2108.4126,1447.59668,2126.38379,1447.59668,2126.38379,1460.33374,2108.4126,1460.33374],"IndexInText":1577,"OcrConfidence":1.0,"Text":"ASME","VisualLineNumber":65},{"Box":[1447.59668,2130.87671,26.9568,12.7371],"Polygon":[2130.87671,1447.59668,2157.8335,1447.59668,2157.8335,1460.33374,2130.87671,1460.33374],"IndexInText":1582,"OcrConfidence":1.0,"Text":"Y14.5M","VisualLineNumber":65},{"Box":[1447.59668,2230.323,13.4784,12.7371],"Polygon":[2230.323,1447.59668,2243.80151,1447.59668,2243.80151,1460.33374,2230.323,1460.33374],"IndexInText":1589,"OcrConfidence":1.0,"Text":"ALL","VisualLineNumber":65},{"Box":[1447.59668,2248.29419,49.4209,12.7371],"Polygon":[2248.29419,1447.59668,2297.715,1447.59668,2297.715,1460.33374,2248.29419,1460.33374],"IndexInText":1593,"OcrConfidence":1.0,"Text":"DIMENSIONS:","VisualLineNumber":65},{"Box":[1447.59668,2302.208,17.9712,12.7371],"Polygon":[2302.208,1447.59668,2320.1792,1447.59668,2320.1792,1460.33374,2302.208,1460.33374],"IndexInText":1605,"OcrConfidence":1.0,"Text":"INCH","VisualLineNumber":65},{"Box":[1447.59668,2324.67188,53.9137,12.7371],"Polygon":[2324.67188,1447.59668,2378.58569,1447.59668,2378.58569,1460.33374,2324.67188,1460.33374],"IndexInText":1610,"OcrConfidence":1.0,"Text":"[MILLIMETER]","VisualLineNumber":65},{"Box":[1471.80249,1774.76465,49.4208,12.7371],"Polygon":[1774.76465,1471.80249,1824.18542,1471.80249,1824.18542,1484.53955,1774.76465,1484.53955],"IndexInText":1623,"OcrConfidence":1.0,"Text":"DIMENSIONAL","VisualLineNumber":66},{"Box":[1471.80249,1828.67822,44.9281,12.7371],"Polygon":[1828.67822,1471.80249,1873.60632,1471.80249,1873.60632,1484.53955,1828.67822,1484.53955],"IndexInText":1635,"OcrConfidence":1.0,"Text":"TOLERANCES","VisualLineNumber":66},{"Box":[1471.80225,1883.78333,8.5364,12.7371],"Polygon":[1883.78333,1471.80225,1892.3197,1471.80225,1892.3197,1484.53931,1883.78333,1484.53931],"IndexInText":1646,"OcrConfidence":1.0,"Text":"DO","VisualLineNumber":66},{"Box":[1471.80225,1896.58777,12.8046,12.7371],"Polygon":[1896.58777,1471.80225,1909.39246,1471.80225,1909.39246,1484.53931,1896.58777,1484.53931],"IndexInText":1649,"OcrConfidence":1.0,"Text":"NOT","VisualLineNumber":66},{"Box":[1471.80225,1913.66052,21.3409,12.7371],"Polygon":[1913.66052,1471.80225,1935.00134,1471.80225,1935.00134,1484.53931,1913.66052,1484.53931],"IndexInText":1653,"OcrConfidence":1.0,"Text":"SCALE","VisualLineNumber":66},{"Box":[1471.80225,1939.26953,17.0727,12.7371],"Polygon":[1939.26953,1471.80225,1956.34216,1471.80225,1956.34216,1484.53931,1939.26953,1484.53931],"IndexInText":1659,"OcrConfidence":1.0,"Text":"THIS","VisualLineNumber":66},{"Box":[1471.80225,1960.61035,29.8772,12.7371],"Polygon":[1960.61035,1471.80225,1990.48755,1471.80225,1990.48755,1484.53931,1960.61035,1484.53931],"IndexInText":1664,"OcrConfidence":1.0,"Text":"DRAWING","VisualLineNumber":66},{"Box":[1458.7301,2000.58545,68.796,31.8427],"Polygon":[2000.58545,1458.7301,2069.38159,1458.7301,2069.38159,1490.57275,2000.58545,1490.57275],"IndexInText":1672,"OcrConfidence":1.0,"Text":"CUMMINS","VisualLineNumber":66},{"Box":[1458.7301,2079.20947,49.1399,31.8427],"Polygon":[2079.20947,1458.7301,2128.34937,1458.7301,2128.34937,1490.57275,2079.20947,1490.57275],"IndexInText":1680,"OcrConfidence":1.0,"Text":"POWER","VisualLineNumber":66},{"Box":[1458.7301,2138.17749,78.624,31.8427],"Polygon":[2138.17749,1458.7301,2216.80151,1458.7301,2216.80151,1490.57275,2138.17749,1490.57275],"IndexInText":1686,"OcrConfidence":1.0,"Text":"PRODUCTS","VisualLineNumber":66},{"Box":[1464.091,2255.03345,18.5328,17.5135],"Polygon":[2255.03345,1464.091,2273.56641,1464.091,2273.56641,1481.60437,2255.03345,1481.60437],"IndexInText":1695,"OcrConfidence":1.0,"Text":"NEW","VisualLineNumber":66},{"Box":[1464.091,2279.744,43.2432,17.5135],"Polygon":[2279.744,1464.091,2322.987,1464.091,2322.987,1481.60437,2279.744,1481.60437],"IndexInText":1699,"OcrConfidence":1.0,"Text":"HUDSON,","VisualLineNumber":66},{"Box":[1464.091,2329.16479,49.4209,17.5135],"Polygon":[2329.16479,1464.091,2378.58569,1464.091,2378.58569,1481.60437,2329.16479,1481.60437],"IndexInText":1707,"OcrConfidence":1.0,"Text":"MICHIGAN","VisualLineNumber":66},{"Box":[1482.48987,1797.22864,8.9856,12.7371],"Polygon":[1797.22864,1482.48987,1806.21423,1482.48987,1806.21423,1495.227,1797.22864,1495.227],"IndexInText":1716,"OcrConfidence":1.0,"Text":".X","VisualLineNumber":67},{"Box":[1482.48987,1810.707,4.4928,12.7371],"Polygon":[1810.707,1482.48987,1815.19983,1482.48987,1815.19983,1495.227,1810.707,1495.227],"IndexInText":1719,"OcrConfidence":1.0,"Text":"=","VisualLineNumber":67},{"Box":[1482.48987,1824.18542,4.4928,12.7371],"Polygon":[1824.18542,1482.48987,1828.67822,1482.48987,1828.67822,1495.227,1824.18542,1495.227],"IndexInText":1721,"OcrConfidence":1.0,"Text":"#","VisualLineNumber":67},{"Box":[1482.48987,1837.664,13.4784,12.7371],"Polygon":[1837.664,1482.48987,1851.14233,1482.48987,1851.14233,1495.227,1837.664,1495.227],"IndexInText":1723,"OcrConfidence":1.0,"Text":".05","VisualLineNumber":67},{"Box":[1484.10791,1882.68542,106.7038,13.3607],"Polygon":[1882.68542,1484.10791,1989.38916,1484.10791,1989.38916,1497.46863,1882.68542,1497.46863],"IndexInText":1727,"OcrConfidence":1.0,"Text":"TMHAITSIODNRASWHIONWGN/DTAHTEAREFOINL)EI(SANCDONTFHIEDEINNTFIOARL-","VisualLineNumber":67},{"Box":[1480.91785,2091.33521,21.9375,49.7542],"Polygon":[2091.33521,1480.91785,2113.27271,1480.91785,2113.27271,1530.67212,2091.33521,1530.67212],"IndexInText":1794,"OcrConfidence":1.0,"Text":"D","VisualLineNumber":67},{"Box":[1486.33984,2126.58545,11.2319,7.9607],"Polygon":[2126.58545,1486.33984,2137.81738,1486.33984,2137.81738,1494.30066,2126.58545,1494.30066],"IndexInText":1796,"OcrConfidence":1.0,"Text":"PART","VisualLineNumber":67},{"Box":[1486.33984,2140.62549,44.9279,7.9607],"Polygon":[2140.62549,1486.33984,2185.55322,1486.33984,2185.55322,1494.30066,2140.62549,1494.30066],"IndexInText":1801,"OcrConfidence":1.0,"Text":"NAME/APPLICATION","VisualLineNumber":67},{"Box":[1484.25586,2297.58545,22.464,12.7371],"Polygon":[2297.58545,1484.25586,2320.04956,1484.25586,2320.04956,1496.993,2297.58545,1496.993],"IndexInText":1818,"OcrConfidence":1.0,"Text":"SHEET","VisualLineNumber":67},{"Box":[1483.06458,2329.87744,5.616,15.9214],"Polygon":[2329.87744,1483.06458,2335.49341,1483.06458,2335.49341,1498.986,2329.87744,1498.986],"IndexInText":1824,"OcrConfidence":1.0,"Text":"1","VisualLineNumber":67},{"Box":[1483.06458,2341.46948,11.232,15.9214],"Polygon":[2341.46948,1483.06458,2352.70142,1483.06458,2352.70142,1498.986,2341.46948,1498.986],"IndexInText":1826,"OcrConfidence":1.0,"Text":"OF","VisualLineNumber":67},{"Box":[1483.06458,2358.67749,5.616,15.9214],"Polygon":[2358.67749,1483.06458,2364.29346,1483.06458,2364.29346,1498.986,2358.67749,1498.986],"IndexInText":1829,"OcrConfidence":1.0,"Text":"1","VisualLineNumber":67}]}]},{"IndexInText":1832,"Language":"eng","Length":125,"Rotation":"None","SkewAngle":0.0,"Type":"Paragraph","WordGroups":[{"IndexInText":1832,"Length":125,"Type":"Other","Words":[{"Box":[1493.17737,1792.73584,13.4784,12.7371],"Polygon":[1792.73584,1493.17737,1806.21423,1493.17737,1806.21423,1505.91455,1792.73584,1505.91455],"IndexInText":1832,"OcrConfidence":1.0,"Text":".XX","VisualLineNumber":68},{"Box":[1493.17737,1810.707,4.4928,12.7371],"Polygon":[1810.707,1493.17737,1815.19983,1493.17737,1815.19983,1505.91455,1810.707,1505.91455],"IndexInText":1836,"OcrConfidence":1.0,"Text":"=","VisualLineNumber":68},{"Box":[1493.17737,1824.18542,4.4928,12.7371],"Polygon":[1824.18542,1493.17737,1828.67822,1493.17737,1828.67822,1505.91455,1824.18542,1505.91455],"IndexInText":1838,"OcrConfidence":1.0,"Text":"#","VisualLineNumber":68},{"Box":[1493.17737,1837.664,17.9712,12.7371],"Polygon":[1837.664,1493.17737,1855.63513,1493.17737,1855.63513,1505.91455,1837.664,1505.91455],"IndexInText":1840,"OcrConfidence":1.0,"Text":".025","VisualLineNumber":68},{"Box":[1494.908,1882.68542,53.3519,13.3607],"Polygon":[1882.68542,1494.908,1936.03735,1494.908,1936.03735,1508.26855,1882.68542,1508.26855],"IndexInText":1845,"OcrConfidence":1.0,"Text":"ADNIDSCPLROOSPERDIETTOAROYTHAENRDS","VisualLineNumber":68},{"Box":[1494.908,1938.84534,50.5439,13.3607],"Polygon":[1938.84534,1494.908,1989.38916,1494.908,1989.38916,1508.26855,1938.84534,1508.26855],"IndexInText":1880,"OcrConfidence":1.0,"Text":"SOHRALRLEPNROOTDUBCEEDUSBEYD,","VisualLineNumber":68},{"Box":[1503.86487,1790.48926,17.9712,12.7371],"Polygon":[1790.48926,1503.86487,1808.46045,1503.86487,1808.46045,1516.602,1790.48926,1516.602],"IndexInText":1910,"OcrConfidence":1.0,"Text":".XXX","VisualLineNumber":69},{"Box":[1503.86487,1812.95325,4.4928,12.7371],"Polygon":[1812.95325,1503.86487,1817.446,1503.86487,1817.446,1516.602,1812.95325,1516.602],"IndexInText":1915,"OcrConfidence":1.0,"Text":"=","VisualLineNumber":69},{"Box":[1503.86487,1826.43176,4.4928,12.7371],"Polygon":[1826.43176,1503.86487,1830.92456,1503.86487,1830.92456,1516.602,1826.43176,1516.602],"IndexInText":1917,"OcrConfidence":1.0,"Text":"#","VisualLineNumber":69},{"Box":[1503.86487,1839.91016,17.9712,12.7371],"Polygon":[1839.91016,1503.86487,1857.88135,1503.86487,1857.88135,1516.602,1839.91016,1516.602],"IndexInText":1919,"OcrConfidence":1.0,"Text":".005","VisualLineNumber":69},{"Box":[1505.70789,1882.68542,8.424,7.9607],"Polygon":[1882.68542,1505.70789,1891.10938,1505.70789,1891.10938,1513.66858,1882.68542,1513.66858],"IndexInText":1924,"OcrConfidence":1.0,"Text":"ANY","VisualLineNumber":69},{"Box":[1505.70789,1893.91736,14.04,7.9607],"Polygon":[1893.91736,1505.70789,1907.9574,1505.70789,1907.9574,1513.66858,1893.91736,1513.66858],"IndexInText":1928,"OcrConfidence":1.0,"Text":"MEANS","VisualLineNumber":69},{"Box":[1505.70789,1910.76538,5.616,7.9607],"Polygon":[1910.76538,1505.70789,1916.38135,1505.70789,1916.38135,1513.66858,1910.76538,1513.66858],"IndexInText":1934,"OcrConfidence":1.0,"Text":"IN","VisualLineNumber":69},{"Box":[1505.70789,1919.18933,11.232,7.9607],"Polygon":[1919.18933,1505.70789,1930.42126,1505.70789,1930.42126,1513.66858,1919.18933,1513.66858],"IndexInText":1937,"OcrConfidence":1.0,"Text":"HARD","VisualLineNumber":69},{"Box":[1505.70789,1933.22925,11.232,7.9607],"Polygon":[1933.22925,1505.70789,1944.4613,1505.70789,1944.4613,1513.66858,1933.22925,1513.66858],"IndexInText":1942,"OcrConfidence":1.0,"Text":"COPY","VisualLineNumber":69},{"Box":[1505.70789,1947.26929,11.232,7.9607],"Polygon":[1947.26929,1505.70789,1958.50134,1505.70789,1958.50134,1513.66858,1947.26929,1513.66858],"IndexInText":1947,"OcrConfidence":1.0,"Text":"FORM","VisualLineNumber":69},{"Box":[1505.70789,1961.30933,5.6159,7.9607],"Polygon":[1961.30933,1505.70789,1966.92517,1505.70789,1966.92517,1513.66858,1961.30933,1513.66858],"IndexInText":1952,"OcrConfidence":1.0,"Text":"OR","VisualLineNumber":69},{"Box":[1505.70789,1969.73315,5.616,7.9607],"Polygon":[1969.73315,1505.70789,1975.34924,1505.70789,1975.34924,1513.66858,1969.73315,1513.66858],"IndexInText":1955,"OcrConfidence":1.0,"Text":"IN","VisualLineNumber":69}]}]},{"IndexInText":1959,"Language":"eng","Length":29,"Rotation":"None","SkewAngle":0.0,"Type":"Paragraph","WordGroups":[{"IndexInText":1959,"Length":29,"Type":"Other","Words":[{"Box":[1490.19263,2193.11353,44.928,15.9214],"Polygon":[2193.11353,1490.19263,2238.0415,1490.19263,2238.0415,1506.114,2193.11353,1506.114],"IndexInText":1959,"OcrConfidence":1.0,"Text":"BASERAIL","VisualLineNumber":68},{"Box":[1490.19263,2243.65747,44.928,15.9214],"Polygon":[2243.65747,1490.19263,2288.58545,1490.19263,2288.58545,1506.114,2243.65747,1506.114],"IndexInText":1968,"OcrConfidence":1.0,"Text":"ASSEMBLY","VisualLineNumber":68},{"Box":[1500.596,2297.58545,19.6559,7.9607],"Polygon":[2297.58545,1500.596,2317.24146,1500.596,2317.24146,1508.55664,2297.58545,1508.55664],"IndexInText":1977,"OcrConfidence":1.0,"Text":"DRAWING","VisualLineNumber":68},{"Box":[1500.596,2320.04932,8.424,7.9607],"Polygon":[2320.04932,1500.596,2328.47339,1500.596,2328.47339,1508.55664,2320.04932,1508.55664],"IndexInText":1985,"OcrConfidence":1.0,"Text":"NO.","VisualLineNumber":68}]}]},{"IndexInText":1990,"Language":"eng","Length":130,"Rotation":"None","SkewAngle":0.0,"Type":"Paragraph","WordGroups":[{"IndexInText":1990,"Length":130,"Type":"Other","Words":[{"Box":[1514.55249,1785.99646,26.9568,12.7371],"Polygon":[1785.99646,1514.55249,1812.95325,1514.55249,1812.95325,1527.28955,1785.99646,1527.28955],"IndexInText":1990,"OcrConfidence":1.0,"Text":"ANGLES","VisualLineNumber":70},{"Box":[1514.55249,1817.44617,4.4928,12.7371],"Polygon":[1817.44617,1514.55249,1821.939,1514.55249,1821.939,1527.28955,1817.44617,1527.28955],"IndexInText":1997,"OcrConfidence":1.0,"Text":"=","VisualLineNumber":70},{"Box":[1514.55249,1830.92456,4.4928,12.7371],"Polygon":[1830.92456,1514.55249,1835.41736,1514.55249,1835.41736,1527.28955,1830.92456,1527.28955],"IndexInText":1999,"OcrConfidence":1.0,"Text":"#","VisualLineNumber":70},{"Box":[1514.55249,1844.403,4.4928,12.7371],"Polygon":[1844.403,1514.55249,1848.89575,1514.55249,1848.89575,1527.28955,1844.403,1527.28955],"IndexInText":2001,"OcrConfidence":1.0,"Text":"1","VisualLineNumber":70},{"Box":[1514.55249,1853.38855,4.4928,12.7371],"Polygon":[1853.38855,1514.55249,1857.88135,1514.55249,1857.88135,1527.28955,1853.38855,1527.28955],"IndexInText":2003,"OcrConfidence":1.0,"Text":"$","VisualLineNumber":70},{"Box":[1511.10791,1882.68542,19.656,13.3607],"Polygon":[1882.68542,1511.10791,1902.34143,1511.10791,1902.34143,1524.46863,1882.68542,1524.46863],"IndexInText":2005,"OcrConfidence":1.0,"Text":"MCAOCNHSIENNET","VisualLineNumber":70},{"Box":[1511.10791,1905.14941,84.2398,13.3607],"Polygon":[1905.14941,1511.10791,1989.38916,1511.10791,1989.38916,1524.46863,1905.14941,1524.46863],"IndexInText":2020,"OcrConfidence":1.0,"Text":"ROEFADCAUBMLMEINFSILPEOSWEWRITPHROOUDTUCWTRSI.TTEN","VisualLineNumber":70},{"Box":[1517.82007,2015.58643,9.7324,5.5182],"Polygon":[2015.58643,1517.82007,2025.31885,1517.82007,2025.31885,1523.33826,2015.58643,1523.33826],"IndexInText":2071,"OcrConfidence":1.0,"Text":"THIRD","VisualLineNumber":70},{"Box":[1517.82007,2027.26526,9.7324,5.5182],"Polygon":[2027.26526,1517.82007,2036.99756,1517.82007,2036.99756,1523.33826,2027.26526,1523.33826],"IndexInText":2077,"OcrConfidence":1.0,"Text":"ANGLE","VisualLineNumber":70},{"Box":[1517.82007,2038.944,19.4647,5.5182],"Polygon":[2038.944,1517.82007,2058.40869,1517.82007,2058.40869,1523.33826,2038.944,1523.33826],"IndexInText":2083,"OcrConfidence":1.0,"Text":"PROJECTION","VisualLineNumber":70},{"Box":[1514.85144,2094.70532,11.232,7.9607],"Polygon":[2094.70532,1514.85144,2105.93726,1514.85144,2105.93726,1522.81213,2094.70532,1522.81213],"IndexInText":2094,"OcrConfidence":1.0,"Text":"SIZE","VisualLineNumber":70},{"Box":[1512.768,2225.58545,26.9568,12.7371],"Polygon":[2225.58545,1512.768,2252.54224,1512.768,2252.54224,1525.505,2225.58545,1525.505],"IndexInText":2099,"OcrConfidence":1.0,"Text":"SCALE:","VisualLineNumber":70},{"Box":[1511.57666,2260.50537,28.08,15.9214],"Polygon":[2260.50537,1511.57666,2288.58545,1511.57666,2288.58545,1527.498,2260.50537,1527.498],"IndexInText":2106,"OcrConfidence":1.0,"Text":"0.083","VisualLineNumber":70},{"Box":[1509.47961,2333.65747,44.928,15.9214],"Polygon":[2333.65747,1509.47961,2378.58545,1509.47961,2378.58545,1525.401,2333.65747,1525.401],"IndexInText":2112,"OcrConfidence":1.0,"Text":"20000471","VisualLineNumber":70}]}]},{"IndexInText":2122,"Language":"zho","Length":17,"Rotation":"Rotated90","SkewAngle":0.0,"Type":"Paragraph","WordGroups":[{"IndexInText":2122,"Length":17,"Type":"Other","Words":[{"Box":[563.9559,811.9322,19.9017,14.04],"Polygon":[811.9322,577.9959,811.9322,563.9559,831.8339,563.9559,831.8339,577.9959],"IndexInText":2122,"OcrConfidence":1.0,"Text":"2X","VisualLineNumber":72},{"Box":[521.2959,811.9322,19.9017,35.1],"Polygon":[811.9322,556.3959,811.9322,521.2959,831.8339,521.2959,831.8339,556.3959],"IndexInText":2125,"OcrConfidence":1.0,"Text":"44.09","VisualLineNumber":72},{"Box":[563.9559,835.9322,19.9017,14.04],"Polygon":[835.9322,577.9959,835.9322,563.9559,855.8339,563.9559,855.8339,577.9959],"IndexInText":2131,"OcrConfidence":1.0,"Text":"2X","VisualLineNumber":73},{"Box":[521.2959,835.9322,19.9017,35.1],"Polygon":[835.9322,556.3959,835.9322,521.2959,855.8339,521.2959,855.8339,556.3959],"IndexInText":2134,"OcrConfidence":1.0,"Text":"40.09","VisualLineNumber":73}]}]},{"IndexInText":2141,"Language":"bul","Length":7,"Rotation":"Rotated90","SkewAngle":0.0,"Type":"Paragraph","WordGroups":[{"IndexInText":2141,"Length":7,"Type":"Other","Words":[{"Box":[517.8083,918.4294,19.9017,50.22],"Polygon":[918.4294,568.0283,918.4294,517.80835,938.3311,517.80835,938.3311,568.0283],"IndexInText":2141,"OcrConfidence":1.0,"Text":"(26.34)","VisualLineNumber":75}]}]},{"IndexInText":2150,"Language":"zho","Length":15,"Rotation":"Rotated90","SkewAngle":0.0,"Type":"Paragraph","WordGroups":[{"IndexInText":2150,"Length":15,"Type":"Other","Words":[{"Box":[556.7558,1040.46326,19.9017,14.04],"Polygon":[1040.46326,570.7958,1040.46326,556.755859,1060.365,556.755859,1060.365,570.7958],"IndexInText":2150,"OcrConfidence":1.0,"Text":"2X","VisualLineNumber":78},{"Box":[521.1157,1040.46326,19.9017,28.08],"Polygon":[1040.46326,549.1957,1040.46326,521.1157,1060.365,521.1157,1060.365,549.1957],"IndexInText":2153,"OcrConfidence":1.0,"Text":"6.00","VisualLineNumber":78},{"Box":[556.7558,1064.46326,19.9017,14.04],"Polygon":[1064.46326,570.7958,1064.46326,556.755859,1084.36487,556.755859,1084.36487,570.7958],"IndexInText":2158,"OcrConfidence":1.0,"Text":"2X","VisualLineNumber":79},{"Box":[521.1157,1064.46326,19.9017,28.08],"Polygon":[1064.46326,549.1957,1064.46326,521.1157,1084.36487,521.1157,1084.36487,549.1957],"IndexInText":2161,"OcrConfidence":1.0,"Text":"2.00","VisualLineNumber":79}]}]},{"IndexInText":2167,"Language":"zho","Length":17,"Rotation":"Rotated90","SkewAngle":0.0,"Type":"Paragraph","WordGroups":[{"IndexInText":2167,"Length":17,"Type":"Other","Words":[{"Box":[173.9456,799.9322,19.9017,14.04],"Polygon":[799.9322,187.9856,799.9322,173.945557,819.8339,173.945557,819.8339,187.9856],"IndexInText":2167,"OcrConfidence":1.0,"Text":"2X","VisualLineNumber":71},{"Box":[131.2856,799.9322,19.9017,35.1],"Polygon":[799.9322,166.38562,799.9322,131.285645,819.8339,131.285645,819.8339,166.38562],"IndexInText":2170,"OcrConfidence":1.0,"Text":"46.09","VisualLineNumber":71},{"Box":[173.9456,847.9322,19.9017,14.04],"Polygon":[847.9322,187.9856,847.9322,173.945557,867.8339,173.945557,867.8339,187.9856],"IndexInText":2176,"OcrConfidence":1.0,"Text":"2X","VisualLineNumber":74},{"Box":[131.2856,847.9322,19.9017,35.1],"Polygon":[847.9322,166.38562,847.9322,131.285645,867.8339,131.285645,867.8339,166.38562],"IndexInText":2179,"OcrConfidence":1.0,"Text":"38.09","VisualLineNumber":74}]}]},{"IndexInText":2186,"Language":"zho","Length":21,"Rotation":"Rotated90","SkewAngle":0.0,"Type":"Paragraph","WordGroups":[{"IndexInText":2186,"Length":21,"Type":"Other","Words":[{"Box":[203.4776,924.7054,19.9017,21.06],"Polygon":[924.7054,224.5376,924.7054,203.477539,944.6071,203.477539,944.6071,224.5376],"IndexInText":2186,"OcrConfidence":1.0,"Text":"(2X","VisualLineNumber":75},{"Box":[152.7175,924.7054,19.9017,43.02],"Polygon":[924.7054,195.737549,924.7054,152.717529,944.6071,152.717529,944.6071,195.737549],"IndexInText":2190,"OcrConfidence":1.0,"Text":"25.30)","VisualLineNumber":75},{"Box":[203.4776,947.8673,19.9017,21.06],"Polygon":[947.8673,224.5376,947.8673,203.477539,967.769,203.477539,967.769,224.5376],"IndexInText":2197,"OcrConfidence":1.0,"Text":"(2X","VisualLineNumber":76},{"Box":[152.7175,947.8673,19.9017,43.02],"Polygon":[947.8673,195.737549,947.8673,152.717529,967.769,152.717529,967.769,195.737549],"IndexInText":2201,"OcrConfidence":1.0,"Text":"14.29)","VisualLineNumber":76}]}]},{"IndexInText":2209,"Language":"zho","Length":7,"Rotation":"Rotated90","SkewAngle":0.0,"Type":"Paragraph","WordGroups":[{"IndexInText":2209,"Length":7,"Type":"Other","Words":[{"Box":[173.9456,1028.47559,19.9017,14.04],"Polygon":[1028.47559,187.9856,1028.47559,173.945557,1048.37732,173.945557,1048.37732,187.9856],"IndexInText":2209,"OcrConfidence":1.0,"Text":"2X","VisualLineNumber":77},{"Box":[138.3056,1028.47559,19.9017,28.08],"Polygon":[1028.47559,166.38562,1028.47559,138.305542,1048.37732,138.305542,1048.37732,166.38562],"IndexInText":2212,"OcrConfidence":1.0,"Text":"8.00","VisualLineNumber":77}]}]},{"IndexInText":2218,"Language":"zho","Length":16,"Rotation":"Rotated90","SkewAngle":0.0,"Type":"Paragraph","WordGroups":[{"IndexInText":2218,"Length":16,"Type":"Other","Words":[{"Box":[173.9456,1076.47559,19.9017,14.04],"Polygon":[1076.47559,187.9856,1076.47559,173.945557,1096.37732,173.945557,1096.37732,187.9856],"IndexInText":2218,"OcrConfidence":1.0,"Text":"2X","VisualLineNumber":80},{"Box":[145.3256,1076.47559,19.9017,21.06],"Polygon":[1076.47559,166.38562,1076.47559,145.325562,1096.37732,145.325562,1096.37732,166.38562],"IndexInText":2221,"OcrConfidence":1.0,"Text":".00","VisualLineNumber":80},{"Box":[150.4012,1134.20129,19.9017,21.24],"Polygon":[1134.20129,171.641235,1134.20129,150.401245,1154.103,150.401245,1154.103,171.641235],"IndexInText":2225,"OcrConfidence":1.0,"Text":"(2X","VisualLineNumber":81},{"Box":[107.0211,1134.20129,19.9017,35.8201],"Polygon":[1134.20129,142.841187,1134.20129,107.021118,1154.103,107.021118,1154.103,142.841187],"IndexInText":2229,"OcrConfidence":1.0,"Text":"9.62)","VisualLineNumber":81}]}]},{"IndexInText":2236,"Language":"zho","Length":8,"Rotation":"Rotated90","SkewAngle":0.0,"Type":"Paragraph","WordGroups":[{"IndexInText":2236,"Length":8,"Type":"Other","Words":[{"Box":[173.9456,1203.65564,19.9017,14.04],"Polygon":[1203.65564,187.9856,1203.65564,173.945557,1223.55737,173.945557,1223.55737,187.9856],"IndexInText":2236,"OcrConfidence":1.0,"Text":"2X","VisualLineNumber":82},{"Box":[131.2856,1203.65564,19.9017,35.1],"Polygon":[1203.65564,166.38562,1203.65564,131.285645,1223.55737,131.285645,1223.55737,166.38562],"IndexInText":2239,"OcrConfidence":1.0,"Text":"21.20","VisualLineNumber":82}]}]}],"ProcessingSource":"Pdf","IndexInText":0,"TextLength":2244,"SkewAngle":0.0}]}