{"DocumentId":"70017470_drw","ContentType":"application/pdf","Length":1573,"Pages":[{"PageIndex":0,"Size":[0.0,0.0,2448.0,1584.0],"Sections":[{"IndexInText":0,"Language":"eng","Length":23,"Rotation":"None","SkewAngle":0.0,"Type":"Paragraph","WordGroups":[{"IndexInText":0,"Length":23,"Type":"Other","Words":[{"Box":[37.6632,106.3941,27.5184,11.145],"Polygon":[106.3941,37.6632,133.9125,37.6632,133.9125,48.8082,106.3941,48.8082],"IndexInText":0,"OcrConfidence":1.0,"Text":"DRAWING","VisualLineNumber":0},{"Box":[37.6632,137.8437,23.5872,11.145],"Polygon":[137.8437,37.6632,161.4309,37.6632,161.4309,48.8082,137.8437,48.8082],"IndexInText":8,"OcrConfidence":1.0,"Text":"NUMBER","VisualLineNumber":0},{"Box":[47.6458,98.8125,70.2,24.8771],"Polygon":[98.8125,47.6458,169.0125,47.6458,169.0125,72.5229,98.8125,72.5229],"IndexInText":15,"OcrConfidence":1.0,"Text":"70017470","VisualLineNumber":1}]}]},{"IndexInText":25,"Language":"eng","Length":9,"Rotation":"None","SkewAngle":0.0,"Type":"Paragraph","WordGroups":[{"IndexInText":25,"Length":9,"Type":"Other","Words":[{"Box":[35.484,2143.19165,40.4352,12.7371],"Polygon":[2143.19165,35.484,2183.627,35.484,2183.627,48.2211,2143.19165,48.2211],"IndexInText":25,"OcrConfidence":1.0,"Text":"REVISIONS","VisualLineNumber":0}]}]},{"IndexInText":36,"Language":"ron","Length":8,"Rotation":"None","SkewAngle":0.0,"Type":"Paragraph","WordGroups":[{"IndexInText":36,"Length":8,"Type":"Other","Words":[{"Box":[47.4371,1948.32,13.4784,12.7371],"Polygon":[1948.32,47.4371,1961.79834,47.4371,1961.79834,60.1742,1948.32,60.1742],"IndexInText":36,"OcrConfidence":1.0,"Text":"REV","VisualLineNumber":1},{"Box":[47.4371,1982.07361,17.9712,12.7371],"Polygon":[1982.07361,47.4371,2000.0448,47.4371,2000.0448,60.1742,1982.07361,60.1742],"IndexInText":40,"OcrConfidence":1.0,"Text":"DATE","VisualLineNumber":1}]}]},{"IndexInText":46,"Language":"eng","Length":6,"Rotation":"None","SkewAngle":0.0,"Type":"Paragraph","WordGroups":[{"IndexInText":46,"Length":6,"Type":"Other","Words":[{"Box":[47.4371,2136.431,26.9568,12.7371],"Polygon":[2136.431,47.4371,2163.3877,47.4371,2163.3877,60.1742,2136.431,60.1742],"IndexInText":46,"OcrConfidence":1.0,"Text":"CHANGE","VisualLineNumber":1}]}]},{"IndexInText":54,"Language":"eng","Length":10,"Rotation":"None","SkewAngle":0.0,"Type":"Paragraph","WordGroups":[{"IndexInText":54,"Length":10,"Type":"Other","Words":[{"Box":[47.4371,2290.76636,8.9856,12.7371],"Polygon":[2290.76636,47.4371,2299.752,47.4371,2299.752,60.1742,2290.76636,60.1742],"IndexInText":54,"OcrConfidence":1.0,"Text":"BY","VisualLineNumber":1},{"Box":[47.4371,2326.77,13.4784,12.7371],"Polygon":[2326.77,47.4371,2340.24854,47.4371,2340.24854,60.1742,2326.77,60.1742],"IndexInText":57,"OcrConfidence":1.0,"Text":"ER#","VisualLineNumber":1},{"Box":[47.4371,2365.02,13.4784,12.7371],"Polygon":[2365.02,47.4371,2378.49854,47.4371,2378.49854,60.1742,2365.02,60.1742],"IndexInText":61,"OcrConfidence":1.0,"Text":"CKD","VisualLineNumber":1}]}]},{"IndexInText":66,"Language":"bul","Length":5,"Rotation":"None","SkewAngle":0.0,"Type":"Paragraph","WordGroups":[{"IndexInText":66,"Length":5,"Type":"Other","Words":[{"Box":[61.3059,784.7465,35.1,19.9017],"Polygon":[784.7465,61.3059,819.8465,61.3059,819.8465,81.2076,784.7465,81.2076],"IndexInText":66,"OcrConfidence":1.0,"Text":"27.00","VisualLineNumber":2}]}]},{"IndexInText":73,"Language":"eng","Length":75,"Rotation":"None","SkewAngle":0.0,"Type":"Paragraph","WordGroups":[{"IndexInText":73,"Length":75,"Type":"Other","Words":[{"Box":[59.2536,1952.25122,5.616,15.9214],"Polygon":[1952.25122,59.2536,1957.86719,59.2536,1957.86719,75.175,1952.25122,75.175],"IndexInText":73,"OcrConfidence":1.0,"Text":"0","VisualLineNumber":2},{"Box":[59.2536,1971.4032,39.312,15.9214],"Polygon":[1971.4032,59.2536,2010.71521,59.2536,2010.71521,75.175,1971.4032,75.175],"IndexInText":75,"OcrConfidence":1.0,"Text":"5/29/03","VisualLineNumber":2},{"Box":[59.2536,2020.3092,44.928,15.9214],"Polygon":[2020.3092,59.2536,2065.2373,59.2536,2065.2373,75.175,2020.3092,75.175],"IndexInText":83,"OcrConfidence":1.0,"Text":"RELEASED","VisualLineNumber":2},{"Box":[59.2536,2070.85327,16.848,15.9214],"Polygon":[2070.85327,59.2536,2087.70117,59.2536,2087.70117,75.175,2070.85327,75.175],"IndexInText":92,"OcrConfidence":1.0,"Text":"FOR","VisualLineNumber":2},{"Box":[59.2536,2093.31714,50.544,15.9214],"Polygon":[2093.31714,59.2536,2143.861,59.2536,2143.861,75.175,2093.31714,75.175],"IndexInText":96,"OcrConfidence":1.0,"Text":"PROTOTYPE","VisualLineNumber":2},{"Box":[59.2536,2286.83521,16.848,15.9214],"Polygon":[2286.83521,59.2536,2303.683,59.2536,2303.683,75.175,2286.83521,75.175],"IndexInText":106,"OcrConfidence":1.0,"Text":"JEO","VisualLineNumber":2},{"Box":[59.2536,2313.85327,39.312,15.9214],"Polygon":[2313.85327,59.2536,2353.16528,59.2536,2353.16528,75.175,2313.85327,75.175],"IndexInText":110,"OcrConfidence":1.0,"Text":"PR03051","VisualLineNumber":2},{"Box":[73.3161,2020.3092,39.312,15.9214],"Polygon":[2020.3092,73.3161,2059.621,73.3161,2059.621,89.2375,2020.3092,89.2375],"IndexInText":118,"OcrConfidence":1.0,"Text":"CHANGED","VisualLineNumber":3},{"Box":[73.3161,2065.2373,28.08,15.9214],"Polygon":[2065.2373,73.3161,2093.31714,73.3161,2093.31714,89.2375,2065.2373,89.2375],"IndexInText":126,"OcrConfidence":1.0,"Text":"WELDS","VisualLineNumber":3},{"Box":[73.3161,2100.94922,5.616,15.9214],"Polygon":[2100.94922,73.3161,2106.56519,73.3161,2106.56519,89.2375,2100.94922,89.2375],"IndexInText":132,"OcrConfidence":1.0,"Text":"&","VisualLineNumber":3},{"Box":[73.3161,2112.18115,16.848,15.9214],"Polygon":[2112.18115,73.3161,2129.0293,73.3161,2129.0293,89.2375,2112.18115,89.2375],"IndexInText":134,"OcrConfidence":1.0,"Text":"SUB","VisualLineNumber":3},{"Box":[73.3161,2134.64526,56.16,15.9214],"Polygon":[2134.64526,73.3161,2190.80518,73.3161,2190.80518,89.2375,2134.64526,89.2375],"IndexInText":138,"OcrConfidence":1.0,"Text":"COMPONENTS","VisualLineNumber":3}]}]},{"IndexInText":150,"Language":"bul","Length":5,"Rotation":"None","SkewAngle":0.0,"Type":"Paragraph","WordGroups":[{"IndexInText":150,"Length":5,"Type":"Other","Words":[{"Box":[84.7312,895.4208,35.1,19.9017],"Polygon":[895.4208,84.7312,930.5208,84.7312,930.5208,104.6329,895.4208,104.6329],"IndexInText":150,"OcrConfidence":1.0,"Text":"19.25","VisualLineNumber":4}]}]},{"IndexInText":157,"Language":"eng","Length":45,"Rotation":"None","SkewAngle":0.0,"Type":"Paragraph","WordGroups":[{"IndexInText":157,"Length":45,"Type":"Other","Words":[{"Box":[80.3474,1952.25122,5.616,15.9214],"Polygon":[1952.25122,80.3474,1957.86719,80.3474,1957.86719,96.2688,1952.25122,96.2688],"IndexInText":157,"OcrConfidence":1.0,"Text":"1","VisualLineNumber":4},{"Box":[80.3474,1968.59521,44.928,15.9214],"Polygon":[1968.59521,80.3474,2013.52319,80.3474,2013.52319,96.2688,1968.59521,96.2688],"IndexInText":159,"OcrConfidence":1.0,"Text":"12/30/03","VisualLineNumber":4},{"Box":[87.3786,2020.3092,44.928,15.9214],"Polygon":[2020.3092,87.3786,2065.2373,87.3786,2065.2373,103.3,2020.3092,103.3],"IndexInText":168,"OcrConfidence":1.0,"Text":"RELEASED","VisualLineNumber":4},{"Box":[87.3786,2070.85327,16.848,15.9214],"Polygon":[2070.85327,87.3786,2087.70117,87.3786,2087.70117,103.3,2070.85327,103.3],"IndexInText":177,"OcrConfidence":1.0,"Text":"FOR","VisualLineNumber":4},{"Box":[87.3786,2093.31714,56.16,15.9214],"Polygon":[2093.31714,87.3786,2149.47729,87.3786,2149.47729,103.3,2093.31714,103.3],"IndexInText":181,"OcrConfidence":1.0,"Text":"PRODUCTION","VisualLineNumber":4},{"Box":[80.3474,2286.83521,16.848,15.9214],"Polygon":[2286.83521,80.3474,2303.683,80.3474,2303.683,96.2688,2286.83521,96.2688],"IndexInText":192,"OcrConfidence":1.0,"Text":"JEO","VisualLineNumber":4},{"Box":[80.3474,2316.66113,33.696,15.9214],"Polygon":[2316.66113,80.3474,2350.35718,80.3474,2350.35718,96.2688,2316.66113,96.2688],"IndexInText":196,"OcrConfidence":1.0,"Text":"R03328","VisualLineNumber":4}]}]},{"IndexInText":204,"Language":"eng","Length":1,"Rotation":"None","SkewAngle":0.0,"Type":"Header","WordGroups":[{"IndexInText":204,"Length":1,"Type":"Other","Words":[{"Box":[97.1052,523.9862,7.02,19.9017],"Polygon":[523.9862,97.1052,531.0062,97.1052,531.0062,117.0069,523.9862,117.0069],"IndexInText":204,"OcrConfidence":1.0,"Text":"7","VisualLineNumber":5}]}]},{"IndexInText":207,"Language":"nor","Length":39,"Rotation":"None","SkewAngle":0.0,"Type":"Paragraph","WordGroups":[{"IndexInText":207,"Length":39,"Type":"Other","Words":[{"Box":[101.4411,1952.25122,5.616,15.9214],"Polygon":[1952.25122,101.4411,1957.86719,101.4411,1957.86719,117.3625,1952.25122,117.3625],"IndexInText":207,"OcrConfidence":1.0,"Text":"2","VisualLineNumber":5},{"Box":[101.4411,1971.4032,39.312,15.9214],"Polygon":[1971.4032,101.4411,2010.71521,101.4411,2010.71521,117.3625,1971.4032,117.3625],"IndexInText":209,"OcrConfidence":1.0,"Text":"3/23/06","VisualLineNumber":5},{"Box":[101.4411,2020.3092,28.08,15.9214],"Polygon":[2020.3092,101.4411,2048.38916,101.4411,2048.38916,117.3625,2020.3092,117.3625],"IndexInText":217,"OcrConfidence":1.0,"Text":"ADDED","VisualLineNumber":5},{"Box":[101.4411,2054.00513,44.928,15.9214],"Polygon":[2054.00513,101.4411,2098.933,101.4411,2098.933,117.3625,2054.00513,117.3625],"IndexInText":223,"OcrConfidence":1.0,"Text":"70017477","VisualLineNumber":5},{"Box":[101.4411,2106.70923,5.616,15.9214],"Polygon":[2106.70923,101.4411,2112.3252,101.4411,2112.3252,117.3625,2106.70923,117.3625],"IndexInText":232,"OcrConfidence":1.0,"Text":"&","VisualLineNumber":5},{"Box":[101.4411,2117.94116,5.616,15.9214],"Polygon":[2117.94116,101.4411,2123.55713,101.4411,2123.55713,117.3625,2117.94116,117.3625],"IndexInText":234,"OcrConfidence":1.0,"Text":"8","VisualLineNumber":5},{"Box":[101.4411,2286.83521,16.848,15.9214],"Polygon":[2286.83521,101.4411,2303.683,101.4411,2303.683,117.3625,2286.83521,117.3625],"IndexInText":236,"OcrConfidence":1.0,"Text":"JEO","VisualLineNumber":5},{"Box":[101.4411,2316.66113,33.696,15.9214],"Polygon":[2316.66113,101.4411,2350.35718,101.4411,2350.35718,117.3625,2316.66113,117.3625],"IndexInText":240,"OcrConfidence":1.0,"Text":"R06180","VisualLineNumber":5}]}]},{"IndexInText":248,"Language":"eng","Length":1,"Rotation":"None","SkewAngle":0.0,"Type":"Paragraph","WordGroups":[{"IndexInText":248,"Length":1,"Type":"Other","Words":[{"Box":[112.4988,856.8716,7.02,19.9017],"Polygon":[856.8716,112.4988,863.8916,112.4988,863.8916,132.4005,856.8716,132.4005],"IndexInText":248,"OcrConfidence":1.0,"Text":"8","VisualLineNumber":6}]}]},{"IndexInText":251,"Language":"eng","Length":41,"Rotation":"None","SkewAngle":0.0,"Type":"Paragraph","WordGroups":[{"IndexInText":251,"Length":41,"Type":"Other","Words":[{"Box":[115.5036,1952.25122,5.616,15.9214],"Polygon":[1952.25122,115.5036,1957.86719,115.5036,1957.86719,131.425,1952.25122,131.425],"IndexInText":251,"OcrConfidence":1.0,"Text":"3","VisualLineNumber":6},{"Box":[115.5036,1971.4032,39.312,15.9214],"Polygon":[1971.4032,115.5036,2010.71521,115.5036,2010.71521,131.425,1971.4032,131.425],"IndexInText":253,"OcrConfidence":1.0,"Text":"1/21/15","VisualLineNumber":6},{"Box":[115.5036,2020.3092,39.312,15.9214],"Polygon":[2020.3092,115.5036,2059.621,115.5036,2059.621,131.425,2020.3092,131.425],"IndexInText":261,"OcrConfidence":1.0,"Text":"REVISED","VisualLineNumber":6},{"Box":[115.5036,2065.2373,44.928,15.9214],"Polygon":[2065.2373,115.5036,2110.16528,115.5036,2110.16528,131.425,2065.2373,131.425],"IndexInText":269,"OcrConfidence":1.0,"Text":"70017476","VisualLineNumber":6},{"Box":[115.5036,2286.83521,16.848,15.9214],"Polygon":[2286.83521,115.5036,2303.683,115.5036,2303.683,131.425,2286.83521,131.425],"IndexInText":278,"OcrConfidence":1.0,"Text":"GJW","VisualLineNumber":6},{"Box":[115.5036,2316.66113,33.696,15.9214],"Polygon":[2316.66113,115.5036,2350.35718,115.5036,2350.35718,131.425,2316.66113,131.425],"IndexInText":282,"OcrConfidence":1.0,"Text":"R15018","VisualLineNumber":6},{"Box":[115.5036,2363.33521,16.848,15.9214],"Polygon":[2363.33521,115.5036,2380.183,115.5036,2380.183,131.425,2363.33521,131.425],"IndexInText":289,"OcrConfidence":1.0,"Text":"DRC","VisualLineNumber":6}]}]},{"IndexInText":294,"Language":"eng","Length":4,"Rotation":"None","SkewAngle":0.0,"Type":"Paragraph","WordGroups":[{"IndexInText":294,"Length":4,"Type":"Other","Words":[{"Box":[200.1595,1382.01721,28.08,19.9017],"Polygon":[1382.01721,200.1595,1410.09717,200.1595,1410.09717,220.0612,1382.01721,220.0612],"IndexInText":294,"OcrConfidence":1.0,"Text":"0.38","VisualLineNumber":7}]}]},{"IndexInText":300,"Language":"eng","Length":16,"Rotation":"None","SkewAngle":0.0,"Type":"Paragraph","WordGroups":[{"IndexInText":300,"Length":16,"Type":"Other","Words":[{"Box":[372.4204,1997.39038,28.08,19.9017],"Polygon":[1997.39038,372.4204,2025.47046,372.4204,2025.47046,392.3221,1997.39038,392.3221],"IndexInText":300,"OcrConfidence":1.0,"Text":"BILL","VisualLineNumber":8},{"Box":[372.4204,2032.49036,14.04,19.9017],"Polygon":[2032.49036,372.4204,2046.5304,372.4204,2046.5304,392.3221,2032.49036,392.3221],"IndexInText":305,"OcrConfidence":1.0,"Text":"OF","VisualLineNumber":8},{"Box":[372.4204,2053.55029,56.16,19.9017],"Polygon":[2053.55029,372.4204,2109.71045,372.4204,2109.71045,392.3221,2053.55029,392.3221],"IndexInText":308,"OcrConfidence":1.0,"Text":"MATERIAL","VisualLineNumber":8}]}]},{"IndexInText":318,"Language":"eng","Length":30,"Rotation":"None","SkewAngle":0.0,"Type":"Paragraph","WordGroups":[{"IndexInText":318,"Length":30,"Type":"Other","Words":[{"Box":[388.4944,1857.9696,28.08,19.9017],"Polygon":[1857.9696,388.4944,1886.04956,388.4944,1886.04956,408.3961,1857.9696,408.3961],"IndexInText":318,"OcrConfidence":1.0,"Text":"ITEM","VisualLineNumber":9},{"Box":[388.4944,1902.96973,28.08,19.9017],"Polygon":[1902.96973,388.4944,1931.04968,388.4944,1931.04968,408.3961,1902.96973,408.3961],"IndexInText":323,"OcrConfidence":1.0,"Text":"QTY.","VisualLineNumber":9},{"Box":[388.4944,1947.9696,28.08,19.9017],"Polygon":[1947.9696,388.4944,1976.04956,388.4944,1976.04956,408.3961,1947.9696,408.3961],"IndexInText":328,"OcrConfidence":1.0,"Text":"PART","VisualLineNumber":9},{"Box":[388.4944,1983.06958,21.06,19.9017],"Polygon":[1983.06958,388.4944,2004.12964,388.4944,2004.12964,408.3961,1983.06958,408.3961],"IndexInText":333,"OcrConfidence":1.0,"Text":"NO.","VisualLineNumber":9},{"Box":[388.4944,2037.96973,77.22,19.9017],"Polygon":[2037.96973,388.4944,2115.1897,388.4944,2115.1897,408.3961,2037.96973,408.3961],"IndexInText":337,"OcrConfidence":1.0,"Text":"DESCRIPTION","VisualLineNumber":9}]}]},{"IndexInText":350,"Language":"eng","Length":4,"Rotation":"None","SkewAngle":0.0,"Type":"Paragraph","WordGroups":[{"IndexInText":350,"Length":4,"Type":"Other","Words":[{"Box":[388.4944,2205.81616,28.08,19.9017],"Polygon":[2205.81616,388.4944,2233.896,388.4944,2233.896,408.3961,2205.81616,408.3961],"IndexInText":350,"OcrConfidence":1.0,"Text":"REV.","VisualLineNumber":9}]}]},{"IndexInText":356,"Language":"eng","Length":60,"Rotation":"None","SkewAngle":0.0,"Type":"Paragraph","WordGroups":[{"IndexInText":356,"Length":60,"Type":"Other","Words":[{"Box":[404.5683,1857.9696,7.02,19.9017],"Polygon":[1857.9696,404.5683,1864.98962,404.5683,1864.98962,424.47,1857.9696,424.47],"IndexInText":356,"OcrConfidence":1.0,"Text":"1","VisualLineNumber":10},{"Box":[404.5683,1902.96973,7.02,19.9017],"Polygon":[1902.96973,404.5683,1909.98975,404.5683,1909.98975,424.47,1902.96973,424.47],"IndexInText":358,"OcrConfidence":1.0,"Text":"1","VisualLineNumber":10},{"Box":[404.5683,1947.9696,56.16,19.9017],"Polygon":[1947.9696,404.5683,2004.12964,404.5683,2004.12964,424.47,1947.9696,424.47],"IndexInText":360,"OcrConfidence":1.0,"Text":"70017471","VisualLineNumber":10},{"Box":[404.5683,2037.96973,42.12,19.9017],"Polygon":[2037.96973,404.5683,2080.0896,404.5683,2080.0896,424.47,2037.96973,424.47],"IndexInText":369,"OcrConfidence":1.0,"Text":"PLATE,","VisualLineNumber":10},{"Box":[404.5683,2087.10962,28.08,19.9017],"Polygon":[2087.10962,404.5683,2115.1897,404.5683,2115.1897,424.47,2087.10962,424.47],"IndexInText":376,"OcrConfidence":1.0,"Text":"BASE","VisualLineNumber":10},{"Box":[404.5683,2205.81616,7.02,19.9017],"Polygon":[2205.81616,404.5683,2212.83618,404.5683,2212.83618,424.47,2205.81616,424.47],"IndexInText":381,"OcrConfidence":1.0,"Text":"1","VisualLineNumber":10},{"Box":[404.7687,2262.80176,6.7392,19.1056],"Polygon":[2262.80176,404.7687,2269.541,404.7687,2269.541,423.8743,2262.80176,423.8743],"IndexInText":383,"OcrConfidence":1.0,"Text":"1","VisualLineNumber":10},{"Box":[423.1803,1857.9696,7.02,19.9017],"Polygon":[1857.9696,423.1803,1864.98962,423.1803,1864.98962,443.082,1857.9696,443.082],"IndexInText":385,"OcrConfidence":1.0,"Text":"2","VisualLineNumber":11},{"Box":[423.1803,1902.96973,7.02,19.9017],"Polygon":[1902.96973,423.1803,1909.98975,423.1803,1909.98975,443.082,1902.96973,443.082],"IndexInText":387,"OcrConfidence":1.0,"Text":"1","VisualLineNumber":11},{"Box":[423.1803,1947.9696,56.16,19.9017],"Polygon":[1947.9696,423.1803,2004.12964,423.1803,2004.12964,443.082,1947.9696,443.082],"IndexInText":389,"OcrConfidence":1.0,"Text":"70017472","VisualLineNumber":11},{"Box":[423.1803,2037.96973,42.12,19.9017],"Polygon":[2037.96973,423.1803,2080.0896,423.1803,2080.0896,443.082,2037.96973,443.082],"IndexInText":398,"OcrConfidence":1.0,"Text":"PLATE,","VisualLineNumber":11},{"Box":[423.1803,2087.10962,49.14,19.9017],"Polygon":[2087.10962,423.1803,2136.24976,423.1803,2136.24976,443.082,2087.10962,443.082],"IndexInText":405,"OcrConfidence":1.0,"Text":"UPRIGHT","VisualLineNumber":11},{"Box":[423.1803,2205.81616,7.02,19.9017],"Polygon":[2205.81616,423.1803,2212.83618,423.1803,2212.83618,443.082,2205.81616,443.082],"IndexInText":413,"OcrConfidence":1.0,"Text":"1","VisualLineNumber":11},{"Box":[422.9637,2262.80176,6.7392,19.1056],"Polygon":[2262.80176,422.9637,2269.541,422.9637,2269.541,442.0693,2262.80176,442.0693],"IndexInText":415,"OcrConfidence":1.0,"Text":"1","VisualLineNumber":11}]}]},{"IndexInText":418,"Language":"bul","Length":5,"Rotation":"None","SkewAngle":0.0,"Type":"Paragraph","WordGroups":[{"IndexInText":418,"Length":5,"Type":"Other","Words":[{"Box":[440.4856,1306.7467,35.1,19.9017],"Polygon":[1306.7467,440.4856,1341.84668,440.4856,1341.84668,460.3873,1306.7467,460.3873],"IndexInText":418,"OcrConfidence":1.0,"Text":"10.75","VisualLineNumber":12}]}]},{"IndexInText":425,"Language":"eng","Length":176,"Rotation":"None","SkewAngle":0.0,"Type":"Paragraph","WordGroups":[{"IndexInText":425,"Length":176,"Type":"Other","Words":[{"Box":[441.7923,1857.9696,7.02,19.9017],"Polygon":[1857.9696,441.7923,1864.98962,441.7923,1864.98962,461.694,1857.9696,461.694],"IndexInText":425,"OcrConfidence":1.0,"Text":"3","VisualLineNumber":12},{"Box":[441.7923,1902.96973,7.02,19.9017],"Polygon":[1902.96973,441.7923,1909.98975,441.7923,1909.98975,461.694,1902.96973,461.694],"IndexInText":427,"OcrConfidence":1.0,"Text":"1","VisualLineNumber":12},{"Box":[441.7923,1947.9696,56.16,19.9017],"Polygon":[1947.9696,441.7923,2004.12964,441.7923,2004.12964,461.694,1947.9696,461.694],"IndexInText":429,"OcrConfidence":1.0,"Text":"70017473","VisualLineNumber":12},{"Box":[441.7923,2037.96973,42.12,19.9017],"Polygon":[2037.96973,441.7923,2080.0896,441.7923,2080.0896,461.694,2037.96973,461.694],"IndexInText":438,"OcrConfidence":1.0,"Text":"PLATE,","VisualLineNumber":12},{"Box":[441.7923,2087.10962,28.08,19.9017],"Polygon":[2087.10962,441.7923,2115.1897,441.7923,2115.1897,461.694,2087.10962,461.694],"IndexInText":445,"OcrConfidence":1.0,"Text":"BASE","VisualLineNumber":12},{"Box":[441.7923,2205.81616,7.02,19.9017],"Polygon":[2205.81616,441.7923,2212.83618,441.7923,2212.83618,461.694,2205.81616,461.694],"IndexInText":450,"OcrConfidence":1.0,"Text":"1","VisualLineNumber":12},{"Box":[439.5046,2262.80176,6.7392,19.1056],"Polygon":[2262.80176,439.5046,2269.541,439.5046,2269.541,458.6102,2262.80176,458.6102],"IndexInText":452,"OcrConfidence":1.0,"Text":"1","VisualLineNumber":12},{"Box":[460.4044,1857.9696,7.02,19.9017],"Polygon":[1857.9696,460.4044,1864.98962,460.4044,1864.98962,480.3061,1857.9696,480.3061],"IndexInText":454,"OcrConfidence":1.0,"Text":"4","VisualLineNumber":13},{"Box":[460.4044,1902.96973,7.02,19.9017],"Polygon":[1902.96973,460.4044,1909.98975,460.4044,1909.98975,480.3061,1902.96973,480.3061],"IndexInText":456,"OcrConfidence":1.0,"Text":"1","VisualLineNumber":13},{"Box":[460.4044,1947.9696,56.16,19.9017],"Polygon":[1947.9696,460.4044,2004.12964,460.4044,2004.12964,480.3061,1947.9696,480.3061],"IndexInText":458,"OcrConfidence":1.0,"Text":"70017474","VisualLineNumber":13},{"Box":[460.4044,2037.96973,42.12,19.9017],"Polygon":[2037.96973,460.4044,2080.0896,460.4044,2080.0896,480.3061,2037.96973,480.3061],"IndexInText":467,"OcrConfidence":1.0,"Text":"PLATE,","VisualLineNumber":13},{"Box":[460.4044,2087.10962,35.1,19.9017],"Polygon":[2087.10962,460.4044,2122.20972,460.4044,2122.20972,480.3061,2087.10962,480.3061],"IndexInText":474,"OcrConfidence":1.0,"Text":"BRACE","VisualLineNumber":13},{"Box":[460.4044,2205.81616,7.02,19.9017],"Polygon":[2205.81616,460.4044,2212.83618,460.4044,2212.83618,480.3061,2205.81616,480.3061],"IndexInText":480,"OcrConfidence":1.0,"Text":"1","VisualLineNumber":13},{"Box":[456.8727,2262.80176,6.7392,19.1056],"Polygon":[2262.80176,456.8727,2269.541,456.8727,2269.541,475.9783,2262.80176,475.9783],"IndexInText":482,"OcrConfidence":1.0,"Text":"1","VisualLineNumber":13},{"Box":[479.0164,1857.9696,7.02,19.9017],"Polygon":[1857.9696,479.0164,1864.98962,479.0164,1864.98962,498.9181,1857.9696,498.9181],"IndexInText":484,"OcrConfidence":1.0,"Text":"5","VisualLineNumber":14},{"Box":[479.0164,1902.96973,7.02,19.9017],"Polygon":[1902.96973,479.0164,1909.98975,479.0164,1909.98975,498.9181,1902.96973,498.9181],"IndexInText":486,"OcrConfidence":1.0,"Text":"1","VisualLineNumber":14},{"Box":[479.0164,1947.9696,56.16,19.9017],"Polygon":[1947.9696,479.0164,2004.12964,479.0164,2004.12964,498.9181,1947.9696,498.9181],"IndexInText":488,"OcrConfidence":1.0,"Text":"70017475","VisualLineNumber":14},{"Box":[479.0164,2037.96973,42.12,19.9017],"Polygon":[2037.96973,479.0164,2080.0896,479.0164,2080.0896,498.9181,2037.96973,498.9181],"IndexInText":497,"OcrConfidence":1.0,"Text":"PLATE,","VisualLineNumber":14},{"Box":[479.0164,2087.10962,21.06,19.9017],"Polygon":[2087.10962,479.0164,2108.16968,479.0164,2108.16968,498.9181,2087.10962,498.9181],"IndexInText":504,"OcrConfidence":1.0,"Text":"TOP","VisualLineNumber":14},{"Box":[479.0164,2205.81616,7.02,19.9017],"Polygon":[2205.81616,479.0164,2212.83618,479.0164,2212.83618,498.9181,2205.81616,498.9181],"IndexInText":508,"OcrConfidence":1.0,"Text":"1","VisualLineNumber":14},{"Box":[474.2407,2263.62866,6.7392,19.1056],"Polygon":[2263.62866,474.2407,2270.368,474.2407,2270.368,493.3463,2263.62866,493.3463],"IndexInText":510,"OcrConfidence":1.0,"Text":"1","VisualLineNumber":14},{"Box":[497.6284,1857.9696,7.02,19.9017],"Polygon":[1857.9696,497.6284,1864.98962,497.6284,1864.98962,517.5301,1857.9696,517.5301],"IndexInText":512,"OcrConfidence":1.0,"Text":"6","VisualLineNumber":15},{"Box":[497.6284,1902.96973,7.02,19.9017],"Polygon":[1902.96973,497.6284,1909.98975,497.6284,1909.98975,517.5301,1902.96973,517.5301],"IndexInText":514,"OcrConfidence":1.0,"Text":"1","VisualLineNumber":15},{"Box":[497.6284,1947.9696,56.16,19.9017],"Polygon":[1947.9696,497.6284,2004.12964,497.6284,2004.12964,517.5301,1947.9696,517.5301],"IndexInText":516,"OcrConfidence":1.0,"Text":"70017476","VisualLineNumber":15},{"Box":[497.6284,2037.96973,42.12,19.9017],"Polygon":[2037.96973,497.6284,2080.0896,497.6284,2080.0896,517.5301,2037.96973,517.5301],"IndexInText":525,"OcrConfidence":1.0,"Text":"PLATE,","VisualLineNumber":15},{"Box":[497.6284,2087.10962,35.1,19.9017],"Polygon":[2087.10962,497.6284,2122.20972,497.6284,2122.20972,517.5301,2087.10962,517.5301],"IndexInText":532,"OcrConfidence":1.0,"Text":"BRACE","VisualLineNumber":15},{"Box":[497.6284,2205.81616,7.02,19.9017],"Polygon":[2205.81616,497.6284,2212.83618,497.6284,2212.83618,517.5301,2205.81616,517.5301],"IndexInText":538,"OcrConfidence":1.0,"Text":"2","VisualLineNumber":15},{"Box":[496.8711,2261.85474,6.7392,19.1056],"Polygon":[2261.85474,496.8711,2268.594,496.8711,2268.594,515.9767,2261.85474,515.9767],"IndexInText":540,"OcrConfidence":1.0,"Text":"1","VisualLineNumber":15},{"Box":[495.7098,2284.26147,6.7392,19.1056],"Polygon":[2284.26147,495.7098,2291.00073,495.7098,2291.00073,514.8154,2284.26147,514.8154],"IndexInText":542,"OcrConfidence":1.0,"Text":"3","VisualLineNumber":15},{"Box":[516.2404,1857.9696,7.02,19.9017],"Polygon":[1857.9696,516.2404,1864.98962,516.2404,1864.98962,536.1421,1857.9696,536.1421],"IndexInText":544,"OcrConfidence":1.0,"Text":"7","VisualLineNumber":16},{"Box":[516.2404,1902.96973,7.02,19.9017],"Polygon":[1902.96973,516.2404,1909.98975,516.2404,1909.98975,536.1421,1902.96973,536.1421],"IndexInText":546,"OcrConfidence":1.0,"Text":"1","VisualLineNumber":16},{"Box":[516.2404,1947.9696,56.16,19.9017],"Polygon":[1947.9696,516.2404,2004.12964,516.2404,2004.12964,536.1421,1947.9696,536.1421],"IndexInText":548,"OcrConfidence":1.0,"Text":"70017477","VisualLineNumber":16},{"Box":[516.2404,2037.96973,42.12,19.9017],"Polygon":[2037.96973,516.2404,2080.0896,516.2404,2080.0896,536.1421,2037.96973,536.1421],"IndexInText":557,"OcrConfidence":1.0,"Text":"PLATE,","VisualLineNumber":16},{"Box":[516.2404,2087.10962,21.06,19.9017],"Polygon":[2087.10962,516.2404,2108.16968,516.2404,2108.16968,536.1421,2087.10962,536.1421],"IndexInText":564,"OcrConfidence":1.0,"Text":"TOP","VisualLineNumber":16},{"Box":[516.2404,2205.81616,7.02,19.9017],"Polygon":[2205.81616,516.2404,2212.83618,516.2404,2212.83618,536.1421,2205.81616,536.1421],"IndexInText":568,"OcrConfidence":1.0,"Text":"0","VisualLineNumber":16},{"Box":[519.724,2259.82129,6.7392,19.1056],"Polygon":[2259.82129,519.724,2266.5603,519.724,2266.5603,538.8296,2259.82129,538.8296],"IndexInText":570,"OcrConfidence":1.0,"Text":"2","VisualLineNumber":16},{"Box":[534.8524,1857.9696,7.02,19.9017],"Polygon":[1857.9696,534.8524,1864.98962,534.8524,1864.98962,554.7541,1857.9696,554.7541],"IndexInText":572,"OcrConfidence":1.0,"Text":"8","VisualLineNumber":17},{"Box":[534.8524,1902.96973,7.02,19.9017],"Polygon":[1902.96973,534.8524,1909.98975,534.8524,1909.98975,554.7541,1902.96973,554.7541],"IndexInText":574,"OcrConfidence":1.0,"Text":"1","VisualLineNumber":17},{"Box":[534.8524,1947.9696,56.16,19.9017],"Polygon":[1947.9696,534.8524,2004.12964,534.8524,2004.12964,554.7541,1947.9696,554.7541],"IndexInText":576,"OcrConfidence":1.0,"Text":"70017478","VisualLineNumber":17},{"Box":[534.8524,2037.96973,42.12,19.9017],"Polygon":[2037.96973,534.8524,2080.0896,534.8524,2080.0896,554.7541,2037.96973,554.7541],"IndexInText":585,"OcrConfidence":1.0,"Text":"PLATE,","VisualLineNumber":17},{"Box":[534.8524,2087.10962,35.1,19.9017],"Polygon":[2087.10962,534.8524,2122.20972,534.8524,2122.20972,554.7541,2087.10962,554.7541],"IndexInText":592,"OcrConfidence":1.0,"Text":"BRACE","VisualLineNumber":17},{"Box":[534.8524,2205.81616,7.02,19.9017],"Polygon":[2205.81616,534.8524,2212.83618,534.8524,2212.83618,554.7541,2205.81616,554.7541],"IndexInText":598,"OcrConfidence":1.0,"Text":"0","VisualLineNumber":17},{"Box":[538.6909,2259.70068,6.7392,19.1056],"Polygon":[2259.70068,538.6909,2266.44,538.6909,2266.44,557.7965,2259.70068,557.7965],"IndexInText":600,"OcrConfidence":1.0,"Text":"2","VisualLineNumber":17}]}]},{"IndexInText":603,"Language":"eng","Length":70,"Rotation":"None","SkewAngle":0.0,"Type":"Paragraph","WordGroups":[{"IndexInText":603,"Length":70,"Type":"Sentence","Words":[{"Box":[584.4281,1936.79517,42.12,19.9017],"Polygon":[1936.79517,584.4281,1978.91516,584.4281,1978.91516,604.3298,1936.79517,604.3298],"IndexInText":603,"OcrConfidence":1.0,"Text":"NOTES:","VisualLineNumber":18},{"Box":[597.9281,1936.79517,21.06,19.9017],"Polygon":[1936.79517,597.9281,1957.85522,597.9281,1957.85522,617.8298,1936.79517,617.8298],"IndexInText":610,"OcrConfidence":1.0,"Text":"1.)","VisualLineNumber":19},{"Box":[597.9281,1964.87524,35.1,19.9017],"Polygon":[1964.87524,597.9281,1999.97522,597.9281,1999.97522,617.8298,1964.87524,617.8298],"IndexInText":614,"OcrConfidence":1.0,"Text":"STEEL","VisualLineNumber":19},{"Box":[597.9281,2006.99524,35.1,19.9017],"Polygon":[2006.99524,597.9281,2042.09521,597.9281,2042.09521,617.8298,2006.99524,617.8298],"IndexInText":620,"OcrConfidence":1.0,"Text":"STAMP","VisualLineNumber":19},{"Box":[597.9281,2049.11523,28.08,19.9017],"Polygon":[2049.11523,597.9281,2077.19531,597.9281,2077.19531,617.8298,2049.11523,617.8298],"IndexInText":626,"OcrConfidence":1.0,"Text":"1/8\"","VisualLineNumber":19},{"Box":[597.9281,2084.215,49.14,19.9017],"Polygon":[2084.215,597.9281,2133.35522,597.9281,2133.35522,617.8298,2084.215,617.8298],"IndexInText":631,"OcrConfidence":1.0,"Text":"LETTERS","VisualLineNumber":19},{"Box":[597.9281,2140.37524,49.14,19.9017],"Polygon":[2140.37524,597.9281,2189.51514,597.9281,2189.51514,617.8298,2140.37524,617.8298],"IndexInText":639,"OcrConfidence":1.0,"Text":"COUNTRY","VisualLineNumber":19},{"Box":[611.4281,1964.87524,14.04,19.9017],"Polygon":[1964.87524,611.4281,1978.91516,611.4281,1978.91516,631.3298,1964.87524,631.3298],"IndexInText":647,"OcrConfidence":1.0,"Text":"OF","VisualLineNumber":20},{"Box":[611.4281,1985.93518,42.12,19.9017],"Polygon":[1985.93518,611.4281,2028.05518,611.4281,2028.05518,631.3298,1985.93518,631.3298],"IndexInText":650,"OcrConfidence":1.0,"Text":"ORIGIN","VisualLineNumber":20},{"Box":[611.4281,2035.0752,21.06,19.9017],"Polygon":[2035.0752,611.4281,2056.13525,611.4281,2056.13525,631.3298,2035.0752,631.3298],"IndexInText":657,"OcrConfidence":1.0,"Text":"AND","VisualLineNumber":20},{"Box":[611.4281,2063.15527,28.08,19.9017],"Polygon":[2063.15527,611.4281,2091.235,611.4281,2091.235,631.3298,2063.15527,631.3298],"IndexInText":661,"OcrConfidence":1.0,"Text":"PART","VisualLineNumber":20},{"Box":[611.4281,2098.25513,49.14,19.9017],"Polygon":[2098.25513,611.4281,2147.39526,611.4281,2147.39526,631.3298,2098.25513,631.3298],"IndexInText":666,"OcrConfidence":1.0,"Text":"NUMBER.","VisualLineNumber":20}]}]},{"IndexInText":675,"Language":"ita","Length":11,"Rotation":"None","SkewAngle":0.0,"Type":"Paragraph","WordGroups":[{"IndexInText":675,"Length":11,"Type":"Other","Words":[{"Box":[627.6592,1637.84106,35.1,19.9017],"Polygon":[1637.84106,627.6592,1672.941,627.6592,1672.941,647.5609,1637.84106,647.5609],"IndexInText":675,"OcrConfidence":1.0,"Text":"SCALE","VisualLineNumber":21},{"Box":[627.6592,1688.24121,35.1,19.9017],"Polygon":[1688.24121,627.6592,1723.34119,627.6592,1723.34119,647.5609,1688.24121,647.5609],"IndexInText":681,"OcrConfidence":1.0,"Text":"0.125","VisualLineNumber":21}]}]},{"IndexInText":688,"Language":"eng","Length":72,"Rotation":"None","SkewAngle":0.0,"Type":"Paragraph","WordGroups":[{"IndexInText":688,"Length":72,"Type":"Sentence","Words":[{"Box":[624.9281,1936.79517,21.06,19.9017],"Polygon":[1936.79517,624.9281,1957.85522,624.9281,1957.85522,644.8298,1936.79517,644.8298],"IndexInText":688,"OcrConfidence":1.0,"Text":"2.)","VisualLineNumber":21},{"Box":[624.9281,1964.87524,35.1,19.9017],"Polygon":[1964.87524,624.9281,1999.97522,624.9281,1999.97522,644.8298,1964.87524,644.8298],"IndexInText":692,"OcrConfidence":1.0,"Text":"BREAK","VisualLineNumber":21},{"Box":[624.9281,2006.99524,21.06,19.9017],"Polygon":[2006.99524,624.9281,2028.05518,624.9281,2028.05518,644.8298,2006.99524,644.8298],"IndexInText":698,"OcrConfidence":1.0,"Text":"ALL","VisualLineNumber":21},{"Box":[624.9281,2035.0752,35.1,19.9017],"Polygon":[2035.0752,624.9281,2070.17529,624.9281,2070.17529,644.8298,2035.0752,644.8298],"IndexInText":702,"OcrConfidence":1.0,"Text":"SHARP","VisualLineNumber":21},{"Box":[624.9281,2077.19531,56.16,19.9017],"Polygon":[2077.19531,624.9281,2133.35522,624.9281,2133.35522,644.8298,2077.19531,644.8298],"IndexInText":708,"OcrConfidence":1.0,"Text":"CORNERS.","VisualLineNumber":21},{"Box":[638.4281,1936.79517,21.06,19.9017],"Polygon":[1936.79517,638.4281,1957.85522,638.4281,1957.85522,658.3298,1936.79517,658.3298],"IndexInText":717,"OcrConfidence":1.0,"Text":"3.)","VisualLineNumber":22},{"Box":[638.4281,1964.87524,42.12,19.9017],"Polygon":[1964.87524,638.4281,2006.99524,638.4281,2006.99524,658.3298,1964.87524,658.3298],"IndexInText":721,"OcrConfidence":1.0,"Text":"FINISH","VisualLineNumber":22},{"Box":[638.4281,2014.01526,14.04,19.9017],"Polygon":[2014.01526,638.4281,2028.05518,638.4281,2028.05518,658.3298,2014.01526,658.3298],"IndexInText":728,"OcrConfidence":1.0,"Text":"TO","VisualLineNumber":22},{"Box":[638.4281,2035.0752,14.04,19.9017],"Polygon":[2035.0752,638.4281,2049.11523,638.4281,2049.11523,658.3298,2035.0752,658.3298],"IndexInText":731,"OcrConfidence":1.0,"Text":"BE","VisualLineNumber":22},{"Box":[638.4281,2056.13525,35.1,19.9017],"Polygon":[2056.13525,638.4281,2091.235,638.4281,2091.235,658.3298,2056.13525,658.3298],"IndexInText":734,"OcrConfidence":1.0,"Text":"BLACK","VisualLineNumber":22},{"Box":[638.4281,2098.25513,21.06,19.9017],"Polygon":[2098.25513,638.4281,2119.31519,638.4281,2119.31519,658.3298,2098.25513,658.3298],"IndexInText":740,"OcrConfidence":1.0,"Text":"PER","VisualLineNumber":22},{"Box":[638.4281,2126.33521,21.06,19.9017],"Polygon":[2126.33521,638.4281,2147.39526,638.4281,2147.39526,658.3298,2126.33521,658.3298],"IndexInText":744,"OcrConfidence":1.0,"Text":"CPP","VisualLineNumber":22},{"Box":[638.4281,2154.41528,28.08,19.9017],"Polygon":[2154.41528,638.4281,2182.495,638.4281,2182.495,658.3298,2154.41528,658.3298],"IndexInText":748,"OcrConfidence":1.0,"Text":"STD.","VisualLineNumber":22},{"Box":[638.4281,2189.51514,49.14,19.9017],"Polygon":[2189.51514,638.4281,2238.65527,638.4281,2238.65527,658.3298,2189.51514,658.3298],"IndexInText":753,"OcrConfidence":1.0,"Text":"18,008.","VisualLineNumber":22}]}]},{"IndexInText":762,"Language":"eng","Length":4,"Rotation":"None","SkewAngle":0.0,"Type":"Paragraph","WordGroups":[{"IndexInText":762,"Length":4,"Type":"Other","Words":[{"Box":[677.6346,1325.58325,28.08,19.9017],"Polygon":[1325.58325,677.6346,1353.66321,677.6346,1353.66321,697.5363,1325.58325,697.5363],"IndexInText":762,"OcrConfidence":1.0,"Text":"0.38","VisualLineNumber":23}]}]},{"IndexInText":768,"Language":"bul","Length":5,"Rotation":"None","SkewAngle":0.0,"Type":"Paragraph","WordGroups":[{"IndexInText":768,"Length":5,"Type":"Other","Words":[{"Box":[743.2685,872.4966,35.1,19.9017],"Polygon":[872.4966,743.2685,907.5966,743.2685,907.5966,763.1702,872.4966,763.1702],"IndexInText":768,"OcrConfidence":1.0,"Text":"21.38","VisualLineNumber":24}]}]},{"IndexInText":775,"Language":"eng","Length":1,"Rotation":"None","SkewAngle":0.0,"Type":"Paragraph","WordGroups":[{"IndexInText":775,"Length":1,"Type":"Other","Words":[{"Box":[768.2323,329.4562,7.02,19.9017],"Polygon":[329.4562,768.2323,336.4762,768.2323,336.4762,788.134,329.4562,788.134],"IndexInText":775,"OcrConfidence":1.0,"Text":"4","VisualLineNumber":25}]}]},{"IndexInText":778,"Language":"bul","Length":5,"Rotation":"None","SkewAngle":0.0,"Type":"Paragraph","WordGroups":[{"IndexInText":778,"Length":5,"Type":"Other","Words":[{"Box":[770.2684,917.4966,35.1,19.9017],"Polygon":[917.4966,770.2684,952.5966,770.2684,952.5966,790.1701,917.4966,790.1701],"IndexInText":778,"OcrConfidence":1.0,"Text":"18.88","VisualLineNumber":25}]}]},{"IndexInText":785,"Language":"eng","Length":1,"Rotation":"None","SkewAngle":0.0,"Type":"Paragraph","WordGroups":[{"IndexInText":785,"Length":1,"Type":"Other","Words":[{"Box":[782.6697,529.1827,7.02,19.9017],"Polygon":[529.1827,782.6697,536.2027,782.6697,536.2027,802.5714,529.1827,802.5714],"IndexInText":785,"OcrConfidence":1.0,"Text":"5","VisualLineNumber":26}]}]},{"IndexInText":788,"Language":"eng","Length":4,"Rotation":"None","SkewAngle":0.0,"Type":"Paragraph","WordGroups":[{"IndexInText":788,"Length":4,"Type":"Other","Words":[{"Box":[797.2685,1231.50671,28.08,19.9017],"Polygon":[1231.50671,797.2685,1259.58667,797.2685,1259.58667,817.1702,1231.50671,817.1702],"IndexInText":788,"OcrConfidence":1.0,"Text":"1.63","VisualLineNumber":27}]}]},{"IndexInText":794,"Language":"eng","Length":4,"Rotation":"None","SkewAngle":0.0,"Type":"Paragraph","WordGroups":[{"IndexInText":794,"Length":4,"Type":"Other","Words":[{"Box":[797.2685,1540.59106,28.08,19.9017],"Polygon":[1540.59106,797.2685,1568.67114,797.2685,1568.67114,817.1702,1540.59106,817.1702],"IndexInText":794,"OcrConfidence":1.0,"Text":"3.62","VisualLineNumber":27}]}]},{"IndexInText":800,"Language":"bul","Length":9,"Rotation":"None","SkewAngle":0.0,"Type":"Paragraph","WordGroups":[{"IndexInText":800,"Length":9,"Type":"Other","Words":[{"Box":[797.2685,1824.09119,28.08,19.9017],"Polygon":[1824.09119,797.2685,1852.17114,797.2685,1852.17114,817.1702,1824.09119,817.1702],"IndexInText":800,"OcrConfidence":1.0,"Text":"2.13","VisualLineNumber":27},{"Box":[797.2685,1910.1311,28.08,19.9017],"Polygon":[1910.1311,797.2685,1938.211,797.2685,1938.211,817.1702,1910.1311,817.1702],"IndexInText":805,"OcrConfidence":1.0,"Text":"1.90","VisualLineNumber":27}]}]},{"IndexInText":811,"Language":"eng","Length":4,"Rotation":"None","SkewAngle":0.0,"Type":"Paragraph","WordGroups":[{"IndexInText":811,"Length":4,"Type":"Other","Words":[{"Box":[807.2099,1387.3656,28.08,19.9017],"Polygon":[1387.3656,807.2099,1415.44556,807.2099,1415.44556,827.1116,1387.3656,827.1116],"IndexInText":811,"OcrConfidence":1.0,"Text":"0.38","VisualLineNumber":28}]}]},{"IndexInText":817,"Language":"eng","Length":4,"Rotation":"None","SkewAngle":0.0,"Type":"Paragraph","WordGroups":[{"IndexInText":817,"Length":4,"Type":"Other","Words":[{"Box":[874.7209,271.046,28.08,19.9017],"Polygon":[271.046,874.7209,299.126,874.7209,299.126,894.6226,271.046,894.6226],"IndexInText":817,"OcrConfidence":1.0,"Text":"2.25","VisualLineNumber":29}]}]},{"IndexInText":823,"Language":"eng","Length":4,"Rotation":"None","SkewAngle":0.0,"Type":"Paragraph","WordGroups":[{"IndexInText":823,"Length":4,"Type":"Other","Words":[{"Box":[884.9284,1310.34668,28.08,19.9017],"Polygon":[1310.34668,884.9284,1338.42676,884.9284,1338.42676,904.8301,1310.34668,904.8301],"IndexInText":823,"OcrConfidence":1.0,"Text":"2.12","VisualLineNumber":30}]}]},{"IndexInText":829,"Language":"bul","Length":9,"Rotation":"None","SkewAngle":0.0,"Type":"Paragraph","WordGroups":[{"IndexInText":829,"Length":9,"Type":"Other","Words":[{"Box":[884.9284,2019.93115,28.08,19.9017],"Polygon":[2019.93115,884.9284,2048.01123,884.9284,2048.01123,904.8301,2019.93115,904.8301],"IndexInText":829,"OcrConfidence":1.0,"Text":"2.12","VisualLineNumber":30},{"Box":[889.5185,2074.71753,28.08,19.9017],"Polygon":[2074.71753,889.5185,2102.79761,889.5185,2102.79761,909.4202,2074.71753,909.4202],"IndexInText":834,"OcrConfidence":1.0,"Text":"2.38","VisualLineNumber":30}]}]},{"IndexInText":840,"Language":"eng","Length":4,"Rotation":"None","SkewAngle":0.0,"Type":"Paragraph","WordGroups":[{"IndexInText":840,"Length":4,"Type":"Other","Words":[{"Box":[905.8202,2118.73975,28.08,19.9017],"Polygon":[2118.73975,905.8202,2146.81958,905.8202,2146.81958,925.7219,2118.73975,925.7219],"IndexInText":840,"OcrConfidence":1.0,"Text":"3.25","VisualLineNumber":31}]}]},{"IndexInText":846,"Language":"eng","Length":4,"Rotation":"None","SkewAngle":0.0,"Type":"Paragraph","WordGroups":[{"IndexInText":846,"Length":4,"Type":"Other","Words":[{"Box":[977.2686,2162.84424,28.08,19.9017],"Polygon":[2162.84424,977.2686,2190.92432,977.2686,2190.92432,997.1703,2162.84424,997.1703],"IndexInText":846,"OcrConfidence":1.0,"Text":"7.25","VisualLineNumber":32}]}]},{"IndexInText":852,"Language":"eng","Length":1,"Rotation":"None","SkewAngle":0.0,"Type":"Paragraph","WordGroups":[{"IndexInText":852,"Length":1,"Type":"Other","Words":[{"Box":[1035.22766,241.9026,7.02,19.9017],"Polygon":[241.9026,1035.22766,248.9226,1035.22766,248.9226,1055.12939,241.9026,1055.12939],"IndexInText":852,"OcrConfidence":1.0,"Text":"2","VisualLineNumber":33}]}]},{"IndexInText":855,"Language":"eng","Length":1,"Rotation":"None","SkewAngle":0.0,"Type":"Paragraph","WordGroups":[{"IndexInText":855,"Length":1,"Type":"Other","Words":[{"Box":[1118.37927,1414.671,7.02,19.9017],"Polygon":[1414.671,1118.37927,1421.691,1118.37927,1421.691,1138.281,1414.671,1138.281],"IndexInText":855,"OcrConfidence":1.0,"Text":"1","VisualLineNumber":34}]}]},{"IndexInText":858,"Language":"eng","Length":4,"Rotation":"None","SkewAngle":0.0,"Type":"Paragraph","WordGroups":[{"IndexInText":858,"Length":4,"Type":"Other","Words":[{"Box":[1158.11316,1332.95874,28.08,19.9017],"Polygon":[1332.95874,1158.11316,1361.0387,1158.11316,1361.0387,1178.01477,1332.95874,1178.01477],"IndexInText":858,"OcrConfidence":1.0,"Text":"0.38","VisualLineNumber":35}]}]},{"IndexInText":864,"Language":"eng","Length":1,"Rotation":"None","SkewAngle":0.0,"Type":"Paragraph","WordGroups":[{"IndexInText":864,"Length":1,"Type":"Other","Words":[{"Box":[1210.557,324.2263,7.02,19.9017],"Polygon":[324.2263,1210.557,331.2463,1210.557,331.2463,1230.45874,324.2263,1230.45874],"IndexInText":864,"OcrConfidence":1.0,"Text":"6","VisualLineNumber":36}]}]},{"IndexInText":867,"Language":"eng","Length":1,"Rotation":"None","SkewAngle":0.0,"Type":"Paragraph","WordGroups":[{"IndexInText":867,"Length":1,"Type":"Other","Words":[{"Box":[1243.05859,791.5111,7.02,19.9017],"Polygon":[791.5111,1243.05859,798.5311,1243.05859,798.5311,1262.96033,791.5111,1262.96033],"IndexInText":867,"OcrConfidence":1.0,"Text":"3","VisualLineNumber":37}]}]},{"IndexInText":870,"Language":"eng","Length":81,"Rotation":"None","SkewAngle":0.0,"Type":"Paragraph","WordGroups":[{"IndexInText":870,"Length":81,"Type":"Other","Words":[{"Box":[1355.55469,1874.507,22.464,15.9214],"Polygon":[1874.507,1355.55469,1896.971,1355.55469,1896.971,1371.47607,1874.507,1371.47607],"IndexInText":870,"OcrConfidence":1.0,"Text":"REF.","VisualLineNumber":38},{"Box":[1355.55469,1902.587,39.312,15.9214],"Polygon":[1902.587,1355.55469,1941.899,1355.55469,1941.899,1371.47607,1902.587,1371.47607],"IndexInText":875,"OcrConfidence":1.0,"Text":"DRAWING","VisualLineNumber":38},{"Box":[1355.55469,1947.515,16.848,15.9214],"Polygon":[1947.515,1355.55469,1964.363,1355.55469,1964.363,1371.47607,1947.515,1371.47607],"IndexInText":883,"OcrConfidence":1.0,"Text":"NO.","VisualLineNumber":38},{"Box":[1363.826,1582.74438,16.848,23.882],"Polygon":[1582.74438,1363.826,1599.59241,1363.826,1599.59241,1387.70813,1582.74438,1387.70813],"IndexInText":887,"OcrConfidence":1.0,"Text":"DO","VisualLineNumber":39},{"Box":[1363.826,1616.44043,25.2719,23.882],"Polygon":[1616.44043,1363.826,1641.71228,1363.826,1641.71228,1387.70813,1616.44043,1387.70813],"IndexInText":890,"OcrConfidence":1.0,"Text":"NOT","VisualLineNumber":39},{"Box":[1363.826,1650.13635,42.12,23.882],"Polygon":[1650.13635,1363.826,1692.25635,1363.826,1692.25635,1387.70813,1650.13635,1387.70813],"IndexInText":894,"OcrConfidence":1.0,"Text":"SCALE","VisualLineNumber":39},{"Box":[1363.826,1700.6803,33.696,23.882],"Polygon":[1700.6803,1363.826,1734.37634,1363.826,1734.37634,1387.70813,1700.6803,1387.70813],"IndexInText":900,"OcrConfidence":1.0,"Text":"THIS","VisualLineNumber":39},{"Box":[1363.826,1742.80029,58.9679,23.882],"Polygon":[1742.80029,1363.826,1801.76819,1363.826,1801.76819,1387.70813,1742.80029,1387.70813],"IndexInText":905,"OcrConfidence":1.0,"Text":"DRAWING","VisualLineNumber":39},{"Box":[1366.80469,2054.507,44.928,15.9214],"Polygon":[2054.507,1366.80469,2099.435,1366.80469,2099.435,1382.72607,2054.507,1382.72607],"IndexInText":913,"OcrConfidence":1.0,"Text":"MATERIAL","VisualLineNumber":39},{"Box":[1363.4541,2168.582,26.325,24.8771],"Polygon":[2168.582,1363.4541,2194.907,1363.4541,2194.907,1388.33118,2168.582,1388.33118],"IndexInText":922,"OcrConfidence":1.0,"Text":"CPP","VisualLineNumber":39},{"Box":[1363.4541,2203.682,26.325,24.8771],"Polygon":[2203.682,1363.4541,2230.007,1363.4541,2230.007,1388.33118,2203.682,1388.33118],"IndexInText":926,"OcrConfidence":1.0,"Text":"STD","VisualLineNumber":39},{"Box":[1363.4541,2238.782,52.65,24.8771],"Polygon":[2238.782,1363.4541,2291.432,1363.4541,2291.432,1388.33118,2238.782,1388.33118],"IndexInText":930,"OcrConfidence":1.0,"Text":"12,002","VisualLineNumber":39},{"Box":[1378.05469,1874.507,39.312,15.9214],"Polygon":[1874.507,1378.05469,1913.819,1378.05469,1913.819,1393.97607,1874.507,1393.97607],"IndexInText":937,"OcrConfidence":1.0,"Text":"MODELED","VisualLineNumber":40},{"Box":[1378.05469,1919.435,11.232,15.9214],"Polygon":[1919.435,1378.05469,1930.667,1378.05469,1930.667,1393.97607,1919.435,1393.97607],"IndexInText":945,"OcrConfidence":1.0,"Text":"BY","VisualLineNumber":40},{"Box":[1374.7041,1955.84448,26.325,24.8771],"Polygon":[1955.84448,1374.7041,1982.16956,1374.7041,1982.16956,1399.58118,1955.84448,1399.58118],"IndexInText":948,"OcrConfidence":1.0,"Text":"JEO","VisualLineNumber":40}]}]},{"IndexInText":953,"Language":"nld","Length":54,"Rotation":"None","SkewAngle":0.0,"Type":"Paragraph","WordGroups":[{"IndexInText":953,"Length":54,"Type":"Other","Words":[{"Box":[1385.95386,1519.00635,149.175,41.7521],"Polygon":[1519.00635,1385.95386,1668.1814,1385.95386,1668.1814,1427.70593,1519.00635,1427.70593],"IndexInText":953,"OcrConfidence":1.0,"Text":"TIHNIFSORDMRAATWIIONNG/SDHAOTWAN","VisualLineNumber":41},{"Box":[1385.95386,1676.95642,114.075,41.7521],"Polygon":[1676.95642,1385.95386,1791.03137,1385.95386,1791.03137,1427.70593,1676.95642,1427.70593],"IndexInText":986,"OcrConfidence":1.0,"Text":"FTIHLEERE(OANN)DITSHE","VisualLineNumber":41}]}]},{"IndexInText":1009,"Language":"eng","Length":46,"Rotation":"None","SkewAngle":0.0,"Type":"Paragraph","WordGroups":[{"IndexInText":1009,"Length":46,"Type":"Other","Words":[{"Box":[1401.44824,1874.507,19.0943,13.5331],"Polygon":[1874.507,1401.44824,1893.60132,1401.44824,1893.60132,1414.98132,1874.507,1414.98132],"IndexInText":1009,"OcrConfidence":1.0,"Text":"REF.","VisualLineNumber":41},{"Box":[1401.44824,1898.37488,33.4152,13.5331],"Polygon":[1898.37488,1401.44824,1931.79,1401.44824,1931.79,1414.98132,1898.37488,1414.98132],"IndexInText":1014,"OcrConfidence":1.0,"Text":"DRAWING","VisualLineNumber":41},{"Box":[1401.44824,1936.56372,47.7359,13.5331],"Polygon":[1936.56372,1401.44824,1984.29956,1401.44824,1984.29956,1414.98132,1936.56372,1414.98132],"IndexInText":1022,"OcrConfidence":1.0,"Text":"STANDARDS:","VisualLineNumber":41},{"Box":[1401.44824,1989.07324,19.0944,13.5331],"Polygon":[1989.07324,1401.44824,2008.1676,1401.44824,2008.1676,1414.98132,1989.07324,1414.98132],"IndexInText":1033,"OcrConfidence":1.0,"Text":"ANSI","VisualLineNumber":41},{"Box":[1401.44824,2012.94116,33.4152,13.5331],"Polygon":[2012.94116,1401.44824,2046.35645,1401.44824,2046.35645,1414.98132,2012.94116,1414.98132],"IndexInText":1038,"OcrConfidence":1.0,"Text":"Y14.5M,","VisualLineNumber":41},{"Box":[1401.44824,2051.13,14.3208,13.5331],"Polygon":[2051.13,1401.44824,2065.45068,1401.44824,2065.45068,1414.98132,2051.13,1414.98132],"IndexInText":1046,"OcrConfidence":1.0,"Text":"ISO","VisualLineNumber":41},{"Box":[1401.44824,2070.22437,23.868,13.5331],"Polygon":[2070.22437,1401.44824,2094.09229,1401.44824,2094.09229,1414.98132,2070.22437,1414.98132],"IndexInText":1050,"OcrConfidence":1.0,"Text":"R1101","VisualLineNumber":41}]}]},{"IndexInText":1057,"Language":"eng","Length":33,"Rotation":"None","SkewAngle":0.0,"Type":"Paragraph","WordGroups":[{"IndexInText":1057,"Length":33,"Type":"Other","Words":[{"Box":[1399.06555,2146.84717,21.06,19.9017],"Polygon":[2146.84717,1399.06555,2167.90723,1399.06555,2167.90723,1418.96729,2146.84717,1418.96729],"IndexInText":1057,"OcrConfidence":1.0,"Text":"ALL","VisualLineNumber":41},{"Box":[1399.06555,2174.92725,77.22,19.9017],"Polygon":[2174.92725,1399.06555,2252.14722,1399.06555,2252.14722,1418.96729,2174.92725,1418.96729],"IndexInText":1061,"OcrConfidence":1.0,"Text":"DIMENSIONS:","VisualLineNumber":41},{"Box":[1399.06555,2259.16724,28.08,19.9017],"Polygon":[2259.16724,1399.06555,2287.24731,1399.06555,2287.24731,1418.96729,2259.16724,1418.96729],"IndexInText":1073,"OcrConfidence":1.0,"Text":"INCH","VisualLineNumber":41},{"Box":[1399.06555,2294.267,84.24,19.9017],"Polygon":[2294.267,1399.06555,2378.507,1399.06555,2378.507,1418.96729,2294.267,1418.96729],"IndexInText":1078,"OcrConfidence":1.0,"Text":"[MILLIMETER]","VisualLineNumber":41}]}]},{"IndexInText":1092,"Language":"eng","Length":149,"Rotation":"None","SkewAngle":0.0,"Type":"Paragraph","WordGroups":[{"IndexInText":1092,"Length":149,"Type":"Other","Words":[{"Box":[1414.44739,1322.84155,92.6639,23.882],"Polygon":[1322.84155,1414.44739,1415.50549,1414.44739,1415.50549,1438.32935,1322.84155,1438.32935],"IndexInText":1092,"OcrConfidence":1.0,"Text":"DIMENSIONAL","VisualLineNumber":42},{"Box":[1414.44739,1423.92944,84.2399,23.882],"Polygon":[1423.92944,1414.44739,1508.16943,1414.44739,1508.16943,1438.32935,1423.92944,1438.32935],"IndexInText":1104,"OcrConfidence":1.0,"Text":"TOLERANCES","VisualLineNumber":42},{"Box":[1419.70374,1519.00635,105.3,24.8771],"Polygon":[1519.00635,1419.70374,1624.3064,1419.70374,1624.3064,1444.58081,1519.00635,1444.58081],"IndexInText":1115,"OcrConfidence":1.0,"Text":"CONFIDENTIAL","VisualLineNumber":42},{"Box":[1419.70374,1633.08142,26.325,24.8771],"Polygon":[1633.08142,1419.70374,1659.40637,1419.70374,1659.40637,1444.58081,1633.08142,1444.58081],"IndexInText":1128,"OcrConfidence":1.0,"Text":"AND","VisualLineNumber":42},{"Box":[1419.70374,1668.1814,96.525,24.8771],"Polygon":[1668.1814,1419.70374,1764.70642,1419.70374,1764.70642,1444.58081,1668.1814,1444.58081],"IndexInText":1132,"OcrConfidence":1.0,"Text":"PROPRIETARY","VisualLineNumber":42},{"Box":[1419.70374,1773.48145,26.325,24.8771],"Polygon":[1773.48145,1419.70374,1799.8064,1419.70374,1799.8064,1444.58081,1773.48145,1444.58081],"IndexInText":1144,"OcrConfidence":1.0,"Text":"AND","VisualLineNumber":42},{"Box":[1419.70374,1808.58142,43.875,24.8771],"Polygon":[1808.58142,1419.70374,1852.45642,1419.70374,1852.45642,1444.58081,1808.58142,1444.58081],"IndexInText":1148,"OcrConfidence":1.0,"Text":"SHALL","VisualLineNumber":42},{"Box":[1422.55737,1874.507,98.2799,39.8034],"Polygon":[1874.507,1422.55737,1972.78687,1422.55737,1972.78687,1462.36084,1874.507,1462.36084],"IndexInText":1154,"OcrConfidence":1.0,"Text":"CUMMINS","VisualLineNumber":42},{"Box":[1422.55737,1986.8269,70.2,39.8034],"Polygon":[1986.8269,1422.55737,2057.02686,1422.55737,2057.02686,1462.36084,1986.8269,1462.36084],"IndexInText":1162,"OcrConfidence":1.0,"Text":"POWER","VisualLineNumber":42},{"Box":[1422.55737,2071.067,112.3199,39.8034],"Polygon":[2071.067,1422.55737,2183.38672,1422.55737,2183.38672,1462.36084,2071.067,1462.36084],"IndexInText":1168,"OcrConfidence":1.0,"Text":"PRODUCTS","VisualLineNumber":42},{"Box":[1430.003,2238.107,21.06,19.9017],"Polygon":[2238.107,1430.003,2259.167,1430.003,2259.167,1449.90479,2238.107,1449.90479],"IndexInText":1177,"OcrConfidence":1.0,"Text":"NEW","VisualLineNumber":42},{"Box":[1430.003,2266.187,49.14,19.9017],"Polygon":[2266.187,1430.003,2315.327,1430.003,2315.327,1449.90479,2266.187,1449.90479],"IndexInText":1181,"OcrConfidence":1.0,"Text":"HUDSON,","VisualLineNumber":42},{"Box":[1430.003,2322.347,56.16,19.9017],"Polygon":[2322.347,1430.003,2378.50684,1430.003,2378.50684,1449.90479,2322.347,1449.90479],"IndexInText":1189,"OcrConfidence":1.0,"Text":"MICHIGAN","VisualLineNumber":42},{"Box":[1438.73438,1381.80945,13.4784,19.1056],"Polygon":[1381.80945,1438.73438,1395.28784,1438.73438,1395.28784,1457.84,1381.80945,1457.84],"IndexInText":1198,"OcrConfidence":1.0,"Text":".X","VisualLineNumber":43},{"Box":[1438.73438,1402.027,6.7392,19.1056],"Polygon":[1402.027,1438.73438,1408.76624,1438.73438,1408.76624,1457.84,1402.027,1457.84],"IndexInText":1201,"OcrConfidence":1.0,"Text":"=","VisualLineNumber":43},{"Box":[1438.73438,1422.24463,6.7392,19.1056],"Polygon":[1422.24463,1438.73438,1428.98376,1438.73438,1428.98376,1457.84,1422.24463,1457.84],"IndexInText":1203,"OcrConfidence":1.0,"Text":"#","VisualLineNumber":43},{"Box":[1438.73438,1435.7229,13.4784,19.1056],"Polygon":[1435.7229,1438.73438,1449.20129,1438.73438,1449.20129,1457.84,1435.7229,1457.84],"IndexInText":1205,"OcrConfidence":1.0,"Text":".1","VisualLineNumber":43},{"Box":[1436.57886,1519.00635,26.325,24.8771],"Polygon":[1519.00635,1436.57886,1545.33142,1436.57886,1545.33142,1461.45593,1519.00635,1461.45593],"IndexInText":1208,"OcrConfidence":1.0,"Text":"NOT","VisualLineNumber":43},{"Box":[1436.57886,1554.10645,17.55,24.8771],"Polygon":[1554.10645,1436.57886,1571.65637,1436.57886,1571.65637,1461.45593,1554.10645,1461.45593],"IndexInText":1212,"OcrConfidence":1.0,"Text":"BE","VisualLineNumber":43},{"Box":[1436.57886,1580.4314,43.875,24.8771],"Polygon":[1580.4314,1436.57886,1624.3064,1436.57886,1624.3064,1461.45593,1580.4314,1461.45593],"IndexInText":1215,"OcrConfidence":1.0,"Text":"USED,","VisualLineNumber":43},{"Box":[1436.57886,1633.08142,78.975,24.8771],"Polygon":[1633.08142,1436.57886,1712.0564,1436.57886,1712.0564,1461.45593,1633.08142,1461.45593],"IndexInText":1221,"OcrConfidence":1.0,"Text":"DISCLOSED","VisualLineNumber":43},{"Box":[1436.57886,1720.83142,17.55,24.8771],"Polygon":[1720.83142,1436.57886,1738.38135,1436.57886,1738.38135,1461.45593,1720.83142,1461.45593],"IndexInText":1231,"OcrConfidence":1.0,"Text":"TO","VisualLineNumber":43},{"Box":[1436.57886,1747.15637,61.425,24.8771],"Polygon":[1747.15637,1436.57886,1808.58142,1436.57886,1808.58142,1461.45593,1747.15637,1461.45593],"IndexInText":1234,"OcrConfidence":1.0,"Text":"OTHERS,","VisualLineNumber":43}]}]},{"IndexInText":1243,"Language":"eng","Length":91,"Rotation":"None","SkewAngle":0.0,"Type":"Paragraph","WordGroups":[{"IndexInText":1243,"Length":91,"Type":"Other","Words":[{"Box":[1461.23438,1375.07031,20.2176,19.1056],"Polygon":[1375.07031,1461.23438,1395.28784,1461.23438,1395.28784,1480.34,1375.07031,1480.34],"IndexInText":1243,"OcrConfidence":1.0,"Text":".XX","VisualLineNumber":44},{"Box":[1461.23438,1402.0271,6.7392,19.1056],"Polygon":[1402.0271,1461.23438,1408.76636,1461.23438,1408.76636,1480.34,1402.0271,1480.34],"IndexInText":1247,"OcrConfidence":1.0,"Text":"=","VisualLineNumber":44},{"Box":[1461.23438,1422.24475,6.7392,19.1056],"Polygon":[1422.24475,1461.23438,1428.98389,1461.23438,1428.98389,1480.34,1422.24475,1480.34],"IndexInText":1249,"OcrConfidence":1.0,"Text":"#","VisualLineNumber":44},{"Box":[1461.23438,1435.72314,20.2175,19.1056],"Polygon":[1435.72314,1461.23438,1455.94055,1461.23438,1455.94055,1480.34,1435.72314,1480.34],"IndexInText":1251,"OcrConfidence":1.0,"Text":".05","VisualLineNumber":44},{"Box":[1453.45386,1519.00635,17.55,24.8771],"Polygon":[1519.00635,1453.45386,1536.5564,1453.45386,1536.5564,1478.33093,1519.00635,1478.33093],"IndexInText":1255,"OcrConfidence":1.0,"Text":"OR","VisualLineNumber":44},{"Box":[1453.45386,1545.33142,87.75,24.8771],"Polygon":[1545.33142,1453.45386,1633.08142,1453.45386,1633.08142,1478.33093,1545.33142,1478.33093],"IndexInText":1258,"OcrConfidence":1.0,"Text":"REPRODUCED","VisualLineNumber":44},{"Box":[1453.45386,1641.85645,17.55,24.8771],"Polygon":[1641.85645,1453.45386,1659.40637,1453.45386,1659.40637,1478.33093,1641.85645,1478.33093],"IndexInText":1269,"OcrConfidence":1.0,"Text":"BY","VisualLineNumber":44},{"Box":[1453.45386,1668.1814,26.325,24.8771],"Polygon":[1668.1814,1453.45386,1694.50635,1453.45386,1694.50635,1478.33093,1668.1814,1478.33093],"IndexInText":1272,"OcrConfidence":1.0,"Text":"ANY","VisualLineNumber":44},{"Box":[1453.45386,1703.28137,43.875,24.8771],"Polygon":[1703.28137,1453.45386,1747.15637,1453.45386,1747.15637,1478.33093,1703.28137,1478.33093],"IndexInText":1276,"OcrConfidence":1.0,"Text":"MEANS","VisualLineNumber":44},{"Box":[1453.45386,1755.9314,17.55,24.8771],"Polygon":[1755.9314,1453.45386,1773.48145,1453.45386,1773.48145,1478.33093,1755.9314,1478.33093],"IndexInText":1282,"OcrConfidence":1.0,"Text":"IN","VisualLineNumber":44},{"Box":[1453.45386,1782.25635,35.1,24.8771],"Polygon":[1782.25635,1453.45386,1817.35645,1453.45386,1817.35645,1478.33093,1782.25635,1478.33093],"IndexInText":1285,"OcrConfidence":1.0,"Text":"HARD","VisualLineNumber":44},{"Box":[1459.07922,1874.507,58.1625,24.8771],"Polygon":[1874.507,1459.07922,1932.66956,1459.07922,1932.66956,1483.9563,1874.507,1483.9563],"IndexInText":1290,"OcrConfidence":1.0,"Text":"DRAWNBYJEO","VisualLineNumber":44},{"Box":[1461.28845,1955.507,14.04,9.9509],"Polygon":[1955.507,1461.28845,1969.547,1461.28845,1969.547,1471.23926,1955.507,1471.23926],"IndexInText":1301,"OcrConfidence":1.0,"Text":"DATE","VisualLineNumber":44},{"Box":[1459.07922,1978.79456,61.425,24.8771],"Polygon":[1978.79456,1459.07922,2040.2196,1459.07922,2040.2196,1483.9563,1978.79456,1483.9563],"IndexInText":1306,"OcrConfidence":1.0,"Text":"5/29/03","VisualLineNumber":44},{"Box":[1461.28845,2054.507,73.7101,9.9509],"Polygon":[2054.507,1461.28845,2128.21729,1461.28845,2128.21729,1471.23926,2054.507,1471.23926],"IndexInText":1314,"OcrConfidence":1.0,"Text":"PARTNAME/APPLICATION","VisualLineNumber":44}]}]},{"IndexInText":1336,"Language":"eng","Length":11,"Rotation":"None","SkewAngle":0.0,"Type":"Paragraph","WordGroups":[{"IndexInText":1336,"Length":11,"Type":"Other","Words":[{"Box":[1459.07922,2297.507,31.3875,24.8771],"Polygon":[2297.507,1459.07922,2328.89453,1459.07922,2328.89453,1483.9563,2297.507,1483.9563],"IndexInText":1336,"OcrConfidence":1.0,"Text":"SHEET1","VisualLineNumber":44},{"Box":[1459.07922,2338.232,17.55,24.8771],"Polygon":[2338.232,1459.07922,2355.782,1459.07922,2355.782,1483.9563,2338.232,1483.9563],"IndexInText":1343,"OcrConfidence":1.0,"Text":"OF","VisualLineNumber":44},{"Box":[1459.07922,2365.11963,8.775,24.8771],"Polygon":[2365.11963,1459.07922,2373.89453,1459.07922,2373.89453,1483.9563,2365.11963,1483.9563],"IndexInText":1346,"OcrConfidence":1.0,"Text":"1","VisualLineNumber":44}]}]},{"IndexInText":1349,"Language":"eng","Length":39,"Rotation":"None","SkewAngle":0.0,"Type":"Paragraph","WordGroups":[{"IndexInText":1349,"Length":39,"Type":"Other","Words":[{"Box":[1470.32886,1519.00635,35.1,24.8771],"Polygon":[1519.00635,1470.32886,1554.10645,1470.32886,1554.10645,1495.20593,1519.00635,1495.20593],"IndexInText":1349,"OcrConfidence":1.0,"Text":"COPY","VisualLineNumber":45},{"Box":[1470.32886,1562.88135,35.1,24.8771],"Polygon":[1562.88135,1470.32886,1597.98145,1470.32886,1597.98145,1495.20593,1562.88135,1495.20593],"IndexInText":1354,"OcrConfidence":1.0,"Text":"FORM","VisualLineNumber":45},{"Box":[1470.32886,1606.75635,17.55,24.8771],"Polygon":[1606.75635,1470.32886,1624.3064,1470.32886,1624.3064,1495.20593,1606.75635,1495.20593],"IndexInText":1359,"OcrConfidence":1.0,"Text":"OR","VisualLineNumber":45},{"Box":[1470.32886,1633.08142,17.55,24.8771],"Polygon":[1633.08142,1470.32886,1650.63135,1470.32886,1650.63135,1495.20593,1633.08142,1495.20593],"IndexInText":1362,"OcrConfidence":1.0,"Text":"IN","VisualLineNumber":45},{"Box":[1470.32886,1659.40637,61.425,24.8771],"Polygon":[1659.40637,1470.32886,1720.83142,1470.32886,1720.83142,1495.20593,1659.40637,1495.20593],"IndexInText":1365,"OcrConfidence":1.0,"Text":"MACHINE","VisualLineNumber":45},{"Box":[1470.32886,1729.60645,70.2,24.8771],"Polygon":[1729.60645,1470.32886,1799.8064,1470.32886,1799.8064,1495.20593,1729.60645,1495.20593],"IndexInText":1373,"OcrConfidence":1.0,"Text":"READABLE","VisualLineNumber":45},{"Box":[1470.32886,1808.58142,52.65,24.8771],"Polygon":[1808.58142,1470.32886,1861.23145,1470.32886,1861.23145,1495.20593,1808.58142,1495.20593],"IndexInText":1382,"OcrConfidence":1.0,"Text":"FILES,","VisualLineNumber":45}]}]},{"IndexInText":1390,"Language":"eng","Length":19,"Rotation":"None","SkewAngle":0.0,"Type":"Paragraph","WordGroups":[{"IndexInText":1390,"Length":19,"Type":"Other","Words":[{"Box":[1470.32922,2101.64453,52.65,24.8771],"Polygon":[2101.64453,1470.32922,2154.29443,1470.32922,2154.29443,1495.2063,2101.64453,1495.2063],"IndexInText":1390,"OcrConfidence":1.0,"Text":"MOUNT,","VisualLineNumber":45},{"Box":[1470.32922,2163.06958,61.425,24.8771],"Polygon":[2163.06958,1470.32922,2224.49438,1470.32922,2224.49438,1495.2063,2163.06958,1495.2063],"IndexInText":1397,"OcrConfidence":1.0,"Text":"ENGINE,","VisualLineNumber":45},{"Box":[1470.32922,2233.26953,35.1,24.8771],"Polygon":[2233.26953,1470.32922,2268.36938,1470.32922,2268.36938,1495.2063,2233.26953,1495.2063],"IndexInText":1405,"OcrConfidence":1.0,"Text":"REAR","VisualLineNumber":45}]}]},{"IndexInText":1411,"Language":"eng","Length":162,"Rotation":"None","SkewAngle":0.0,"Type":"Paragraph","WordGroups":[{"IndexInText":1411,"Length":162,"Type":"Other","Words":[{"Box":[1483.73425,1368.331,26.9568,19.1056],"Polygon":[1368.331,1483.73425,1395.28784,1483.73425,1395.28784,1502.83984,1368.331,1502.83984],"IndexInText":1411,"OcrConfidence":1.0,"Text":".XXX","VisualLineNumber":46},{"Box":[1483.73425,1402.027,6.7392,19.1056],"Polygon":[1402.027,1483.73425,1408.76624,1483.73425,1408.76624,1502.83984,1402.027,1502.83984],"IndexInText":1416,"OcrConfidence":1.0,"Text":"=","VisualLineNumber":46},{"Box":[1483.73425,1422.24463,6.7392,19.1056],"Polygon":[1422.24463,1483.73425,1428.98376,1483.73425,1428.98376,1502.83984,1422.24463,1502.83984],"IndexInText":1418,"OcrConfidence":1.0,"Text":"#","VisualLineNumber":46},{"Box":[1483.73425,1435.7229,26.9568,19.1056],"Polygon":[1435.7229,1483.73425,1462.67969,1483.73425,1462.67969,1502.83984,1435.7229,1502.83984],"IndexInText":1420,"OcrConfidence":1.0,"Text":".005","VisualLineNumber":46},{"Box":[1487.20386,1519.00635,61.425,24.8771],"Polygon":[1519.00635,1487.20386,1580.4314,1487.20386,1580.4314,1512.08093,1519.00635,1512.08093],"IndexInText":1425,"OcrConfidence":1.0,"Text":"WITHOUT","VisualLineNumber":46},{"Box":[1487.20386,1589.20642,61.425,24.8771],"Polygon":[1589.20642,1487.20386,1650.63135,1487.20386,1650.63135,1512.08093,1589.20642,1512.08093],"IndexInText":1433,"OcrConfidence":1.0,"Text":"WRITTEN","VisualLineNumber":46},{"Box":[1487.20386,1659.40637,61.425,24.8771],"Polygon":[1659.40637,1487.20386,1720.83142,1487.20386,1720.83142,1512.08093,1659.40637,1512.08093],"IndexInText":1441,"OcrConfidence":1.0,"Text":"CONSENT","VisualLineNumber":46},{"Box":[1487.20386,1729.60645,17.55,24.8771],"Polygon":[1729.60645,1487.20386,1747.15637,1487.20386,1747.15637,1512.08093,1729.60645,1512.08093],"IndexInText":1449,"OcrConfidence":1.0,"Text":"OF","VisualLineNumber":46},{"Box":[1487.20386,1755.9314,61.425,24.8771],"Polygon":[1755.9314,1487.20386,1817.35645,1487.20386,1817.35645,1512.08093,1755.9314,1512.08093],"IndexInText":1452,"OcrConfidence":1.0,"Text":"CUMMINS","VisualLineNumber":46},{"Box":[1483.78845,1874.507,17.55,9.9509],"Polygon":[1874.507,1483.78845,1892.05688,1483.78845,1892.05688,1493.73926,1874.507,1493.73926],"IndexInText":1460,"OcrConfidence":1.0,"Text":"CHK'D","VisualLineNumber":46},{"Box":[1483.78845,1955.507,14.04,9.9509],"Polygon":[1955.507,1483.78845,1969.547,1483.78845,1969.547,1493.73926,1955.507,1493.73926],"IndexInText":1466,"OcrConfidence":1.0,"Text":"DATE","VisualLineNumber":46},{"Box":[1480.91785,2091.33521,21.9375,49.7542],"Polygon":[2091.33521,1480.91785,2113.27271,1480.91785,2113.27271,1530.67212,2091.33521,1530.67212],"IndexInText":1471,"OcrConfidence":1.0,"Text":"D","VisualLineNumber":46},{"Box":[1483.47034,2297.507,29.8771,12.1002],"Polygon":[2297.507,1483.47034,2327.38428,1483.47034,2327.38428,1495.57056,2297.507,1495.57056],"IndexInText":1473,"OcrConfidence":1.0,"Text":"DRAWING","VisualLineNumber":46},{"Box":[1483.47034,2331.65234,12.8045,12.1002],"Polygon":[2331.65234,1483.47034,2344.45679,1483.47034,2344.45679,1495.57056,2331.65234,1495.57056],"IndexInText":1481,"OcrConfidence":1.0,"Text":"NO.","VisualLineNumber":46},{"Box":[1506.23438,1361.59192,40.4352,19.1056],"Polygon":[1361.59192,1506.23438,1402.0271,1506.23438,1402.0271,1525.34,1361.59192,1525.34],"IndexInText":1485,"OcrConfidence":1.0,"Text":"ANGLES","VisualLineNumber":47},{"Box":[1506.23438,1408.76636,6.7392,19.1056],"Polygon":[1408.76636,1506.23438,1415.50549,1506.23438,1415.50549,1525.34,1408.76636,1525.34],"IndexInText":1492,"OcrConfidence":1.0,"Text":"=","VisualLineNumber":47},{"Box":[1506.23438,1428.98389,6.7392,19.1056],"Polygon":[1428.98389,1506.23438,1435.72314,1506.23438,1435.72314,1525.34,1428.98389,1525.34],"IndexInText":1494,"OcrConfidence":1.0,"Text":"#","VisualLineNumber":47},{"Box":[1506.23438,1442.46216,6.7392,19.1056],"Polygon":[1442.46216,1506.23438,1449.20142,1506.23438,1449.20142,1525.34,1442.46216,1525.34],"IndexInText":1496,"OcrConfidence":1.0,"Text":"1","VisualLineNumber":47},{"Box":[1506.23438,1455.94055,6.7392,19.1056],"Polygon":[1455.94055,1506.23438,1462.67981,1506.23438,1462.67981,1525.34,1455.94055,1525.34],"IndexInText":1498,"OcrConfidence":1.0,"Text":"$","VisualLineNumber":47},{"Box":[1504.07886,1519.00635,43.875,24.8771],"Polygon":[1519.00635,1504.07886,1562.88135,1504.07886,1562.88135,1528.956,1519.00635,1528.956],"IndexInText":1500,"OcrConfidence":1.0,"Text":"POWER","VisualLineNumber":47},{"Box":[1504.07886,1571.65637,70.2,24.8771],"Polygon":[1571.65637,1504.07886,1641.85645,1504.07886,1641.85645,1528.956,1571.65637,1528.956],"IndexInText":1506,"OcrConfidence":1.0,"Text":"PRODUCTS","VisualLineNumber":47},{"Box":[1506.28845,1874.507,17.55,9.9509],"Polygon":[1874.507,1506.28845,1892.05688,1506.28845,1892.05688,1516.23926,1874.507,1516.23926],"IndexInText":1515,"OcrConfidence":1.0,"Text":"APP'D","VisualLineNumber":47},{"Box":[1506.28845,1955.507,14.04,9.9509],"Polygon":[1955.507,1506.28845,1969.547,1506.28845,1969.547,1516.23926,1955.507,1516.23926],"IndexInText":1521,"OcrConfidence":1.0,"Text":"DATE","VisualLineNumber":47},{"Box":[1517.82007,2015.58643,42.8223,5.5182],"Polygon":[2015.58643,1517.82007,2058.40869,1517.82007,2058.40869,1523.33826,2015.58643,1523.33826],"IndexInText":1526,"OcrConfidence":1.0,"Text":"THIRDANGLEPROJECTION","VisualLineNumber":47},{"Box":[1514.85144,2094.70532,11.232,7.9607],"Polygon":[2094.70532,1514.85144,2105.93726,1514.85144,2105.93726,1522.81213,2094.70532,1522.81213],"IndexInText":1547,"OcrConfidence":1.0,"Text":"SIZE","VisualLineNumber":47},{"Box":[1504.07922,2180.507,52.65,24.8771],"Polygon":[2180.507,1504.07922,2233.15723,1504.07922,2233.15723,1528.9563,2180.507,1528.9563],"IndexInText":1552,"OcrConfidence":1.0,"Text":"SCALE:","VisualLineNumber":47},{"Box":[1504.07922,2244.632,43.875,24.8771],"Polygon":[2244.632,1504.07922,2288.507,1504.07922,2288.507,1528.9563,2244.632,1528.9563],"IndexInText":1559,"OcrConfidence":1.0,"Text":"0.500","VisualLineNumber":47},{"Box":[1504.07922,2308.30713,70.2,24.8771],"Polygon":[2308.30713,1504.07922,2378.507,1504.07922,2378.507,1528.9563,2308.30713,1528.9563],"IndexInText":1565,"OcrConfidence":1.0,"Text":"70017470","VisualLineNumber":47}]}]}],"ProcessingSource":"Pdf","IndexInText":0,"TextLength":1573,"SkewAngle":0.0}]}