{"DocumentTypeId":"BomPDF.BomTable.BomTableDataFormat","FormId":"68b128cb","FormName":"Temp_5_2","OriginalFileExtension":"pdf","Pages":[{"Page":0,"Size":[0.0,0.0,2448.0,1584.0],"SkewAngle":0.0,"Evidence":[{"Text":"BILL","Box":[38.5664,417.6596,35.1,24.8771]},{"Text":"OF","Box":[38.5664,461.5346,17.55,24.8771]},{"Text":"MATERIALS","Box":[38.5664,487.8596,78.975,24.8771]},{"Text":"ITEM","Box":[61.9984,38.8523,31.4496,22.2899]},{"Text":"QTY","Box":[61.9984,74.846,23.5872,22.2899]},{"Text":"DESCRIPTION","Box":[61.9984,276.9463,86.4864,22.2899]},{"Text":"MATERIAL","Box":[61.9984,542.9395,62.8992,22.2899]},{"Text":"RELEASE","Box":[61.9984,708.9894,55.0368,22.2899]},{"Text":"REV","Box":[61.9984,794.7143,23.5872,22.2899]},{"Text":"PART","Box":[61.9984,841.4487,31.4496,22.2899]},{"Text":"NUMBER","Box":[61.9984,880.7607,47.1744,22.2899]}],"Fields":[],"Tables":[{"FieldId":"BomPDF.BomTable.BomTableDataFormat.ExtractedTable","Headers":[{"FieldId":"BomPDF.BomTable.BomTableDataFormat.ExtractedTable.ITEM","Box":[0.0,0.0,0.0,0.0]},{"FieldId":"BomPDF.BomTable.BomTableDataFormat.ExtractedTable.QTY","Box":[0.0,0.0,0.0,0.0]},{"FieldId":"BomPDF.BomTable.BomTableDataFormat.ExtractedTable.DESCRIPTION","Box":[0.0,0.0,0.0,0.0]},{"FieldId":"BomPDF.BomTable.BomTableDataFormat.ExtractedTable.PARTNUMBER","Box":[0.0,0.0,0.0,0.0]},{"FieldId":"BomPDF.BomTable.BomTableDataFormat.ExtractedTable.REVISION","Box":[0.0,0.0,0.0,0.0]}],"Cells":[{"Row":0,"Column":0,"Box":[81.062,36.4192,36.7622,1.7622]},{"Row":0,"Column":1,"Box":[81.062,73.1814,28.0,1.7622]},{"Row":0,"Column":2,"Box":[81.062,101.1814,439.0,1.7622]},{"Row":0,"Column":3,"Box":[81.062,822.1814,126.0,1.7622]},{"Row":0,"Column":4,"Box":[81.062,792.1814,30.0,1.7622]},{"Row":1,"Column":0,"Box":[82.8242,36.4192,36.7622,22.0]},{"Row":1,"Column":1,"Box":[82.8242,73.1814,28.0,22.0]},{"Row":1,"Column":2,"Box":[82.8242,101.1814,439.0,22.0]},{"Row":1,"Column":3,"Box":[82.8242,822.1814,126.0,22.0]},{"Row":1,"Column":4,"Box":[82.8242,792.1814,30.0,22.0]},{"Row":2,"Column":0,"Box":[104.8242,36.4192,36.7622,22.0]},{"Row":2,"Column":1,"Box":[104.8242,73.1814,28.0,22.0]},{"Row":2,"Column":2,"Box":[104.8242,101.1814,439.0,22.0]},{"Row":2,"Column":3,"Box":[104.8242,822.1814,126.0,22.0]},{"Row":2,"Column":4,"Box":[104.8242,792.1814,30.0,22.0]},{"Row":3,"Column":0,"Box":[126.8242,36.4192,36.7622,22.0]},{"Row":3,"Column":1,"Box":[126.8242,73.1814,28.0,22.0]},{"Row":3,"Column":2,"Box":[126.8242,101.1814,439.0,22.0]},{"Row":3,"Column":3,"Box":[126.8242,822.1814,126.0,22.0]},{"Row":3,"Column":4,"Box":[126.8242,792.1814,30.0,22.0]},{"Row":4,"Column":0,"Box":[148.8242,36.4192,36.7622,23.0]},{"Row":4,"Column":1,"Box":[148.8242,73.1814,28.0,23.0]},{"Row":4,"Column":2,"Box":[148.8242,101.1814,439.0,23.0]},{"Row":4,"Column":3,"Box":[148.8242,822.1814,126.0,23.0]},{"Row":4,"Column":4,"Box":[148.8242,792.1814,30.0,23.0]},{"Row":5,"Column":0,"Box":[171.8242,36.4192,36.7622,22.0]},{"Row":5,"Column":1,"Box":[171.8242,73.1814,28.0,22.0]},{"Row":5,"Column":2,"Box":[171.8242,101.1814,439.0,22.0]},{"Row":5,"Column":3,"Box":[171.8242,822.1814,126.0,22.0]},{"Row":5,"Column":4,"Box":[171.8242,792.1814,30.0,22.0]},{"Row":6,"Column":0,"Box":[193.8242,36.4192,36.7622,23.0]},{"Row":6,"Column":1,"Box":[193.8242,73.1814,28.0,23.0]},{"Row":6,"Column":2,"Box":[193.8242,101.1814,439.0,23.0]},{"Row":6,"Column":3,"Box":[193.8242,822.1814,126.0,23.0]},{"Row":6,"Column":4,"Box":[193.8242,792.1814,30.0,23.0]},{"Row":7,"Column":0,"Box":[216.8242,36.4192,36.7622,22.0]},{"Row":7,"Column":1,"Box":[216.8242,73.1814,28.0,22.0]},{"Row":7,"Column":2,"Box":[216.8242,101.1814,439.0,22.0]},{"Row":7,"Column":3,"Box":[216.8242,822.1814,126.0,22.0]},{"Row":7,"Column":4,"Box":[216.8242,792.1814,30.0,22.0]},{"Row":8,"Column":0,"Box":[238.8242,36.4192,36.7622,23.0]},{"Row":8,"Column":1,"Box":[238.8242,73.1814,28.0,23.0]},{"Row":8,"Column":2,"Box":[238.8242,101.1814,439.0,23.0]},{"Row":8,"Column":3,"Box":[238.8242,822.1814,126.0,23.0]},{"Row":8,"Column":4,"Box":[238.8242,792.1814,30.0,23.0]},{"Row":9,"Column":0,"Box":[261.8242,36.4192,36.7622,6.6202]},{"Row":9,"Column":1,"Box":[261.8242,73.1814,28.0,6.6202]},{"Row":9,"Column":2,"Box":[261.8242,101.1814,439.0,6.6202]},{"Row":9,"Column":3,"Box":[261.8242,822.1814,126.0,6.6202]},{"Row":9,"Column":4,"Box":[261.8242,792.1814,30.0,6.6202]}]}]},{"Page":1,"Size":[0.0,0.0,2448.0,1584.0],"SkewAngle":0.0,"Evidence":[],"Fields":[],"Tables":[]}],"AnchorBasedConfiguration":{"AnchorBasedFieldConfiguration":[]}}