{"DocumentTypeId":"BomPDF.BomTable.BomTableDataFormat","FormId":"8426979f","FormName":"Temp_5","OriginalFileExtension":"pdf","Pages":[{"Page":0,"Size":[0.0,0.0,2448.0,1584.0],"SkewAngle":0.0,"Evidence":[{"Text":"BILL","Box":[36.2113,282.3129,35.0439,24.8373]},{"Text":"OF","Box":[36.2113,326.1177,17.5219,24.8373]},{"Text":"MATERIALS","Box":[36.2113,352.4005,78.8487,24.8373]},{"Text":"ITEM","Box":[56.0576,41.2181,26.3249,19.9017]},{"Text":"QTY","Box":[56.468,72.106,19.8992,18.8047]},{"Text":"DESCRIPTION","Box":[56.0576,176.7581,77.22,19.9017]},{"Text":"MATERIAL","Box":[56.0576,340.2431,56.16,19.9017]},{"Text":"RELEASE","Box":[56.0576,477.2681,49.14,19.9017]},{"Text":"REV","Box":[56.0576,548.1431,21.06,19.9017]},{"Text":"PART","Box":[56.0576,584.7957,28.08,19.9017]},{"Text":"NUMBER","Box":[56.0576,619.8957,42.12,19.9017]}],"Fields":[],"Tables":[{"FieldId":"BomPDF.BomTable.BomTableDataFormat.ExtractedTable","Headers":[{"FieldId":"BomPDF.BomTable.BomTableDataFormat.ExtractedTable.ITEM","Box":[0.0,0.0,0.0,0.0]},{"FieldId":"BomPDF.BomTable.BomTableDataFormat.ExtractedTable.QTY","Box":[0.0,0.0,0.0,0.0]},{"FieldId":"BomPDF.BomTable.BomTableDataFormat.ExtractedTable.DESCRIPTION","Box":[0.0,0.0,0.0,0.0]},{"FieldId":"BomPDF.BomTable.BomTableDataFormat.ExtractedTable.PARTNUMBER","Box":[0.0,0.0,0.0,0.0]},{"FieldId":"BomPDF.BomTable.BomTableDataFormat.ExtractedTable.REVISION","Box":[0.0,0.0,0.0,0.0]}],"Cells":[{"Row":0,"Column":0,"Box":[70.7115,38.6446,32.2333,2.2333]},{"Row":0,"Column":1,"Box":[70.7115,70.878,23.0,2.2333]},{"Row":0,"Column":2,"Box":[70.7115,93.878,243.0,2.2333]},{"Row":0,"Column":3,"Box":[70.7115,571.878,104.0,2.2333]},{"Row":0,"Column":4,"Box":[70.7115,544.878,27.0,2.2333]},{"Row":1,"Column":0,"Box":[72.9448,38.6446,32.2333,18.0]},{"Row":1,"Column":1,"Box":[72.9448,70.878,23.0,18.0]},{"Row":1,"Column":2,"Box":[72.9448,93.878,243.0,18.0]},{"Row":1,"Column":3,"Box":[72.9448,571.878,104.0,18.0]},{"Row":1,"Column":4,"Box":[72.9448,544.878,27.0,18.0]},{"Row":2,"Column":0,"Box":[90.9448,38.6446,32.2333,18.0]},{"Row":2,"Column":1,"Box":[90.9448,70.878,23.0,18.0]},{"Row":2,"Column":2,"Box":[90.9448,93.878,243.0,18.0]},{"Row":2,"Column":3,"Box":[90.9448,571.878,104.0,18.0]},{"Row":2,"Column":4,"Box":[90.9448,544.878,27.0,18.0]},{"Row":3,"Column":0,"Box":[108.9448,38.6446,32.2333,18.0]},{"Row":3,"Column":1,"Box":[108.9448,70.878,23.0,18.0]},{"Row":3,"Column":2,"Box":[108.9448,93.878,243.0,18.0]},{"Row":3,"Column":3,"Box":[108.9448,571.878,104.0,18.0]},{"Row":3,"Column":4,"Box":[108.9448,544.878,27.0,18.0]},{"Row":4,"Column":0,"Box":[126.9448,38.6446,32.2333,18.0]},{"Row":4,"Column":1,"Box":[126.9448,70.878,23.0,18.0]},{"Row":4,"Column":2,"Box":[126.9448,93.878,243.0,18.0]},{"Row":4,"Column":3,"Box":[126.9448,571.878,104.0,18.0]},{"Row":4,"Column":4,"Box":[126.9448,544.878,27.0,18.0]},{"Row":5,"Column":0,"Box":[144.9448,38.6446,32.2333,18.0]},{"Row":5,"Column":1,"Box":[144.9448,70.878,23.0,18.0]},{"Row":5,"Column":2,"Box":[144.9448,93.878,243.0,18.0]},{"Row":5,"Column":3,"Box":[144.9448,571.878,104.0,18.0]},{"Row":5,"Column":4,"Box":[144.9448,544.878,27.0,18.0]},{"Row":6,"Column":0,"Box":[162.9448,38.6446,32.2333,18.0]},{"Row":6,"Column":1,"Box":[162.9448,70.878,23.0,18.0]},{"Row":6,"Column":2,"Box":[162.9448,93.878,243.0,18.0]},{"Row":6,"Column":3,"Box":[162.9448,571.878,104.0,18.0]},{"Row":6,"Column":4,"Box":[162.9448,544.878,27.0,18.0]},{"Row":7,"Column":0,"Box":[180.9448,38.6446,32.2333,18.0]},{"Row":7,"Column":1,"Box":[180.9448,70.878,23.0,18.0]},{"Row":7,"Column":2,"Box":[180.9448,93.878,243.0,18.0]},{"Row":7,"Column":3,"Box":[180.9448,571.878,104.0,18.0]},{"Row":7,"Column":4,"Box":[180.9448,544.878,27.0,18.0]},{"Row":8,"Column":0,"Box":[198.9448,38.6446,32.2333,18.0]},{"Row":8,"Column":1,"Box":[198.9448,70.878,23.0,18.0]},{"Row":8,"Column":2,"Box":[198.9448,93.878,243.0,18.0]},{"Row":8,"Column":3,"Box":[198.9448,571.878,104.0,18.0]},{"Row":8,"Column":4,"Box":[198.9448,544.878,27.0,18.0]},{"Row":9,"Column":0,"Box":[216.9448,38.6446,32.2333,18.0]},{"Row":9,"Column":1,"Box":[216.9448,70.878,23.0,18.0]},{"Row":9,"Column":2,"Box":[216.9448,93.878,243.0,18.0]},{"Row":9,"Column":3,"Box":[216.9448,571.878,104.0,18.0]},{"Row":9,"Column":4,"Box":[216.9448,544.878,27.0,18.0]},{"Row":10,"Column":0,"Box":[234.9448,38.6446,32.2333,18.0]},{"Row":10,"Column":1,"Box":[234.9448,70.878,23.0,18.0]},{"Row":10,"Column":2,"Box":[234.9448,93.878,243.0,18.0]},{"Row":10,"Column":3,"Box":[234.9448,571.878,104.0,18.0]},{"Row":10,"Column":4,"Box":[234.9448,544.878,27.0,18.0]},{"Row":11,"Column":0,"Box":[252.9448,38.6446,32.2333,18.0]},{"Row":11,"Column":1,"Box":[252.9448,70.878,23.0,18.0]},{"Row":11,"Column":2,"Box":[252.9448,93.878,243.0,18.0]},{"Row":11,"Column":3,"Box":[252.9448,571.878,104.0,18.0]},{"Row":11,"Column":4,"Box":[252.9448,544.878,27.0,18.0]},{"Row":12,"Column":0,"Box":[270.9448,38.6446,32.2333,2.4454]},{"Row":12,"Column":1,"Box":[270.9448,70.878,23.0,2.4454]},{"Row":12,"Column":2,"Box":[270.9448,93.878,243.0,2.4454]},{"Row":12,"Column":3,"Box":[270.9448,571.878,104.0,2.4454]},{"Row":12,"Column":4,"Box":[270.9448,544.878,27.0,2.4454]}]}]},{"Page":1,"Size":[0.0,0.0,2448.0,1584.0],"SkewAngle":0.0,"Evidence":[],"Fields":[],"Tables":[]},{"Page":2,"Size":[0.0,0.0,2448.0,1584.0],"SkewAngle":0.0,"Evidence":[],"Fields":[],"Tables":[]},{"Page":3,"Size":[0.0,0.0,2448.0,1584.0],"SkewAngle":0.0,"Evidence":[],"Fields":[],"Tables":[]}],"AnchorBasedConfiguration":{"AnchorBasedFieldConfiguration":[]}}