{"DocumentTypeId":"BomPDF.BomTable.BomTableDataFormat","FormId":"d149e979","FormName":"Temp_5_4","OriginalFileExtension":"pdf","Pages":[{"Page":0,"Size":[0.0,0.0,2448.0,1584.0],"SkewAngle":0.0,"Evidence":[{"Text":"BILL","Box":[38.1598,1292.15637,35.1,24.8771]},{"Text":"OF","Box":[38.1598,1336.03137,17.55,24.8771]},{"Text":"MATERIALS","Box":[38.1598,1362.35645,78.975,24.8771]},{"Text":"ITEM","Box":[61.5918,947.0991,31.4496,22.2899]},{"Text":"QTY","Box":[61.5918,983.0928,23.5872,22.2899]},{"Text":"DESCRIPTION","Box":[61.5918,1151.44324,86.4864,22.2899]},{"Text":"MATERIAL","Box":[61.5918,1383.68628,62.8992,22.2899]},{"Text":"RELEASE","Box":[61.5918,1549.73621,55.0368,22.2899]},{"Text":"REV","Box":[61.5918,1635.4613,23.5872,22.2899]},{"Text":"PART","Box":[61.5918,1682.19556,31.4496,22.2899]},{"Text":"NUMBER","Box":[61.5918,1721.50745,47.1744,22.2899]}],"Fields":[],"Tables":[{"FieldId":"BomPDF.BomTable.BomTableDataFormat.ExtractedTable","Headers":[{"FieldId":"BomPDF.BomTable.BomTableDataFormat.ExtractedTable.ITEM","Box":[0.0,0.0,0.0,0.0]},{"FieldId":"BomPDF.BomTable.BomTableDataFormat.ExtractedTable.QTY","Box":[0.0,0.0,0.0,0.0]},{"FieldId":"BomPDF.BomTable.BomTableDataFormat.ExtractedTable.DESCRIPTION","Box":[0.0,0.0,0.0,0.0]},{"FieldId":"BomPDF.BomTable.BomTableDataFormat.ExtractedTable.PARTNUMBER","Box":[0.0,0.0,0.0,0.0]},{"FieldId":"BomPDF.BomTable.BomTableDataFormat.ExtractedTable.REVISION","Box":[0.0,0.0,0.0,0.0]}],"Cells":[{"Row":0,"Column":0,"Box":[83.3087,945.2759,35.6662,2.6662]},{"Row":0,"Column":1,"Box":[83.3087,980.942,29.0,2.6662]},{"Row":0,"Column":2,"Box":[83.3087,1009.942,371.0,2.6662]},{"Row":0,"Column":3,"Box":[83.3087,1662.942,126.0,2.6662]},{"Row":0,"Column":4,"Box":[83.3087,1632.942,30.0,2.6662]},{"Row":1,"Column":0,"Box":[85.9749,945.2759,35.6662,18.0]},{"Row":1,"Column":1,"Box":[85.9749,980.942,29.0,18.0]},{"Row":1,"Column":2,"Box":[85.9749,1009.942,371.0,18.0]},{"Row":1,"Column":3,"Box":[85.9749,1662.942,126.0,18.0]},{"Row":1,"Column":4,"Box":[85.9749,1632.942,30.0,18.0]},{"Row":2,"Column":0,"Box":[103.9749,945.2759,35.6662,23.0]},{"Row":2,"Column":1,"Box":[103.9749,980.942,29.0,23.0]},{"Row":2,"Column":2,"Box":[103.9749,1009.942,371.0,23.0]},{"Row":2,"Column":3,"Box":[103.9749,1662.942,126.0,23.0]},{"Row":2,"Column":4,"Box":[103.9749,1632.942,30.0,23.0]},{"Row":3,"Column":0,"Box":[126.9749,945.2759,35.6662,2.4313]},{"Row":3,"Column":1,"Box":[126.9749,980.942,29.0,2.4313]},{"Row":3,"Column":2,"Box":[126.9749,1009.942,371.0,2.4313]},{"Row":3,"Column":3,"Box":[126.9749,1662.942,126.0,2.4313]},{"Row":3,"Column":4,"Box":[126.9749,1632.942,30.0,2.4313]}]}]}],"AnchorBasedConfiguration":{"AnchorBasedFieldConfiguration":[]}}