{"DocumentTypeId":"BomPDF.BomTable.BomTableDataFormat","FormId":"321198fe","FormName":"Temp_5_3","OriginalFileExtension":"pdf","Pages":[{"Page":0,"Size":[0.0,0.0,1584.0,1224.0],"SkewAngle":0.0,"Evidence":[{"Text":"BILL","Box":[36.9179,317.2916,35.0439,24.8373]},{"Text":"OF","Box":[36.9179,361.0964,17.522,24.8373]},{"Text":"MATERIALS","Box":[36.9179,387.3793,78.8486,24.8373]},{"Text":"ITEM","Box":[56.7643,40.0845,26.325,19.9017]},{"Text":"QTY","Box":[57.1747,70.9724,19.8992,18.8047]},{"Text":"DESCRIPTION","Box":[56.7643,192.4995,77.22,19.9017]},{"Text":"MATERIAL","Box":[56.7643,372.8596,56.16,19.9017]},{"Text":"RELEASE","Box":[56.7643,548.3596,49.14,19.9017]},{"Text":"REV","Box":[56.7643,619.2346,21.06,19.9017]},{"Text":"PART","Box":[56.7643,655.8872,28.08,19.9017]},{"Text":"NUMBER","Box":[56.7643,690.9872,42.12,19.9017]}],"Fields":[],"Tables":[{"FieldId":"BomPDF.BomTable.BomTableDataFormat.ExtractedTable","Headers":[{"FieldId":"BomPDF.BomTable.BomTableDataFormat.ExtractedTable.ITEM","Box":[0.0,0.0,0.0,0.0]},{"FieldId":"BomPDF.BomTable.BomTableDataFormat.ExtractedTable.QTY","Box":[0.0,0.0,0.0,0.0]},{"FieldId":"BomPDF.BomTable.BomTableDataFormat.ExtractedTable.DESCRIPTION","Box":[0.0,0.0,0.0,0.0]},{"FieldId":"BomPDF.BomTable.BomTableDataFormat.ExtractedTable.PARTNUMBER","Box":[0.0,0.0,0.0,0.0]},{"FieldId":"BomPDF.BomTable.BomTableDataFormat.ExtractedTable.REVISION","Box":[0.0,0.0,0.0,0.0]}],"Cells":[{"Row":0,"Column":0,"Box":[72.0773,36.0386,33.4226,1.4226]},{"Row":0,"Column":1,"Box":[72.0773,69.4612,23.0,1.4226]},{"Row":0,"Column":2,"Box":[72.0773,92.4612,277.0,1.4226]},{"Row":0,"Column":3,"Box":[72.0773,642.4612,104.0,1.4226]},{"Row":0,"Column":4,"Box":[72.0773,615.4612,27.0,1.4226]},{"Row":1,"Column":0,"Box":[73.4999,36.0386,33.4226,18.0]},{"Row":1,"Column":1,"Box":[73.4999,69.4612,23.0,18.0]},{"Row":1,"Column":2,"Box":[73.4999,92.4612,277.0,18.0]},{"Row":1,"Column":3,"Box":[73.4999,642.4612,104.0,18.0]},{"Row":1,"Column":4,"Box":[73.4999,615.4612,27.0,18.0]},{"Row":2,"Column":0,"Box":[91.4999,36.0386,33.4226,18.0]},{"Row":2,"Column":1,"Box":[91.4999,69.4612,23.0,18.0]},{"Row":2,"Column":2,"Box":[91.4999,92.4612,277.0,18.0]},{"Row":2,"Column":3,"Box":[91.4999,642.4612,104.0,18.0]},{"Row":2,"Column":4,"Box":[91.4999,615.4612,27.0,18.0]},{"Row":3,"Column":0,"Box":[109.4999,36.0386,33.4226,3.8322]},{"Row":3,"Column":1,"Box":[109.4999,69.4612,23.0,3.8322]},{"Row":3,"Column":2,"Box":[109.4999,92.4612,277.0,3.8322]},{"Row":3,"Column":3,"Box":[109.4999,642.4612,104.0,3.8322]},{"Row":3,"Column":4,"Box":[109.4999,615.4612,27.0,3.8322]}]}]},{"Page":1,"Size":[0.0,0.0,2448.0,1584.0],"SkewAngle":0.0,"Evidence":[],"Fields":[],"Tables":[]},{"Page":2,"Size":[0.0,0.0,2448.0,1584.0],"SkewAngle":0.0,"Evidence":[],"Fields":[],"Tables":[]},{"Page":3,"Size":[0.0,0.0,1584.0,1224.0],"SkewAngle":0.0,"Evidence":[],"Fields":[],"Tables":[]}],"AnchorBasedConfiguration":{"AnchorBasedFieldConfiguration":[]}}