<?xml version="1.0" ?><!DOCTYPE NmLoader SYSTEM "standard11_1.dtd">
<NmLoader>
<csvGroup handler="wt.load.LoadUser.createGroup" >
    <csvuser></csvuser>
    <csvgroupName>HX AUTHOR LICENSE GROUP</csvgroupName>
    <csvdescription></csvdescription>
    <csvDirectoryService></csvDirectoryService>
</csvGroup>

<csvGroup handler="wt.load.LoadUser.createGroup" >
    <csvuser></csvuser>
    <csvgroupName>HX CREO DATA MANAGEMENT LICENSE GROUP</csvgroupName>
    <csvdescription></csvdescription>
    <csvDirectoryService></csvDirectoryService>
</csvGroup>

<csvGroup handler="wt.load.LoadUser.createGroup" >
    <csvuser></csvuser>
    <csvgroupName>HX MDE MANAGER GLASON CHOU</csvgroupName>
    <csvdescription></csvdescription>
    <csvDirectoryService></csvDirectoryService>
</csvGroup>

<csvGroup handler="wt.load.LoadUser.createGroup" >
    <csvuser></csvuser>
    <csvgroupName>HX MDE MANAGER PENHAO MA</csvgroupName>
    <csvdescription></csvdescription>
    <csvDirectoryService></csvDirectoryService>
</csvGroup>

<csvGroup handler="wt.load.LoadUser.createGroup" >
    <csvuser></csvuser>
    <csvgroupName>HX MDE GROUP</csvgroupName>
    <csvdescription></csvdescription>
    <csvDirectoryService></csvDirectoryService>
</csvGroup>

<csvGroup handler="wt.load.LoadUser.createGroup" >
    <csvuser></csvuser>
    <csvgroupName>HX ENVISION MANAGER BAIN TZENG</csvgroupName>
    <csvdescription></csvdescription>
    <csvDirectoryService></csvDirectoryService>
</csvGroup>

<csvGroup handler="wt.load.LoadUser.createGroup" >
    <csvuser></csvuser>
    <csvgroupName>HX ENVISION MANAGER PENHAO MA</csvgroupName>
    <csvdescription></csvdescription>
    <csvDirectoryService></csvDirectoryService>
</csvGroup>

<csvGroup handler="wt.load.LoadUser.createGroup" >
    <csvuser></csvuser>
    <csvgroupName>HX ENVISION GROUP</csvgroupName>
    <csvdescription></csvdescription>
    <csvDirectoryService></csvDirectoryService>
</csvGroup>

<csvGroup handler="wt.load.LoadUser.createGroup" >
    <csvuser></csvuser>
    <csvgroupName>HX ADMINS</csvgroupName>
    <csvdescription></csvdescription>
    <csvDirectoryService></csvDirectoryService>
</csvGroup>

</NmLoader>