<?xml version="1.0" ?><!DOCTYPE NmLoader SYSTEM "standard11_1.dtd">
<NmLoader>
<csvAddPrincipalToRole handler="wt.inf.team.LoadContainerTeam.addPrincipalToRole" >
    <csvcontainerClass>wt.inf.library.WTLibrary</csvcontainerClass>
    <csvcontainerName>HX ME Common Parts</csvcontainerName>
    <csvrole>Library Designer</csvrole>
    <csvprincipalNameOrDN>HX ENVISION GROUP</csvprincipalNameOrDN>
    <csvserviceName></csvserviceName>
    <csvuseSharedTeam></csvuseSharedTeam>
</csvAddPrincipalToRole>

<csvAddPrincipalToRole handler="wt.inf.team.LoadContainerTeam.addPrincipalToRole" >
    <csvcontainerClass>wt.inf.library.WTLibrary</csvcontainerClass>
    <csvcontainerName>HX ME Common Parts</csvcontainerName>
    <csvrole>Library Designer</csvrole>
    <csvprincipalNameOrDN>HX MDE GROUP</csvprincipalNameOrDN>
    <csvserviceName></csvserviceName>
    <csvuseSharedTeam></csvuseSharedTeam>
</csvAddPrincipalToRole>

<csvAddPrincipalToRole handler="wt.inf.team.LoadContainerTeam.addPrincipalToRole" >
    <csvcontainerClass>wt.inf.library.WTLibrary</csvcontainerClass>
    <csvcontainerName>HX ME Common Parts</csvcontainerName>
    <csvrole>Library Manager</csvrole>
    <csvprincipalNameOrDN>HX ADMINS</csvprincipalNameOrDN>
    <csvserviceName></csvserviceName>
    <csvuseSharedTeam></csvuseSharedTeam>
</csvAddPrincipalToRole>

<csvAddPrincipalToRole handler="wt.inf.team.LoadContainerTeam.addPrincipalToRole" >
    <csvcontainerClass>wt.inf.library.WTLibrary</csvcontainerClass>
    <csvcontainerName>HX ME Common Parts</csvcontainerName>
    <csvrole>Library Manager</csvrole>
    <csvprincipalNameOrDN>Jeff.Wang@hp.com</csvprincipalNameOrDN>
    <csvserviceName></csvserviceName>
    <csvuseSharedTeam></csvuseSharedTeam>
</csvAddPrincipalToRole>

<csvAddPrincipalToRole handler="wt.inf.team.LoadContainerTeam.addPrincipalToRole" >
    <csvcontainerClass>wt.inf.library.WTLibrary</csvcontainerClass>
    <csvcontainerName>HX ME Common Parts</csvcontainerName>
    <csvrole>Library Manager</csvrole>
    <csvprincipalNameOrDN>Carter.Lai@hp.com</csvprincipalNameOrDN>
    <csvserviceName></csvserviceName>
    <csvuseSharedTeam></csvuseSharedTeam>
</csvAddPrincipalToRole>

<csvAddPrincipalToRole handler="wt.inf.team.LoadContainerTeam.addPrincipalToRole" >
    <csvcontainerClass>wt.inf.library.WTLibrary</csvcontainerClass>
    <csvcontainerName>HX ME Common Parts</csvcontainerName>
    <csvrole>Members</csvrole>
    <csvprincipalNameOrDN>HX ENVISION GROUP</csvprincipalNameOrDN>
    <csvserviceName></csvserviceName>
    <csvuseSharedTeam></csvuseSharedTeam>
</csvAddPrincipalToRole>

<csvAddPrincipalToRole handler="wt.inf.team.LoadContainerTeam.addPrincipalToRole" >
    <csvcontainerClass>wt.inf.library.WTLibrary</csvcontainerClass>
    <csvcontainerName>HX ME Common Parts</csvcontainerName>
    <csvrole>Members</csvrole>
    <csvprincipalNameOrDN>HX MDE GROUP</csvprincipalNameOrDN>
    <csvserviceName></csvserviceName>
    <csvuseSharedTeam></csvuseSharedTeam>
</csvAddPrincipalToRole>

<csvAddPrincipalToRole handler="wt.inf.team.LoadContainerTeam.addPrincipalToRole" >
    <csvcontainerClass>wt.inf.library.WTLibrary</csvcontainerClass>
    <csvcontainerName>HX ME Common Parts</csvcontainerName>
    <csvrole>Members</csvrole>
    <csvprincipalNameOrDN>HX AUTHOR LICENSE GROUP</csvprincipalNameOrDN>
    <csvserviceName></csvserviceName>
    <csvuseSharedTeam></csvuseSharedTeam>
</csvAddPrincipalToRole>

</NmLoader>