#AddPrincipalToRole,containerClass,containerName,role,principalNameOrDN,serviceName,useSharedTeam
AddPrincipalToRole,wt.inf.library.WTLibrary,HX ME Common Parts,Library Designer,HX ENVISION GROUP,,
AddPrincipalToRole,wt.inf.library.WTLibrary,HX ME Common Parts,Library Designer,HX MDE GROUP,,
AddPrincipalToRole,wt.inf.library.WTLibrary,HX ME Common Parts,Library Manager,HX ADMINS,,
AddPrincipalToRole,wt.inf.library.WTLibrary,HX ME Common Parts,Library Manager,Jeff.Wang@hp.com,,
AddPrincipalToRole,wt.inf.library.WTLibrary,HX ME Common Parts,Library Manager,Carter.Lai@hp.com,,
AddPrincipalToRole,wt.inf.library.WTLibrary,HX ME Common Parts,Members,HX ENVISION GROUP,,
AddPrincipalToRole,wt.inf.library.WTLibrary,HX ME Common Parts,Members,HX MDE GROUP,,
AddPrincipalToRole,wt.inf.library.WTLibrary,HX ME Common Parts,Members,HX AUTHOR LICENSE GROUP,,
