#AddPrincipalToRole,containerClass,containerName,role,principalNameOrDN,serviceName,useSharedTeam
AddPrincipalToRole,wt.pdmlink.PDMLinkProduct,HX 1602001-Alloy-FPS,Envision Designer,Bain.Tzeng@hp.com,,
AddPrincipalToRole,wt.pdmlink.PDMLinkProduct,HX 1602001-Alloy-FPS,MDE Designer,Carter.Lai@hp.com,,
AddPrincipalToRole,wt.pdmlink.PDMLinkProduct,HX 1602001-Alloy-FPS,MDE Designer,Kyle.Yu@hp.com,,
AddPrincipalToRole,wt.pdmlink.PDMLinkProduct,HX 1602001-Alloy-FPS,Members,HX ENVISION GROUP,,
AddPrincipalToRole,wt.pdmlink.PDMLinkProduct,HX 1602001-Alloy-FPS,Members,HX MDE GROUP,,
AddPrincipalToRole,wt.pdmlink.PDMLinkProduct,HX 1602001-Alloy-FPS,Product Manager,HX ADMINS,,
AddPrincipalToRole,wt.pdmlink.PDMLinkProduct,HX 1604001-Pulsefire-FPS,Envision Designer,Bain.Tzeng@hp.com,,
AddPrincipalToRole,wt.pdmlink.PDMLinkProduct,HX 1604001-Pulsefire-FPS,MDE Designer,Carter.Lai@hp.com,,
AddPrincipalToRole,wt.pdmlink.PDMLinkProduct,HX 1604001-Pulsefire-FPS,MDE Designer,Glason.Chou@hp.com,,
AddPrincipalToRole,wt.pdmlink.PDMLinkProduct,HX 1604001-Pulsefire-FPS,Members,HX ENVISION GROUP,,
AddPrincipalToRole,wt.pdmlink.PDMLinkProduct,HX 1604001-Pulsefire-FPS,Members,HX MDE GROUP,,
AddPrincipalToRole,wt.pdmlink.PDMLinkProduct,HX 1604001-Pulsefire-FPS,Product Manager,HX ADMINS,,
AddPrincipalToRole,wt.pdmlink.PDMLinkProduct,HX 1604007-Alloy-Elite,Envision Designer,Bain.Tzeng@hp.com,,
AddPrincipalToRole,wt.pdmlink.PDMLinkProduct,HX 1604007-Alloy-Elite,MDE Designer,Carter.Lai@hp.com,,
AddPrincipalToRole,wt.pdmlink.PDMLinkProduct,HX 1604007-Alloy-Elite,Members,HX ENVISION GROUP,,
AddPrincipalToRole,wt.pdmlink.PDMLinkProduct,HX 1604007-Alloy-Elite,Members,HX MDE GROUP,,
AddPrincipalToRole,wt.pdmlink.PDMLinkProduct,HX 1604007-Alloy-Elite,Product Manager,HX ADMINS,,
AddPrincipalToRole,wt.pdmlink.PDMLinkProduct,HX 1612003-Alloy-FPS-Pro,Envision Designer,ScottLY.Chen@hp.com,,
AddPrincipalToRole,wt.pdmlink.PDMLinkProduct,HX 1612003-Alloy-FPS-Pro,MDE Designer,Carter.Lai@hp.com,,
AddPrincipalToRole,wt.pdmlink.PDMLinkProduct,HX 1612003-Alloy-FPS-Pro,Members,HX ENVISION GROUP,,
AddPrincipalToRole,wt.pdmlink.PDMLinkProduct,HX 1612003-Alloy-FPS-Pro,Members,HX MDE GROUP,,
AddPrincipalToRole,wt.pdmlink.PDMLinkProduct,HX 1612003-Alloy-FPS-Pro,Product Manager,HX ADMINS,,
AddPrincipalToRole,wt.pdmlink.PDMLinkProduct,HX 1701001-MOBA-keycap,Envision Designer,Bain.Tzeng@hp.com,,
AddPrincipalToRole,wt.pdmlink.PDMLinkProduct,HX 1701001-MOBA-keycap,MDE Designer,Carter.Lai@hp.com,,
AddPrincipalToRole,wt.pdmlink.PDMLinkProduct,HX 1701001-MOBA-keycap,MDE Designer,Glason.Chou@hp.com,,
AddPrincipalToRole,wt.pdmlink.PDMLinkProduct,HX 1701001-MOBA-keycap,Members,HX ENVISION GROUP,,
AddPrincipalToRole,wt.pdmlink.PDMLinkProduct,HX 1701001-MOBA-keycap,Members,HX MDE GROUP,,
AddPrincipalToRole,wt.pdmlink.PDMLinkProduct,HX 1701001-MOBA-keycap,Product Manager,HX ADMINS,,
AddPrincipalToRole,wt.pdmlink.PDMLinkProduct,HX 1703004-Amp,Envision Designer,ScottLY.Chen@hp.com,,
AddPrincipalToRole,wt.pdmlink.PDMLinkProduct,HX 1703004-Amp,MDE Designer,Bruce.Ho@hp.com,,
AddPrincipalToRole,wt.pdmlink.PDMLinkProduct,HX 1703004-Amp,Members,HX ENVISION GROUP,,
AddPrincipalToRole,wt.pdmlink.PDMLinkProduct,HX 1703004-Amp,Members,HX MDE GROUP,,
AddPrincipalToRole,wt.pdmlink.PDMLinkProduct,HX 1703004-Amp,Product Manager,HX ADMINS,,
AddPrincipalToRole,wt.pdmlink.PDMLinkProduct,HX 1704002-Pulsefire-Surge,Envision Designer,Bain.Tzeng@hp.com,,
AddPrincipalToRole,wt.pdmlink.PDMLinkProduct,HX 1704002-Pulsefire-Surge,MDE Designer,Carter.Lai@hp.com,,
AddPrincipalToRole,wt.pdmlink.PDMLinkProduct,HX 1704002-Pulsefire-Surge,MDE Designer,Glason.Chou@hp.com,,
AddPrincipalToRole,wt.pdmlink.PDMLinkProduct,HX 1704002-Pulsefire-Surge,Members,HX ENVISION GROUP,,
AddPrincipalToRole,wt.pdmlink.PDMLinkProduct,HX 1704002-Pulsefire-Surge,Members,HX MDE GROUP,,
AddPrincipalToRole,wt.pdmlink.PDMLinkProduct,HX 1704002-Pulsefire-Surge,Product Manager,HX ADMINS,,
AddPrincipalToRole,wt.pdmlink.PDMLinkProduct,HX 1704003-ChargePlay-Duo-PS4,Envision Designer,ScottLY.Chen@hp.com,,
AddPrincipalToRole,wt.pdmlink.PDMLinkProduct,HX 1704003-ChargePlay-Duo-PS4,MDE Designer,Kyle.Yu@hp.com,,
AddPrincipalToRole,wt.pdmlink.PDMLinkProduct,HX 1704003-ChargePlay-Duo-PS4,Members,HX ENVISION GROUP,,
AddPrincipalToRole,wt.pdmlink.PDMLinkProduct,HX 1704003-ChargePlay-Duo-PS4,Members,HX MDE GROUP,,
AddPrincipalToRole,wt.pdmlink.PDMLinkProduct,HX 1704003-ChargePlay-Duo-PS4,Product Manager,HX ADMINS,,
AddPrincipalToRole,wt.pdmlink.PDMLinkProduct,HX 1706002-Mars,Envision Designer,Bain.Tzeng@hp.com,,
AddPrincipalToRole,wt.pdmlink.PDMLinkProduct,HX 1706002-Mars,MDE Designer,Carter.Lai@hp.com,,
AddPrincipalToRole,wt.pdmlink.PDMLinkProduct,HX 1706002-Mars,MDE Designer,Glason.Chou@hp.com,,
AddPrincipalToRole,wt.pdmlink.PDMLinkProduct,HX 1706002-Mars,Members,HX ENVISION GROUP,,
AddPrincipalToRole,wt.pdmlink.PDMLinkProduct,HX 1706002-Mars,Members,HX MDE GROUP,,
AddPrincipalToRole,wt.pdmlink.PDMLinkProduct,HX 1706002-Mars,Product Manager,HX ADMINS,,
AddPrincipalToRole,wt.pdmlink.PDMLinkProduct,HX 1707001-Thai-Keycap,Envision Designer,Bain.Tzeng@hp.com,,
AddPrincipalToRole,wt.pdmlink.PDMLinkProduct,HX 1707001-Thai-Keycap,MDE Designer,Carter.Lai@hp.com,,
AddPrincipalToRole,wt.pdmlink.PDMLinkProduct,HX 1707001-Thai-Keycap,Members,HX ENVISION GROUP,,
AddPrincipalToRole,wt.pdmlink.PDMLinkProduct,HX 1707001-Thai-Keycap,Members,HX MDE GROUP,,
AddPrincipalToRole,wt.pdmlink.PDMLinkProduct,HX 1707001-Thai-Keycap,Product Manager,HX ADMINS,,
AddPrincipalToRole,wt.pdmlink.PDMLinkProduct,HX 1707003-Alloy-Core,Envision Designer,Bain.Tzeng@hp.com,,
AddPrincipalToRole,wt.pdmlink.PDMLinkProduct,HX 1707003-Alloy-Core,MDE Designer,Carter.Lai@hp.com,,
AddPrincipalToRole,wt.pdmlink.PDMLinkProduct,HX 1707003-Alloy-Core,Members,HX ENVISION GROUP,,
AddPrincipalToRole,wt.pdmlink.PDMLinkProduct,HX 1707003-Alloy-Core,Members,HX MDE GROUP,,
AddPrincipalToRole,wt.pdmlink.PDMLinkProduct,HX 1707003-Alloy-Core,Product Manager,HX ADMINS,,
AddPrincipalToRole,wt.pdmlink.PDMLinkProduct,HX 1708002-Cloud-MIX,Envision Designer,ScottLY.Chen@hp.com,,
AddPrincipalToRole,wt.pdmlink.PDMLinkProduct,HX 1708002-Cloud-MIX,MDE Designer,Wells.Wang@hp.com,,
AddPrincipalToRole,wt.pdmlink.PDMLinkProduct,HX 1708002-Cloud-MIX,Members,HX ENVISION GROUP,,
AddPrincipalToRole,wt.pdmlink.PDMLinkProduct,HX 1708002-Cloud-MIX,Members,HX MDE GROUP,,
AddPrincipalToRole,wt.pdmlink.PDMLinkProduct,HX 1708002-Cloud-MIX,Product Manager,HX ADMINS,,
AddPrincipalToRole,wt.pdmlink.PDMLinkProduct,HX 1708003-Cloud-II,Envision Designer,Fay.Ho@hp.com,,
AddPrincipalToRole,wt.pdmlink.PDMLinkProduct,HX 1708003-Cloud-II,MDE Designer,Bruce.Ho@hp.com,,
AddPrincipalToRole,wt.pdmlink.PDMLinkProduct,HX 1708003-Cloud-II,MDE Designer,Penhao.Ma@hp.com,,
AddPrincipalToRole,wt.pdmlink.PDMLinkProduct,HX 1708003-Cloud-II,Members,HX ENVISION GROUP,,
AddPrincipalToRole,wt.pdmlink.PDMLinkProduct,HX 1708003-Cloud-II,Members,Linus.Chien@hp.com,,
AddPrincipalToRole,wt.pdmlink.PDMLinkProduct,HX 1708003-Cloud-II,Members,HX MDE GROUP,,
AddPrincipalToRole,wt.pdmlink.PDMLinkProduct,HX 1708003-Cloud-II,Product Manager,HX ADMINS,,
AddPrincipalToRole,wt.pdmlink.PDMLinkProduct,HX 1708004-Cloud-Alpha,Envision Designer,Fay.Ho@hp.com,,
AddPrincipalToRole,wt.pdmlink.PDMLinkProduct,HX 1708004-Cloud-Alpha,MDE Designer,Wells.Wang@hp.com,,
AddPrincipalToRole,wt.pdmlink.PDMLinkProduct,HX 1708004-Cloud-Alpha,Members,HX ENVISION GROUP,,
AddPrincipalToRole,wt.pdmlink.PDMLinkProduct,HX 1708004-Cloud-Alpha,Members,HX MDE GROUP,,
AddPrincipalToRole,wt.pdmlink.PDMLinkProduct,HX 1708004-Cloud-Alpha,Product Manager,HX ADMINS,,
AddPrincipalToRole,wt.pdmlink.PDMLinkProduct,HX 1709001-Pulsefire-FPS-Pro-RGB,Envision Designer,Bain.Tzeng@hp.com,,
AddPrincipalToRole,wt.pdmlink.PDMLinkProduct,HX 1709001-Pulsefire-FPS-Pro-RGB,MDE Designer,Carter.Lai@hp.com,,
AddPrincipalToRole,wt.pdmlink.PDMLinkProduct,HX 1709001-Pulsefire-FPS-Pro-RGB,MDE Designer,Glason.Chou@hp.com,,
AddPrincipalToRole,wt.pdmlink.PDMLinkProduct,HX 1709001-Pulsefire-FPS-Pro-RGB,Members,HX ENVISION GROUP,,
AddPrincipalToRole,wt.pdmlink.PDMLinkProduct,HX 1709001-Pulsefire-FPS-Pro-RGB,Members,HX MDE GROUP,,
AddPrincipalToRole,wt.pdmlink.PDMLinkProduct,HX 1709001-Pulsefire-FPS-Pro-RGB,Product Manager,HX ADMINS,,
AddPrincipalToRole,wt.pdmlink.PDMLinkProduct,HX 1712001-Cloud-Revolver-Ultra,Envision Designer,ScottLY.Chen@hp.com,,
AddPrincipalToRole,wt.pdmlink.PDMLinkProduct,HX 1712001-Cloud-Revolver-Ultra,MDE Designer,Charlson.Chang@hp.com,,
AddPrincipalToRole,wt.pdmlink.PDMLinkProduct,HX 1712001-Cloud-Revolver-Ultra,Members,HX ENVISION GROUP,,
AddPrincipalToRole,wt.pdmlink.PDMLinkProduct,HX 1712001-Cloud-Revolver-Ultra,Members,HX MDE GROUP,,
AddPrincipalToRole,wt.pdmlink.PDMLinkProduct,HX 1712001-Cloud-Revolver-Ultra,Product Manager,HX ADMINS,,
AddPrincipalToRole,wt.pdmlink.PDMLinkProduct,HX 1712002-Pulsefire-Core,Envision Designer,Bain.Tzeng@hp.com,,
AddPrincipalToRole,wt.pdmlink.PDMLinkProduct,HX 1712002-Pulsefire-Core,MDE Designer,Carter.Lai@hp.com,,
AddPrincipalToRole,wt.pdmlink.PDMLinkProduct,HX 1712002-Pulsefire-Core,Members,HX ENVISION GROUP,,
AddPrincipalToRole,wt.pdmlink.PDMLinkProduct,HX 1712002-Pulsefire-Core,Members,HX MDE GROUP,,
AddPrincipalToRole,wt.pdmlink.PDMLinkProduct,HX 1712002-Pulsefire-Core,Product Manager,HX ADMINS,,
AddPrincipalToRole,wt.pdmlink.PDMLinkProduct,HX 1712008-Cloud-Earbuds,Envision Designer,ScottLY.Chen@hp.com,,
AddPrincipalToRole,wt.pdmlink.PDMLinkProduct,HX 1712008-Cloud-Earbuds,MDE Designer,Bruce.Ho@hp.com,,
AddPrincipalToRole,wt.pdmlink.PDMLinkProduct,HX 1712008-Cloud-Earbuds,Members,HX ENVISION GROUP,,
AddPrincipalToRole,wt.pdmlink.PDMLinkProduct,HX 1712008-Cloud-Earbuds,Members,HX MDE GROUP,,
AddPrincipalToRole,wt.pdmlink.PDMLinkProduct,HX 1712008-Cloud-Earbuds,Product Manager,HX ADMINS,,
AddPrincipalToRole,wt.pdmlink.PDMLinkProduct,HX 1712009-Cloud-Stinger-Core,Envision Designer,ScottLY.Chen@hp.com,,
AddPrincipalToRole,wt.pdmlink.PDMLinkProduct,HX 1712009-Cloud-Stinger-Core,MDE Designer,Bruce.Ho@hp.com,,
AddPrincipalToRole,wt.pdmlink.PDMLinkProduct,HX 1712009-Cloud-Stinger-Core,Members,HX ENVISION GROUP,,
AddPrincipalToRole,wt.pdmlink.PDMLinkProduct,HX 1712009-Cloud-Stinger-Core,Members,HX MDE GROUP,,
AddPrincipalToRole,wt.pdmlink.PDMLinkProduct,HX 1712009-Cloud-Stinger-Core,Product Manager,HX ADMINS,,
AddPrincipalToRole,wt.pdmlink.PDMLinkProduct,HX 1801003-ChargePlay-Quad,Envision Designer,ScottLY.Chen@hp.com,,
AddPrincipalToRole,wt.pdmlink.PDMLinkProduct,HX 1801003-ChargePlay-Quad,MDE Designer,Carter.Lai@hp.com,,
AddPrincipalToRole,wt.pdmlink.PDMLinkProduct,HX 1801003-ChargePlay-Quad,Members,HX ENVISION GROUP,,
AddPrincipalToRole,wt.pdmlink.PDMLinkProduct,HX 1801003-ChargePlay-Quad,Members,HX MDE GROUP,,
AddPrincipalToRole,wt.pdmlink.PDMLinkProduct,HX 1801003-ChargePlay-Quad,Product Manager,HX ADMINS,,
AddPrincipalToRole,wt.pdmlink.PDMLinkProduct,HX 1803003-QuadCast,Envision Designer,ScottLY.Chen@hp.com,,
AddPrincipalToRole,wt.pdmlink.PDMLinkProduct,HX 1803003-QuadCast,MDE Designer,Wells.Wang@hp.com,,
AddPrincipalToRole,wt.pdmlink.PDMLinkProduct,HX 1803003-QuadCast,Members,HX ENVISION GROUP,,
AddPrincipalToRole,wt.pdmlink.PDMLinkProduct,HX 1803003-QuadCast,Members,HX MDE GROUP,,
AddPrincipalToRole,wt.pdmlink.PDMLinkProduct,HX 1803003-QuadCast,Product Manager,HX ADMINS,,
AddPrincipalToRole,wt.pdmlink.PDMLinkProduct,HX 1804001-ChargePlay-Duo-XB1,Envision Designer,ScottLY.Chen@hp.com,,
AddPrincipalToRole,wt.pdmlink.PDMLinkProduct,HX 1804001-ChargePlay-Duo-XB1,MDE Designer,Kyle.Yu@hp.com,,
AddPrincipalToRole,wt.pdmlink.PDMLinkProduct,HX 1804001-ChargePlay-Duo-XB1,Members,HX ENVISION GROUP,,
AddPrincipalToRole,wt.pdmlink.PDMLinkProduct,HX 1804001-ChargePlay-Duo-XB1,Members,HX MDE GROUP,,
AddPrincipalToRole,wt.pdmlink.PDMLinkProduct,HX 1804001-ChargePlay-Duo-XB1,Product Manager,HX ADMINS,,
AddPrincipalToRole,wt.pdmlink.PDMLinkProduct,HX 1804003-Cloud-Alpha-S,Envision Designer,Alex.Gu1@hp.com,,
AddPrincipalToRole,wt.pdmlink.PDMLinkProduct,HX 1804003-Cloud-Alpha-S,MDE Designer,Wells.Wang@hp.com,,
AddPrincipalToRole,wt.pdmlink.PDMLinkProduct,HX 1804003-Cloud-Alpha-S,Members,HX ENVISION GROUP,,
AddPrincipalToRole,wt.pdmlink.PDMLinkProduct,HX 1804003-Cloud-Alpha-S,Members,HX MDE GROUP,,
AddPrincipalToRole,wt.pdmlink.PDMLinkProduct,HX 1804003-Cloud-Alpha-S,Product Manager,HX ADMINS,,
AddPrincipalToRole,wt.pdmlink.PDMLinkProduct,HX 1804005-CloudX-Flight,Envision Designer,ScottLY.Chen@hp.com,,
AddPrincipalToRole,wt.pdmlink.PDMLinkProduct,HX 1804005-CloudX-Flight,MDE Designer,Jeff.Wang@hp.com,,
AddPrincipalToRole,wt.pdmlink.PDMLinkProduct,HX 1804005-CloudX-Flight,Members,HX ENVISION GROUP,,
AddPrincipalToRole,wt.pdmlink.PDMLinkProduct,HX 1804005-CloudX-Flight,Members,HX MDE GROUP,,
AddPrincipalToRole,wt.pdmlink.PDMLinkProduct,HX 1804005-CloudX-Flight,Product Manager,HX ADMINS,,
AddPrincipalToRole,wt.pdmlink.PDMLinkProduct,HX 1804006-Cloud-Flight-S,Envision Designer,Ethan.Chen@hp.com,,
AddPrincipalToRole,wt.pdmlink.PDMLinkProduct,HX 1804006-Cloud-Flight-S,MDE Designer,Jeff.Wang@hp.com,,
AddPrincipalToRole,wt.pdmlink.PDMLinkProduct,HX 1804006-Cloud-Flight-S,Members,HX ENVISION GROUP,,
AddPrincipalToRole,wt.pdmlink.PDMLinkProduct,HX 1804006-Cloud-Flight-S,Members,Linus.Chien@hp.com,,
AddPrincipalToRole,wt.pdmlink.PDMLinkProduct,HX 1804006-Cloud-Flight-S,Members,HX MDE GROUP,,
AddPrincipalToRole,wt.pdmlink.PDMLinkProduct,HX 1804006-Cloud-Flight-S,Product Manager,HX ADMINS,,
AddPrincipalToRole,wt.pdmlink.PDMLinkProduct,HX 1804007-Pulsefire-Dart,Envision Designer,Alex.Gu1@hp.com,,
AddPrincipalToRole,wt.pdmlink.PDMLinkProduct,HX 1804007-Pulsefire-Dart,MDE Designer,Carter.Lai@hp.com,,
AddPrincipalToRole,wt.pdmlink.PDMLinkProduct,HX 1804007-Pulsefire-Dart,Members,Glason.Chou@hp.com,,
AddPrincipalToRole,wt.pdmlink.PDMLinkProduct,HX 1804007-Pulsefire-Dart,Members,HX ENVISION GROUP,,
AddPrincipalToRole,wt.pdmlink.PDMLinkProduct,HX 1804007-Pulsefire-Dart,Members,HX MDE GROUP,,
AddPrincipalToRole,wt.pdmlink.PDMLinkProduct,HX 1804007-Pulsefire-Dart,Product Manager,HX ADMINS,,
AddPrincipalToRole,wt.pdmlink.PDMLinkProduct,HX 1804008-ChargePlay-Base,Envision Designer,Bain.Tzeng@hp.com,,
AddPrincipalToRole,wt.pdmlink.PDMLinkProduct,HX 1804008-ChargePlay-Base,MDE Designer,Carter.Lai@hp.com,,
AddPrincipalToRole,wt.pdmlink.PDMLinkProduct,HX 1804008-ChargePlay-Base,Members,Glason.Chou@hp.com,,
AddPrincipalToRole,wt.pdmlink.PDMLinkProduct,HX 1804008-ChargePlay-Base,Members,HX ENVISION GROUP,,
AddPrincipalToRole,wt.pdmlink.PDMLinkProduct,HX 1804008-ChargePlay-Base,Members,HX MDE GROUP,,
AddPrincipalToRole,wt.pdmlink.PDMLinkProduct,HX 1804008-ChargePlay-Base,Product Manager,HX ADMINS,,
AddPrincipalToRole,wt.pdmlink.PDMLinkProduct,HX 1806004-ChargePlay-Clutch-For-Nintendo-Switch,Envision Designer,ScottLY.Chen@hp.com,,
AddPrincipalToRole,wt.pdmlink.PDMLinkProduct,HX 1806004-ChargePlay-Clutch-For-Nintendo-Switch,MDE Designer,Kyle.Yu@hp.com,,
AddPrincipalToRole,wt.pdmlink.PDMLinkProduct,HX 1806004-ChargePlay-Clutch-For-Nintendo-Switch,Members,HX ENVISION GROUP,,
AddPrincipalToRole,wt.pdmlink.PDMLinkProduct,HX 1806004-ChargePlay-Clutch-For-Nintendo-Switch,Members,HX MDE GROUP,,
AddPrincipalToRole,wt.pdmlink.PDMLinkProduct,HX 1806004-ChargePlay-Clutch-For-Nintendo-Switch,Product Manager,HX ADMINS,,
AddPrincipalToRole,wt.pdmlink.PDMLinkProduct,HX 1806006-Pulsefire-Raid,Envision Designer,Alex.Gu1@hp.com,,
AddPrincipalToRole,wt.pdmlink.PDMLinkProduct,HX 1806006-Pulsefire-Raid,MDE Designer,Carter.Lai@hp.com,,
AddPrincipalToRole,wt.pdmlink.PDMLinkProduct,HX 1806006-Pulsefire-Raid,Members,HX ENVISION GROUP,,
AddPrincipalToRole,wt.pdmlink.PDMLinkProduct,HX 1806006-Pulsefire-Raid,Members,HX MDE GROUP,,
AddPrincipalToRole,wt.pdmlink.PDMLinkProduct,HX 1806006-Pulsefire-Raid,Product Manager,HX ADMINS,,
AddPrincipalToRole,wt.pdmlink.PDMLinkProduct,HX 1807002-Alloy-Origins,Envision Designer,Bain.Tzeng@hp.com,,
AddPrincipalToRole,wt.pdmlink.PDMLinkProduct,HX 1807002-Alloy-Origins,MDE Designer,Kyle.Yu@hp.com,,
AddPrincipalToRole,wt.pdmlink.PDMLinkProduct,HX 1807002-Alloy-Origins,Members,HX ENVISION GROUP,,
AddPrincipalToRole,wt.pdmlink.PDMLinkProduct,HX 1807002-Alloy-Origins,Members,HX MDE GROUP,,
AddPrincipalToRole,wt.pdmlink.PDMLinkProduct,HX 1807002-Alloy-Origins,Product Manager,HX ADMINS,,
AddPrincipalToRole,wt.pdmlink.PDMLinkProduct,HX 1807004-Cloud-MIX-II,Envision Designer,Alex.Gu1@hp.com,,
AddPrincipalToRole,wt.pdmlink.PDMLinkProduct,HX 1807004-Cloud-MIX-II,MDE Designer,Wells.Wang@hp.com,,
AddPrincipalToRole,wt.pdmlink.PDMLinkProduct,HX 1807004-Cloud-MIX-II,Members,HX ENVISION GROUP,,
AddPrincipalToRole,wt.pdmlink.PDMLinkProduct,HX 1807004-Cloud-MIX-II,Members,HX MDE GROUP,,
AddPrincipalToRole,wt.pdmlink.PDMLinkProduct,HX 1807004-Cloud-MIX-II,Product Manager,HX ADMINS,,
AddPrincipalToRole,wt.pdmlink.PDMLinkProduct,HX 1808002-Alloy-Origins-Core,Envision Designer,Bain.Tzeng@hp.com,,
AddPrincipalToRole,wt.pdmlink.PDMLinkProduct,HX 1808002-Alloy-Origins-Core,MDE Designer,Carter.Lai@hp.com,,
AddPrincipalToRole,wt.pdmlink.PDMLinkProduct,HX 1808002-Alloy-Origins-Core,Members,HX ENVISION GROUP,,
AddPrincipalToRole,wt.pdmlink.PDMLinkProduct,HX 1808002-Alloy-Origins-Core,Members,HX MDE GROUP,,
AddPrincipalToRole,wt.pdmlink.PDMLinkProduct,HX 1808002-Alloy-Origins-Core,Product Manager,HX ADMINS,,
AddPrincipalToRole,wt.pdmlink.PDMLinkProduct,HX 1808003-Cloud-Chat,Envision Designer,Ethan.Chen@hp.com,,
AddPrincipalToRole,wt.pdmlink.PDMLinkProduct,HX 1808003-Cloud-Chat,MDE Designer,Jeff.Wang@hp.com,,
AddPrincipalToRole,wt.pdmlink.PDMLinkProduct,HX 1808003-Cloud-Chat,Members,Linus.Chien@hp.com,,
AddPrincipalToRole,wt.pdmlink.PDMLinkProduct,HX 1808003-Cloud-Chat,Members,Penhao.Ma@hp.com,,
AddPrincipalToRole,wt.pdmlink.PDMLinkProduct,HX 1808003-Cloud-Chat,Members,HX ENVISION GROUP,,
AddPrincipalToRole,wt.pdmlink.PDMLinkProduct,HX 1808003-Cloud-Chat,Members,HX MDE GROUP,,
AddPrincipalToRole,wt.pdmlink.PDMLinkProduct,HX 1808003-Cloud-Chat,Product Manager,HX ADMINS,,
AddPrincipalToRole,wt.pdmlink.PDMLinkProduct,HX 1808007-ChargePlay-Clutch-For-Mobile,Envision Designer,ScottLY.Chen@hp.com,,
AddPrincipalToRole,wt.pdmlink.PDMLinkProduct,HX 1808007-ChargePlay-Clutch-For-Mobile,MDE Designer,Carter.Lai@hp.com,,
AddPrincipalToRole,wt.pdmlink.PDMLinkProduct,HX 1808007-ChargePlay-Clutch-For-Mobile,Members,HX ENVISION GROUP,,
AddPrincipalToRole,wt.pdmlink.PDMLinkProduct,HX 1808007-ChargePlay-Clutch-For-Mobile,Members,HX MDE GROUP,,
AddPrincipalToRole,wt.pdmlink.PDMLinkProduct,HX 1808007-ChargePlay-Clutch-For-Mobile,Product Manager,HX ADMINS,,
AddPrincipalToRole,wt.pdmlink.PDMLinkProduct,HX 1810001-Cloud-Stinger-Wireless,Envision Designer,Fay.Ho@hp.com,,
AddPrincipalToRole,wt.pdmlink.PDMLinkProduct,HX 1810001-Cloud-Stinger-Wireless,MDE Designer,Charlson.Chang@hp.com,,
AddPrincipalToRole,wt.pdmlink.PDMLinkProduct,HX 1810001-Cloud-Stinger-Wireless,Members,HX ENVISION GROUP,,
AddPrincipalToRole,wt.pdmlink.PDMLinkProduct,HX 1810001-Cloud-Stinger-Wireless,Members,Linus.Chien@hp.com,,
AddPrincipalToRole,wt.pdmlink.PDMLinkProduct,HX 1810001-Cloud-Stinger-Wireless,Members,HX MDE GROUP,,
AddPrincipalToRole,wt.pdmlink.PDMLinkProduct,HX 1810001-Cloud-Stinger-Wireless,Product Manager,HX ADMINS,,
AddPrincipalToRole,wt.pdmlink.PDMLinkProduct,HX 1810003-Cloud-Orbit,Envision Designer,ScottLY.Chen@hp.com,,
AddPrincipalToRole,wt.pdmlink.PDMLinkProduct,HX 1810003-Cloud-Orbit,MDE Designer,Jeff.Wang@hp.com,,
AddPrincipalToRole,wt.pdmlink.PDMLinkProduct,HX 1810003-Cloud-Orbit,Members,HX ENVISION GROUP,,
AddPrincipalToRole,wt.pdmlink.PDMLinkProduct,HX 1810003-Cloud-Orbit,Members,HX MDE GROUP,,
AddPrincipalToRole,wt.pdmlink.PDMLinkProduct,HX 1810003-Cloud-Orbit,Product Manager,HX ADMINS,,
AddPrincipalToRole,wt.pdmlink.PDMLinkProduct,HX 1811001-SoloCast,Envision Designer,Fay.Ho@hp.com,,
AddPrincipalToRole,wt.pdmlink.PDMLinkProduct,HX 1811001-SoloCast,MDE Designer,Wells.Wang@hp.com,,
AddPrincipalToRole,wt.pdmlink.PDMLinkProduct,HX 1811001-SoloCast,Members,HX ENVISION GROUP,,
AddPrincipalToRole,wt.pdmlink.PDMLinkProduct,HX 1811001-SoloCast,Members,Linus.Chien@hp.com,,
AddPrincipalToRole,wt.pdmlink.PDMLinkProduct,HX 1811001-SoloCast,Members,HX MDE GROUP,,
AddPrincipalToRole,wt.pdmlink.PDMLinkProduct,HX 1811001-SoloCast,Product Manager,HX ADMINS,,
AddPrincipalToRole,wt.pdmlink.PDMLinkProduct,HX 1901001-Fury-Ultra,Envision Designer,Fay.Ho@hp.com,,
AddPrincipalToRole,wt.pdmlink.PDMLinkProduct,HX 1901001-Fury-Ultra,MDE Designer,Glason.Chou@hp.com,,
AddPrincipalToRole,wt.pdmlink.PDMLinkProduct,HX 1901001-Fury-Ultra,Members,HX ENVISION GROUP,,
AddPrincipalToRole,wt.pdmlink.PDMLinkProduct,HX 1901001-Fury-Ultra,Members,HX MDE GROUP,,
AddPrincipalToRole,wt.pdmlink.PDMLinkProduct,HX 1901001-Fury-Ultra,Product Manager,HX ADMINS,,
AddPrincipalToRole,wt.pdmlink.PDMLinkProduct,HX 1901003-Cloud-II-Wireless,Envision Designer,ScottLY.Chen@hp.com,,
AddPrincipalToRole,wt.pdmlink.PDMLinkProduct,HX 1901003-Cloud-II-Wireless,MDE Designer,Bruce.Ho@hp.com,,
AddPrincipalToRole,wt.pdmlink.PDMLinkProduct,HX 1901003-Cloud-II-Wireless,Members,HX ENVISION GROUP,,
AddPrincipalToRole,wt.pdmlink.PDMLinkProduct,HX 1901003-Cloud-II-Wireless,Members,Linus.Chien@hp.com,,
AddPrincipalToRole,wt.pdmlink.PDMLinkProduct,HX 1901003-Cloud-II-Wireless,Members,HX MDE GROUP,,
AddPrincipalToRole,wt.pdmlink.PDMLinkProduct,HX 1901003-Cloud-II-Wireless,Product Manager,HX ADMINS,,
AddPrincipalToRole,wt.pdmlink.PDMLinkProduct,HX 1904006-Cloud-Sapphire,Envision Designer,Ethan.Chen@hp.com,,
AddPrincipalToRole,wt.pdmlink.PDMLinkProduct,HX 1904006-Cloud-Sapphire,MDE Designer,Jeff.Wang@hp.com,,
AddPrincipalToRole,wt.pdmlink.PDMLinkProduct,HX 1904006-Cloud-Sapphire,Members,Linus.Chien@hp.com,,
AddPrincipalToRole,wt.pdmlink.PDMLinkProduct,HX 1904006-Cloud-Sapphire,Members,Penhao.Ma@hp.com,,
AddPrincipalToRole,wt.pdmlink.PDMLinkProduct,HX 1904006-Cloud-Sapphire,Members,HX ENVISION GROUP,,
AddPrincipalToRole,wt.pdmlink.PDMLinkProduct,HX 1904006-Cloud-Sapphire,Members,HX MDE GROUP,,
AddPrincipalToRole,wt.pdmlink.PDMLinkProduct,HX 1904006-Cloud-Sapphire,Product Manager,HX ADMINS,,
AddPrincipalToRole,wt.pdmlink.PDMLinkProduct,HX 1905004-Cloud-Stinger-Core-7.1-Wired,Envision Designer,Alex.Gu1@hp.com,,
AddPrincipalToRole,wt.pdmlink.PDMLinkProduct,HX 1905004-Cloud-Stinger-Core-7.1-Wired,MDE Designer,Charlson.Chang@hp.com,,
AddPrincipalToRole,wt.pdmlink.PDMLinkProduct,HX 1905004-Cloud-Stinger-Core-7.1-Wired,Members,HX ENVISION GROUP,,
AddPrincipalToRole,wt.pdmlink.PDMLinkProduct,HX 1905004-Cloud-Stinger-Core-7.1-Wired,Members,Linus.Chien@hp.com,,
AddPrincipalToRole,wt.pdmlink.PDMLinkProduct,HX 1905004-Cloud-Stinger-Core-7.1-Wired,Members,HX MDE GROUP,,
AddPrincipalToRole,wt.pdmlink.PDMLinkProduct,HX 1905004-Cloud-Stinger-Core-7.1-Wired,Product Manager,HX ADMINS,,
AddPrincipalToRole,wt.pdmlink.PDMLinkProduct,HX 1905005-Cloud-Stinger-Core-7.1-Wireless,Envision Designer,Alex.Gu1@hp.com,,
AddPrincipalToRole,wt.pdmlink.PDMLinkProduct,HX 1905005-Cloud-Stinger-Core-7.1-Wireless,MDE Designer,Charlson.Chang@hp.com,,
AddPrincipalToRole,wt.pdmlink.PDMLinkProduct,HX 1905005-Cloud-Stinger-Core-7.1-Wireless,Members,HX ENVISION GROUP,,
AddPrincipalToRole,wt.pdmlink.PDMLinkProduct,HX 1905005-Cloud-Stinger-Core-7.1-Wireless,Members,Linus.Chien@hp.com,,
AddPrincipalToRole,wt.pdmlink.PDMLinkProduct,HX 1905005-Cloud-Stinger-Core-7.1-Wireless,Members,HX MDE GROUP,,
AddPrincipalToRole,wt.pdmlink.PDMLinkProduct,HX 1905005-Cloud-Stinger-Core-7.1-Wireless,Product Manager,HX ADMINS,,
AddPrincipalToRole,wt.pdmlink.PDMLinkProduct,HX 1906003-Alloy-Elite-2,Envision Designer,Bain.Tzeng@hp.com,,
AddPrincipalToRole,wt.pdmlink.PDMLinkProduct,HX 1906003-Alloy-Elite-2,MDE Designer,Carter.Lai@hp.com,,
AddPrincipalToRole,wt.pdmlink.PDMLinkProduct,HX 1906003-Alloy-Elite-2,Members,HX ENVISION GROUP,,
AddPrincipalToRole,wt.pdmlink.PDMLinkProduct,HX 1906003-Alloy-Elite-2,Members,HX MDE GROUP,,
AddPrincipalToRole,wt.pdmlink.PDMLinkProduct,HX 1906003-Alloy-Elite-2,Product Manager,HX ADMINS,,
AddPrincipalToRole,wt.pdmlink.PDMLinkProduct,HX 1906004-Quadcast-S,Envision Designer,Fay.Ho@hp.com,,
AddPrincipalToRole,wt.pdmlink.PDMLinkProduct,HX 1906004-Quadcast-S,MDE Designer,Wells.Wang@hp.com,,
AddPrincipalToRole,wt.pdmlink.PDMLinkProduct,HX 1906004-Quadcast-S,Members,HX ENVISION GROUP,,
AddPrincipalToRole,wt.pdmlink.PDMLinkProduct,HX 1906004-Quadcast-S,Members,Linus.Chien@hp.com,,
AddPrincipalToRole,wt.pdmlink.PDMLinkProduct,HX 1906004-Quadcast-S,Members,HX MDE GROUP,,
AddPrincipalToRole,wt.pdmlink.PDMLinkProduct,HX 1906004-Quadcast-S,Product Manager,HX ADMINS,,
AddPrincipalToRole,wt.pdmlink.PDMLinkProduct,HX 1906006-Cloud-Earbuds-BT,Envision Designer,ScottLY.Chen@hp.com,,
AddPrincipalToRole,wt.pdmlink.PDMLinkProduct,HX 1906006-Cloud-Earbuds-BT,MDE Designer,Bruce.Ho@hp.com,,
AddPrincipalToRole,wt.pdmlink.PDMLinkProduct,HX 1906006-Cloud-Earbuds-BT,Members,HX ENVISION GROUP,,
AddPrincipalToRole,wt.pdmlink.PDMLinkProduct,HX 1906006-Cloud-Earbuds-BT,Members,Linus.Chien@hp.com,,
AddPrincipalToRole,wt.pdmlink.PDMLinkProduct,HX 1906006-Cloud-Earbuds-BT,Members,HX MDE GROUP,,
AddPrincipalToRole,wt.pdmlink.PDMLinkProduct,HX 1906006-Cloud-Earbuds-BT,Product Manager,HX ADMINS,,
AddPrincipalToRole,wt.pdmlink.PDMLinkProduct,HX 1907004-Cloud-Stinger-S,Envision Designer,Fay.Ho@hp.com,,
AddPrincipalToRole,wt.pdmlink.PDMLinkProduct,HX 1907004-Cloud-Stinger-S,MDE Designer,Charlson.Chang@hp.com,,
AddPrincipalToRole,wt.pdmlink.PDMLinkProduct,HX 1907004-Cloud-Stinger-S,Members,HX ENVISION GROUP,,
AddPrincipalToRole,wt.pdmlink.PDMLinkProduct,HX 1907004-Cloud-Stinger-S,Members,Linus.Chien@hp.com,,
AddPrincipalToRole,wt.pdmlink.PDMLinkProduct,HX 1907004-Cloud-Stinger-S,Members,HX MDE GROUP,,
AddPrincipalToRole,wt.pdmlink.PDMLinkProduct,HX 1907004-Cloud-Stinger-S,Product Manager,HX ADMINS,,
AddPrincipalToRole,wt.pdmlink.PDMLinkProduct,HX 1908001-Pudding-Keycap-PBT-Double-Shot,Envision Designer,Bain.Tzeng@hp.com,,
AddPrincipalToRole,wt.pdmlink.PDMLinkProduct,HX 1908001-Pudding-Keycap-PBT-Double-Shot,MDE Designer,Carter.Lai@hp.com,,
AddPrincipalToRole,wt.pdmlink.PDMLinkProduct,HX 1908001-Pudding-Keycap-PBT-Double-Shot,MDE Designer,Kyle.Yu@hp.com,,
AddPrincipalToRole,wt.pdmlink.PDMLinkProduct,HX 1908001-Pudding-Keycap-PBT-Double-Shot,Members,HX ENVISION GROUP,,
AddPrincipalToRole,wt.pdmlink.PDMLinkProduct,HX 1908001-Pudding-Keycap-PBT-Double-Shot,Members,HX MDE GROUP,,
AddPrincipalToRole,wt.pdmlink.PDMLinkProduct,HX 1908001-Pudding-Keycap-PBT-Double-Shot,Product Manager,HX ADMINS,,
AddPrincipalToRole,wt.pdmlink.PDMLinkProduct,HX 1909001-Cloud-Core-7.1,Envision Designer,Fay.Ho@hp.com,,
AddPrincipalToRole,wt.pdmlink.PDMLinkProduct,HX 1909001-Cloud-Core-7.1,MDE Designer,Bruce.Ho@hp.com,,
AddPrincipalToRole,wt.pdmlink.PDMLinkProduct,HX 1909001-Cloud-Core-7.1,MDE Designer,Penhao.Ma@hp.com,,
AddPrincipalToRole,wt.pdmlink.PDMLinkProduct,HX 1909001-Cloud-Core-7.1,Members,HX ENVISION GROUP,,
AddPrincipalToRole,wt.pdmlink.PDMLinkProduct,HX 1909001-Cloud-Core-7.1,Members,Linus.Chien@hp.com,,
AddPrincipalToRole,wt.pdmlink.PDMLinkProduct,HX 1909001-Cloud-Core-7.1,Members,HX MDE GROUP,,
AddPrincipalToRole,wt.pdmlink.PDMLinkProduct,HX 1909001-Cloud-Core-7.1,Product Manager,HX ADMINS,,
AddPrincipalToRole,wt.pdmlink.PDMLinkProduct,HX 1909003-Pudding-Keycap-ABS-Painted,Envision Designer,Bain.Tzeng@hp.com,,
AddPrincipalToRole,wt.pdmlink.PDMLinkProduct,HX 1909003-Pudding-Keycap-ABS-Painted,MDE Designer,Carter.Lai@hp.com,,
AddPrincipalToRole,wt.pdmlink.PDMLinkProduct,HX 1909003-Pudding-Keycap-ABS-Painted,MDE Designer,Kyle.Yu@hp.com,,
AddPrincipalToRole,wt.pdmlink.PDMLinkProduct,HX 1909003-Pudding-Keycap-ABS-Painted,Members,HX ENVISION GROUP,,
AddPrincipalToRole,wt.pdmlink.PDMLinkProduct,HX 1909003-Pudding-Keycap-ABS-Painted,Members,HX MDE GROUP,,
AddPrincipalToRole,wt.pdmlink.PDMLinkProduct,HX 1909003-Pudding-Keycap-ABS-Painted,Product Manager,HX ADMINS,,
AddPrincipalToRole,wt.pdmlink.PDMLinkProduct,HX 1910006-Alloy-Skyforge,Envision Designer,Alex.Gu1@hp.com,,
AddPrincipalToRole,wt.pdmlink.PDMLinkProduct,HX 1910006-Alloy-Skyforge,Envision Designer,Bain.Tzeng@hp.com,,
AddPrincipalToRole,wt.pdmlink.PDMLinkProduct,HX 1910006-Alloy-Skyforge,Envision Designer,Fay.Ho@hp.com,,
AddPrincipalToRole,wt.pdmlink.PDMLinkProduct,HX 1910006-Alloy-Skyforge,MDE Designer,Kyle.Yu@hp.com,,
AddPrincipalToRole,wt.pdmlink.PDMLinkProduct,HX 1910006-Alloy-Skyforge,Members,HX ENVISION GROUP,,
AddPrincipalToRole,wt.pdmlink.PDMLinkProduct,HX 1910006-Alloy-Skyforge,Members,HX MDE GROUP,,
AddPrincipalToRole,wt.pdmlink.PDMLinkProduct,HX 1910006-Alloy-Skyforge,Product Manager,HX ADMINS,,
AddPrincipalToRole,wt.pdmlink.PDMLinkProduct,HX 1910007-Pulsefire-Haste,Envision Designer,Ethan.Chen@hp.com,,
AddPrincipalToRole,wt.pdmlink.PDMLinkProduct,HX 1910007-Pulsefire-Haste,MDE Designer,Carter.Lai@hp.com,,
AddPrincipalToRole,wt.pdmlink.PDMLinkProduct,HX 1910007-Pulsefire-Haste,Members,HX ENVISION GROUP,,
AddPrincipalToRole,wt.pdmlink.PDMLinkProduct,HX 1910007-Pulsefire-Haste,Members,HX MDE GROUP,,
AddPrincipalToRole,wt.pdmlink.PDMLinkProduct,HX 1910007-Pulsefire-Haste,Product Manager,HX ADMINS,,
AddPrincipalToRole,wt.pdmlink.PDMLinkProduct,HX 1910008-Modular-40-driver,Envision Designer,Jeff.Wang@hp.com,,
AddPrincipalToRole,wt.pdmlink.PDMLinkProduct,HX 1910008-Modular-40-driver,MDE Designer,Jeff.Wang@hp.com,,
AddPrincipalToRole,wt.pdmlink.PDMLinkProduct,HX 1910008-Modular-40-driver,Members,HX ENVISION GROUP,,
AddPrincipalToRole,wt.pdmlink.PDMLinkProduct,HX 1910008-Modular-40-driver,Members,HX MDE GROUP,,
AddPrincipalToRole,wt.pdmlink.PDMLinkProduct,HX 1910008-Modular-40-driver,Product Manager,HX ADMINS,,
AddPrincipalToRole,wt.pdmlink.PDMLinkProduct,HX 1911004-HyperX-x-Ducky-One-2-Mini,Envision Designer,Bain.Tzeng@hp.com,,
AddPrincipalToRole,wt.pdmlink.PDMLinkProduct,HX 1911004-HyperX-x-Ducky-One-2-Mini,MDE Designer,Carter.Lai@hp.com,,
AddPrincipalToRole,wt.pdmlink.PDMLinkProduct,HX 1911004-HyperX-x-Ducky-One-2-Mini,MDE Designer,Glason.Chou@hp.com,,
AddPrincipalToRole,wt.pdmlink.PDMLinkProduct,HX 1911004-HyperX-x-Ducky-One-2-Mini,Members,HX ENVISION GROUP,,
AddPrincipalToRole,wt.pdmlink.PDMLinkProduct,HX 1911004-HyperX-x-Ducky-One-2-Mini,Members,HX MDE GROUP,,
AddPrincipalToRole,wt.pdmlink.PDMLinkProduct,HX 1911004-HyperX-x-Ducky-One-2-Mini,Product Manager,HX ADMINS,,
AddPrincipalToRole,wt.pdmlink.PDMLinkProduct,HX 1912001-Cloud-Alpha-Wireless,Envision Designer,Alex.Gu1@hp.com,,
AddPrincipalToRole,wt.pdmlink.PDMLinkProduct,HX 1912001-Cloud-Alpha-Wireless,MDE Designer,Wells.Wang@hp.com,,
AddPrincipalToRole,wt.pdmlink.PDMLinkProduct,HX 1912001-Cloud-Alpha-Wireless,Members,HX ENVISION GROUP,,
AddPrincipalToRole,wt.pdmlink.PDMLinkProduct,HX 1912001-Cloud-Alpha-Wireless,Members,HX MDE GROUP,,
AddPrincipalToRole,wt.pdmlink.PDMLinkProduct,HX 1912001-Cloud-Alpha-Wireless,Product Manager,HX ADMINS,,
AddPrincipalToRole,wt.pdmlink.PDMLinkProduct,HX 1912002-Cloud-Revolver,Envision Designer,Bain.Tzeng@hp.com,,
AddPrincipalToRole,wt.pdmlink.PDMLinkProduct,HX 1912002-Cloud-Revolver,Envision Designer,Fay.Ho@hp.com,,
AddPrincipalToRole,wt.pdmlink.PDMLinkProduct,HX 1912002-Cloud-Revolver,MDE Designer,Jeff.Wang@hp.com,,
AddPrincipalToRole,wt.pdmlink.PDMLinkProduct,HX 1912002-Cloud-Revolver,Members,HX ENVISION GROUP,,
AddPrincipalToRole,wt.pdmlink.PDMLinkProduct,HX 1912002-Cloud-Revolver,Members,Linus.Chien@hp.com,,
AddPrincipalToRole,wt.pdmlink.PDMLinkProduct,HX 1912002-Cloud-Revolver,Members,HX MDE GROUP,,
AddPrincipalToRole,wt.pdmlink.PDMLinkProduct,HX 1912002-Cloud-Revolver,Product Manager,HX ADMINS,,
AddPrincipalToRole,wt.pdmlink.PDMLinkProduct,HX 2001001-CloudX-Stinger-Core-Wireless,Envision Designer,Alex.Gu1@hp.com,,
AddPrincipalToRole,wt.pdmlink.PDMLinkProduct,HX 2001001-CloudX-Stinger-Core-Wireless,MDE Designer,Charlson.Chang@hp.com,,
AddPrincipalToRole,wt.pdmlink.PDMLinkProduct,HX 2001001-CloudX-Stinger-Core-Wireless,Members,HX ENVISION GROUP,,
AddPrincipalToRole,wt.pdmlink.PDMLinkProduct,HX 2001001-CloudX-Stinger-Core-Wireless,Members,Linus.Chien@hp.com,,
AddPrincipalToRole,wt.pdmlink.PDMLinkProduct,HX 2001001-CloudX-Stinger-Core-Wireless,Members,HX MDE GROUP,,
AddPrincipalToRole,wt.pdmlink.PDMLinkProduct,HX 2001001-CloudX-Stinger-Core-Wireless,Product Manager,HX ADMINS,,
AddPrincipalToRole,wt.pdmlink.PDMLinkProduct,HX 2002001-Alloy-Origins-60,Envision Designer,Fay.Ho@hp.com,,
AddPrincipalToRole,wt.pdmlink.PDMLinkProduct,HX 2002001-Alloy-Origins-60,MDE Designer,Kyle.Yu@hp.com,,
AddPrincipalToRole,wt.pdmlink.PDMLinkProduct,HX 2002001-Alloy-Origins-60,Members,HX ENVISION GROUP,,
AddPrincipalToRole,wt.pdmlink.PDMLinkProduct,HX 2002001-Alloy-Origins-60,Members,HX MDE GROUP,,
AddPrincipalToRole,wt.pdmlink.PDMLinkProduct,HX 2002001-Alloy-Origins-60,Product Manager,HX ADMINS,,
AddPrincipalToRole,wt.pdmlink.PDMLinkProduct,HX 2003001-Mammoth,Envision Designer,Alex.Gu1@hp.com,,
AddPrincipalToRole,wt.pdmlink.PDMLinkProduct,HX 2003001-Mammoth,MDE Designer,Carter.Lai@hp.com,,
AddPrincipalToRole,wt.pdmlink.PDMLinkProduct,HX 2003001-Mammoth,MDE Designer,Glason.Chou@hp.com,,
AddPrincipalToRole,wt.pdmlink.PDMLinkProduct,HX 2003001-Mammoth,Members,HX ENVISION GROUP,,
AddPrincipalToRole,wt.pdmlink.PDMLinkProduct,HX 2003001-Mammoth,Members,HX MDE GROUP,,
AddPrincipalToRole,wt.pdmlink.PDMLinkProduct,HX 2003001-Mammoth,Product Manager,HX ADMINS,,
AddPrincipalToRole,wt.pdmlink.PDMLinkProduct,HX 2006001-Cloud-Flight,Envision Designer,ScottLY.Chen@hp.com,,
AddPrincipalToRole,wt.pdmlink.PDMLinkProduct,HX 2006001-Cloud-Flight,MDE Designer,Jeff.Wang@hp.com,,
AddPrincipalToRole,wt.pdmlink.PDMLinkProduct,HX 2006001-Cloud-Flight,Members,HX ENVISION GROUP,,
AddPrincipalToRole,wt.pdmlink.PDMLinkProduct,HX 2006001-Cloud-Flight,Members,Linus.Chien@hp.com,,
AddPrincipalToRole,wt.pdmlink.PDMLinkProduct,HX 2006001-Cloud-Flight,Members,HX MDE GROUP,,
AddPrincipalToRole,wt.pdmlink.PDMLinkProduct,HX 2006001-Cloud-Flight,Product Manager,HX ADMINS,,
AddPrincipalToRole,wt.pdmlink.PDMLinkProduct,HX 2006002-Cloud-II-CD,Envision Designer,Fay.Ho@hp.com,,
AddPrincipalToRole,wt.pdmlink.PDMLinkProduct,HX 2006002-Cloud-II-CD,MDE Designer,Bruce.Ho@hp.com,,
AddPrincipalToRole,wt.pdmlink.PDMLinkProduct,HX 2006002-Cloud-II-CD,MDE Designer,Penhao.Ma@hp.com,,
AddPrincipalToRole,wt.pdmlink.PDMLinkProduct,HX 2006002-Cloud-II-CD,Members,HX ENVISION GROUP,,
AddPrincipalToRole,wt.pdmlink.PDMLinkProduct,HX 2006002-Cloud-II-CD,Members,Linus.Chien@hp.com,,
AddPrincipalToRole,wt.pdmlink.PDMLinkProduct,HX 2006002-Cloud-II-CD,Members,HX MDE GROUP,,
AddPrincipalToRole,wt.pdmlink.PDMLinkProduct,HX 2006002-Cloud-II-CD,Product Manager,HX ADMINS,,
AddPrincipalToRole,wt.pdmlink.PDMLinkProduct,HX 2006004-Cloud-CD,Envision Designer,Fay.Ho@hp.com,,
AddPrincipalToRole,wt.pdmlink.PDMLinkProduct,HX 2006004-Cloud-CD,MDE Designer,Bruce.Ho@hp.com,,
AddPrincipalToRole,wt.pdmlink.PDMLinkProduct,HX 2006004-Cloud-CD,MDE Designer,Penhao.Ma@hp.com,,
AddPrincipalToRole,wt.pdmlink.PDMLinkProduct,HX 2006004-Cloud-CD,Members,HX ENVISION GROUP,,
AddPrincipalToRole,wt.pdmlink.PDMLinkProduct,HX 2006004-Cloud-CD,Members,Linus.Chien@hp.com,,
AddPrincipalToRole,wt.pdmlink.PDMLinkProduct,HX 2006004-Cloud-CD,Members,HX MDE GROUP,,
AddPrincipalToRole,wt.pdmlink.PDMLinkProduct,HX 2006004-Cloud-CD,Product Manager,HX ADMINS,,
AddPrincipalToRole,wt.pdmlink.PDMLinkProduct,HX 2006005-Quadcast-CD,Envision Designer,Fay.Ho@hp.com,,
AddPrincipalToRole,wt.pdmlink.PDMLinkProduct,HX 2006005-Quadcast-CD,MDE Designer,Wells.Wang@hp.com,,
AddPrincipalToRole,wt.pdmlink.PDMLinkProduct,HX 2006005-Quadcast-CD,Members,HX ENVISION GROUP,,
AddPrincipalToRole,wt.pdmlink.PDMLinkProduct,HX 2006005-Quadcast-CD,Members,Linus.Chien@hp.com,,
AddPrincipalToRole,wt.pdmlink.PDMLinkProduct,HX 2006005-Quadcast-CD,Members,HX MDE GROUP,,
AddPrincipalToRole,wt.pdmlink.PDMLinkProduct,HX 2006005-Quadcast-CD,Product Manager,HX ADMINS,,
AddPrincipalToRole,wt.pdmlink.PDMLinkProduct,HX 2006006-Cloud-Stinger,Envision Designer,Fay.Ho@hp.com,,
AddPrincipalToRole,wt.pdmlink.PDMLinkProduct,HX 2006006-Cloud-Stinger,MDE Designer,Charlson.Chang@hp.com,,
AddPrincipalToRole,wt.pdmlink.PDMLinkProduct,HX 2006006-Cloud-Stinger,Members,HX ENVISION GROUP,,
AddPrincipalToRole,wt.pdmlink.PDMLinkProduct,HX 2006006-Cloud-Stinger,Members,Linus.Chien@hp.com,,
AddPrincipalToRole,wt.pdmlink.PDMLinkProduct,HX 2006006-Cloud-Stinger,Members,HX MDE GROUP,,
AddPrincipalToRole,wt.pdmlink.PDMLinkProduct,HX 2006006-Cloud-Stinger,Product Manager,HX ADMINS,,
AddPrincipalToRole,wt.pdmlink.PDMLinkProduct,HX 2008001-Pulsefire-Haste-Wireless,Envision Designer,Ethan.Chen@hp.com,,
AddPrincipalToRole,wt.pdmlink.PDMLinkProduct,HX 2008001-Pulsefire-Haste-Wireless,MDE Designer,Carter.Lai@hp.com,,
AddPrincipalToRole,wt.pdmlink.PDMLinkProduct,HX 2008001-Pulsefire-Haste-Wireless,Members,HX ENVISION GROUP,,
AddPrincipalToRole,wt.pdmlink.PDMLinkProduct,HX 2008001-Pulsefire-Haste-Wireless,Members,HX MDE GROUP,,
AddPrincipalToRole,wt.pdmlink.PDMLinkProduct,HX 2008001-Pulsefire-Haste-Wireless,Product Manager,HX ADMINS,,
AddPrincipalToRole,wt.pdmlink.PDMLinkProduct,HX 2009001-Cloud-Core-Wireless,Envision Designer,Fay.Ho@hp.com,,
AddPrincipalToRole,wt.pdmlink.PDMLinkProduct,HX 2009001-Cloud-Core-Wireless,MDE Designer,Bruce.Ho@hp.com,,
AddPrincipalToRole,wt.pdmlink.PDMLinkProduct,HX 2009001-Cloud-Core-Wireless,Members,HX ENVISION GROUP,,
AddPrincipalToRole,wt.pdmlink.PDMLinkProduct,HX 2009001-Cloud-Core-Wireless,Members,HX MDE GROUP,,
AddPrincipalToRole,wt.pdmlink.PDMLinkProduct,HX 2009001-Cloud-Core-Wireless,Product Manager,HX ADMINS,,
AddPrincipalToRole,wt.pdmlink.PDMLinkProduct,HX 2009002-Module-50-dual-chamber-driver,Envision Designer,,,
AddPrincipalToRole,wt.pdmlink.PDMLinkProduct,HX 2009002-Module-50-dual-chamber-driver,MDE Designer,Jeff.Wang@hp.com,,
AddPrincipalToRole,wt.pdmlink.PDMLinkProduct,HX 2009002-Module-50-dual-chamber-driver,Members,HX ENVISION GROUP,,
AddPrincipalToRole,wt.pdmlink.PDMLinkProduct,HX 2009002-Module-50-dual-chamber-driver,Members,HX MDE GROUP,,
AddPrincipalToRole,wt.pdmlink.PDMLinkProduct,HX 2009002-Module-50-dual-chamber-driver,Product Manager,HX ADMINS,,
AddPrincipalToRole,wt.pdmlink.PDMLinkProduct,HX 2009003-Duocast,Envision Designer,ScottLY.Chen@hp.com,,
AddPrincipalToRole,wt.pdmlink.PDMLinkProduct,HX 2009003-Duocast,MDE Designer,Wells.Wang@hp.com,,
AddPrincipalToRole,wt.pdmlink.PDMLinkProduct,HX 2009003-Duocast,Members,HX ENVISION GROUP,,
AddPrincipalToRole,wt.pdmlink.PDMLinkProduct,HX 2009003-Duocast,Members,HX MDE GROUP,,
AddPrincipalToRole,wt.pdmlink.PDMLinkProduct,HX 2009003-Duocast,Product Manager,HX ADMINS,,
AddPrincipalToRole,wt.pdmlink.PDMLinkProduct,HX 2102001-Cloud-Orca,Envision Designer,Ethan.Chen@hp.com,,
AddPrincipalToRole,wt.pdmlink.PDMLinkProduct,HX 2102001-Cloud-Orca,MDE Designer,Jeff.Wang@hp.com,,
AddPrincipalToRole,wt.pdmlink.PDMLinkProduct,HX 2102001-Cloud-Orca,MDE Designer,Kyle.Yu@hp.com,,
AddPrincipalToRole,wt.pdmlink.PDMLinkProduct,HX 2102001-Cloud-Orca,Members,HX ENVISION GROUP,,
AddPrincipalToRole,wt.pdmlink.PDMLinkProduct,HX 2102001-Cloud-Orca,Members,HX MDE GROUP,,
AddPrincipalToRole,wt.pdmlink.PDMLinkProduct,HX 2102001-Cloud-Orca,Product Manager,HX ADMINS,,
AddPrincipalToRole,wt.pdmlink.PDMLinkProduct,HX 2104001-Knight-Xbox-Controller,Envision Designer,Alex.Gu1@hp.com,,
AddPrincipalToRole,wt.pdmlink.PDMLinkProduct,HX 2104001-Knight-Xbox-Controller,MDE Designer,Carter.Lai@hp.com,,
AddPrincipalToRole,wt.pdmlink.PDMLinkProduct,HX 2104001-Knight-Xbox-Controller,Members,HX ENVISION GROUP,,
AddPrincipalToRole,wt.pdmlink.PDMLinkProduct,HX 2104001-Knight-Xbox-Controller,Members,HX MDE GROUP,,
AddPrincipalToRole,wt.pdmlink.PDMLinkProduct,HX 2104001-Knight-Xbox-Controller,Product Manager,HX ADMINS,,
AddPrincipalToRole,wt.pdmlink.PDMLinkProduct,HX 2104002-xCAST,Envision Designer,ScottLY.Chen@hp.com,,
AddPrincipalToRole,wt.pdmlink.PDMLinkProduct,HX 2104002-xCAST,MDE Designer,Wells.Wang@hp.com,,
AddPrincipalToRole,wt.pdmlink.PDMLinkProduct,HX 2104002-xCAST,Members,HX ENVISION GROUP,,
AddPrincipalToRole,wt.pdmlink.PDMLinkProduct,HX 2104002-xCAST,Members,HX MDE GROUP,,
AddPrincipalToRole,wt.pdmlink.PDMLinkProduct,HX 2104002-xCAST,Product Manager,HX ADMINS,,
AddPrincipalToRole,wt.pdmlink.PDMLinkProduct,HX 2104003-Pulsefire-Nikka-Wireless,Envision Designer,Ethan.Chen@hp.com,,
AddPrincipalToRole,wt.pdmlink.PDMLinkProduct,HX 2104003-Pulsefire-Nikka-Wireless,MDE Designer,Carter.Lai@hp.com,,
AddPrincipalToRole,wt.pdmlink.PDMLinkProduct,HX 2104003-Pulsefire-Nikka-Wireless,Members,HX ENVISION GROUP,,
AddPrincipalToRole,wt.pdmlink.PDMLinkProduct,HX 2104003-Pulsefire-Nikka-Wireless,Members,HX MDE GROUP,,
AddPrincipalToRole,wt.pdmlink.PDMLinkProduct,HX 2104003-Pulsefire-Nikka-Wireless,Product Manager,HX ADMINS,,
AddPrincipalToRole,wt.pdmlink.PDMLinkProduct,HX 2104004-Olmec-Rubber-Keycap,Envision Designer,Ethan.Chen@hp.com,,
AddPrincipalToRole,wt.pdmlink.PDMLinkProduct,HX 2104004-Olmec-Rubber-Keycap,MDE Designer,Carter.Lai@hp.com,,
AddPrincipalToRole,wt.pdmlink.PDMLinkProduct,HX 2104004-Olmec-Rubber-Keycap,Members,HX ENVISION GROUP,,
AddPrincipalToRole,wt.pdmlink.PDMLinkProduct,HX 2104004-Olmec-Rubber-Keycap,Members,HX MDE GROUP,,
AddPrincipalToRole,wt.pdmlink.PDMLinkProduct,HX 2104004-Olmec-Rubber-Keycap,Product Manager,HX ADMINS,,
AddPrincipalToRole,wt.pdmlink.PDMLinkProduct,HX 2104005-ChargePlay-Duo-For-PS5,Envision Designer,Alex.Gu1@hp.com,,
AddPrincipalToRole,wt.pdmlink.PDMLinkProduct,HX 2104005-ChargePlay-Duo-For-PS5,MDE Designer,Kyle.Yu@hp.com,,
AddPrincipalToRole,wt.pdmlink.PDMLinkProduct,HX 2104005-ChargePlay-Duo-For-PS5,Members,HX ENVISION GROUP,,
AddPrincipalToRole,wt.pdmlink.PDMLinkProduct,HX 2104005-ChargePlay-Duo-For-PS5,Members,HX MDE GROUP,,
AddPrincipalToRole,wt.pdmlink.PDMLinkProduct,HX 2104005-ChargePlay-Duo-For-PS5,Product Manager,HX ADMINS,,
AddPrincipalToRole,wt.pdmlink.PDMLinkProduct,HX 2104006-Nano-Mobile-Controller,Envision Designer,ScottLY.Chen@hp.com,,
AddPrincipalToRole,wt.pdmlink.PDMLinkProduct,HX 2104006-Nano-Mobile-Controller,MDE Designer,Carter.Lai@hp.com,,
AddPrincipalToRole,wt.pdmlink.PDMLinkProduct,HX 2104006-Nano-Mobile-Controller,Members,HX ENVISION GROUP,,
AddPrincipalToRole,wt.pdmlink.PDMLinkProduct,HX 2104006-Nano-Mobile-Controller,Members,HX MDE GROUP,,
AddPrincipalToRole,wt.pdmlink.PDMLinkProduct,HX 2104006-Nano-Mobile-Controller,Product Manager,HX ADMINS,,
AddPrincipalToRole,wt.pdmlink.PDMLinkProduct,HX 2104007-Alloy-Origins-65,Envision Designer,Fay.Ho@hp.com,,
AddPrincipalToRole,wt.pdmlink.PDMLinkProduct,HX 2104007-Alloy-Origins-65,MDE Designer,Kyle.Yu@hp.com,,
AddPrincipalToRole,wt.pdmlink.PDMLinkProduct,HX 2104007-Alloy-Origins-65,Members,HX ENVISION GROUP,,
AddPrincipalToRole,wt.pdmlink.PDMLinkProduct,HX 2104007-Alloy-Origins-65,Members,HX MDE GROUP,,
AddPrincipalToRole,wt.pdmlink.PDMLinkProduct,HX 2104007-Alloy-Origins-65,Product Manager,HX ADMINS,,
AddPrincipalToRole,wt.pdmlink.PDMLinkProduct,HX 2104008-Cloud-Stinger-II-Wired,Envision Designer,ScottLY.Chen@hp.com,,
AddPrincipalToRole,wt.pdmlink.PDMLinkProduct,HX 2104008-Cloud-Stinger-II-Wired,MDE Designer,Charlson.Chang@hp.com,,
AddPrincipalToRole,wt.pdmlink.PDMLinkProduct,HX 2104008-Cloud-Stinger-II-Wired,Members,HX ENVISION GROUP,,
AddPrincipalToRole,wt.pdmlink.PDMLinkProduct,HX 2104008-Cloud-Stinger-II-Wired,Members,HX MDE GROUP,,
AddPrincipalToRole,wt.pdmlink.PDMLinkProduct,HX 2104008-Cloud-Stinger-II-Wired,Product Manager,HX ADMINS,,
AddPrincipalToRole,wt.pdmlink.PDMLinkProduct,HX 2104009-Cloud-Stinger-II-Wireless,Envision Designer,ScottLY.Chen@hp.com,,
AddPrincipalToRole,wt.pdmlink.PDMLinkProduct,HX 2104009-Cloud-Stinger-II-Wireless,MDE Designer,Charlson.Chang@hp.com,,
AddPrincipalToRole,wt.pdmlink.PDMLinkProduct,HX 2104009-Cloud-Stinger-II-Wireless,Members,HX ENVISION GROUP,,
AddPrincipalToRole,wt.pdmlink.PDMLinkProduct,HX 2104009-Cloud-Stinger-II-Wireless,Members,HX MDE GROUP,,
AddPrincipalToRole,wt.pdmlink.PDMLinkProduct,HX 2104009-Cloud-Stinger-II-Wireless,Product Manager,HX ADMINS,,
AddPrincipalToRole,wt.pdmlink.PDMLinkProduct,HX 2106001-Cloud-Stinger-II-Core,Envision Designer,ScottLY.Chen@hp.com,,
AddPrincipalToRole,wt.pdmlink.PDMLinkProduct,HX 2106001-Cloud-Stinger-II-Core,MDE Designer,Charlson.Chang@hp.com,,
AddPrincipalToRole,wt.pdmlink.PDMLinkProduct,HX 2106001-Cloud-Stinger-II-Core,Members,HX ENVISION GROUP,,
AddPrincipalToRole,wt.pdmlink.PDMLinkProduct,HX 2106001-Cloud-Stinger-II-Core,Members,HX MDE GROUP,,
AddPrincipalToRole,wt.pdmlink.PDMLinkProduct,HX 2106001-Cloud-Stinger-II-Core,Product Manager,HX ADMINS,,
AddPrincipalToRole,wt.pdmlink.PDMLinkProduct,HX 2109001-Alloy-Origins-PBT,Envision Designer,Fay.Ho@hp.com,,
AddPrincipalToRole,wt.pdmlink.PDMLinkProduct,HX 2109001-Alloy-Origins-PBT,MDE Designer,Kyle.Yu@hp.com,,
AddPrincipalToRole,wt.pdmlink.PDMLinkProduct,HX 2109001-Alloy-Origins-PBT,Members,HX ENVISION GROUP,,
AddPrincipalToRole,wt.pdmlink.PDMLinkProduct,HX 2109001-Alloy-Origins-PBT,Members,HX MDE GROUP,,
AddPrincipalToRole,wt.pdmlink.PDMLinkProduct,HX 2109001-Alloy-Origins-PBT,Product Manager,HX ADMINS,,
AddPrincipalToRole,wt.pdmlink.PDMLinkProduct,HX 2109002-Alloy-Origins-Core-PBT,Envision Designer,Fay.Ho@hp.com,,
AddPrincipalToRole,wt.pdmlink.PDMLinkProduct,HX 2109002-Alloy-Origins-Core-PBT,MDE Designer,Carter.Lai@hp.com,,
AddPrincipalToRole,wt.pdmlink.PDMLinkProduct,HX 2109002-Alloy-Origins-Core-PBT,Members,HX ENVISION GROUP,,
AddPrincipalToRole,wt.pdmlink.PDMLinkProduct,HX 2109002-Alloy-Origins-Core-PBT,Members,HX MDE GROUP,,
AddPrincipalToRole,wt.pdmlink.PDMLinkProduct,HX 2109002-Alloy-Origins-Core-PBT,Product Manager,HX ADMINS,,
AddPrincipalToRole,wt.pdmlink.PDMLinkProduct,HX 2109003-Olmec-Rubber-Keycap,Envision Designer,Alex.Gu1@hp.com,,
AddPrincipalToRole,wt.pdmlink.PDMLinkProduct,HX 2109003-Olmec-Rubber-Keycap,MDE Designer,Carter.Lai@hp.com,,
AddPrincipalToRole,wt.pdmlink.PDMLinkProduct,HX 2109003-Olmec-Rubber-Keycap,Members,HX ENVISION GROUP,,
AddPrincipalToRole,wt.pdmlink.PDMLinkProduct,HX 2109003-Olmec-Rubber-Keycap,Members,HX MDE GROUP,,
AddPrincipalToRole,wt.pdmlink.PDMLinkProduct,HX 2109003-Olmec-Rubber-Keycap,Product Manager,HX ADMINS,,
AddPrincipalToRole,wt.pdmlink.PDMLinkProduct,HX 2109004-Standalong-PBT-Keycap,Envision Designer,Fay.Ho@hp.com,,
AddPrincipalToRole,wt.pdmlink.PDMLinkProduct,HX 2109004-Standalong-PBT-Keycap,MDE Designer,Kyle.Yu@hp.com,,
AddPrincipalToRole,wt.pdmlink.PDMLinkProduct,HX 2109004-Standalong-PBT-Keycap,Members,HX ENVISION GROUP,,
AddPrincipalToRole,wt.pdmlink.PDMLinkProduct,HX 2109004-Standalong-PBT-Keycap,Members,HX MDE GROUP,,
AddPrincipalToRole,wt.pdmlink.PDMLinkProduct,HX 2109004-Standalong-PBT-Keycap,Product Manager,HX ADMINS,,
AddPrincipalToRole,wt.pdmlink.PDMLinkProduct,HX 2112001-Pulsefire-Hibiki-Wireless,Envision Designer,Ethan.Chen@hp.com,,
AddPrincipalToRole,wt.pdmlink.PDMLinkProduct,HX 2112001-Pulsefire-Hibiki-Wireless,MDE Designer,Carter.Lai@hp.com,,
AddPrincipalToRole,wt.pdmlink.PDMLinkProduct,HX 2112001-Pulsefire-Hibiki-Wireless,Members,HX ENVISION GROUP,,
AddPrincipalToRole,wt.pdmlink.PDMLinkProduct,HX 2112001-Pulsefire-Hibiki-Wireless,Members,HX MDE GROUP,,
AddPrincipalToRole,wt.pdmlink.PDMLinkProduct,HX 2112001-Pulsefire-Hibiki-Wireless,Product Manager,HX ADMINS,,
AddPrincipalToRole,wt.pdmlink.PDMLinkProduct,HX 2112002-Pulsefire-Yamazaki-Wired,Envision Designer,Ethan.Chen@hp.com,,
AddPrincipalToRole,wt.pdmlink.PDMLinkProduct,HX 2112002-Pulsefire-Yamazaki-Wired,MDE Designer,Carter.Lai@hp.com,,
AddPrincipalToRole,wt.pdmlink.PDMLinkProduct,HX 2112002-Pulsefire-Yamazaki-Wired,Members,HX ENVISION GROUP,,
AddPrincipalToRole,wt.pdmlink.PDMLinkProduct,HX 2112002-Pulsefire-Yamazaki-Wired,Members,HX MDE GROUP,,
AddPrincipalToRole,wt.pdmlink.PDMLinkProduct,HX 2112002-Pulsefire-Yamazaki-Wired,Product Manager,HX ADMINS,,
AddPrincipalToRole,wt.pdmlink.PDMLinkProduct,HX 1602001-Alloy-FPS,IDE Approver,Bain.Tzeng@hp.com,,
AddPrincipalToRole,wt.pdmlink.PDMLinkProduct,HX 1604001-Pulsefire-FPS,IDE Approver,Bain.Tzeng@hp.com,,
AddPrincipalToRole,wt.pdmlink.PDMLinkProduct,HX 1604007-Alloy-Elite,IDE Approver,Bain.Tzeng@hp.com,,
AddPrincipalToRole,wt.pdmlink.PDMLinkProduct,HX 1612003-Alloy-FPS-Pro,IDE Approver,Bain.Tzeng@hp.com,,
AddPrincipalToRole,wt.pdmlink.PDMLinkProduct,HX 1701001-MOBA-keycap,IDE Approver,Bain.Tzeng@hp.com,,
AddPrincipalToRole,wt.pdmlink.PDMLinkProduct,HX 1703004-Amp,IDE Approver,Bain.Tzeng@hp.com,,
AddPrincipalToRole,wt.pdmlink.PDMLinkProduct,HX 1704002-Pulsefire-Surge,IDE Approver,Bain.Tzeng@hp.com,,
AddPrincipalToRole,wt.pdmlink.PDMLinkProduct,HX 1704003-ChargePlay-Duo-PS4,IDE Approver,Bain.Tzeng@hp.com,,
AddPrincipalToRole,wt.pdmlink.PDMLinkProduct,HX 1706002-Mars,IDE Approver,Bain.Tzeng@hp.com,,
AddPrincipalToRole,wt.pdmlink.PDMLinkProduct,HX 1707001-Thai-Keycap,IDE Approver,Bain.Tzeng@hp.com,,
AddPrincipalToRole,wt.pdmlink.PDMLinkProduct,HX 1707003-Alloy-Core,IDE Approver,Bain.Tzeng@hp.com,,
AddPrincipalToRole,wt.pdmlink.PDMLinkProduct,HX 1708002-Cloud-MIX,IDE Approver,Bain.Tzeng@hp.com,,
AddPrincipalToRole,wt.pdmlink.PDMLinkProduct,HX 1708003-Cloud-II,IDE Approver,Bain.Tzeng@hp.com,,
AddPrincipalToRole,wt.pdmlink.PDMLinkProduct,HX 1708004-Cloud-Alpha,IDE Approver,Bain.Tzeng@hp.com,,
AddPrincipalToRole,wt.pdmlink.PDMLinkProduct,HX 1709001-Pulsefire-FPS-Pro-RGB,IDE Approver,Bain.Tzeng@hp.com,,
AddPrincipalToRole,wt.pdmlink.PDMLinkProduct,HX 1712001-Cloud-Revolver-Ultra,IDE Approver,Bain.Tzeng@hp.com,,
AddPrincipalToRole,wt.pdmlink.PDMLinkProduct,HX 1712002-Pulsefire-Core,IDE Approver,Bain.Tzeng@hp.com,,
AddPrincipalToRole,wt.pdmlink.PDMLinkProduct,HX 1712008-Cloud-Earbuds,IDE Approver,Bain.Tzeng@hp.com,,
AddPrincipalToRole,wt.pdmlink.PDMLinkProduct,HX 1712009-Cloud-Stinger-Core,IDE Approver,Bain.Tzeng@hp.com,,
AddPrincipalToRole,wt.pdmlink.PDMLinkProduct,HX 1801003-ChargePlay-Quad,IDE Approver,Bain.Tzeng@hp.com,,
AddPrincipalToRole,wt.pdmlink.PDMLinkProduct,HX 1803003-QuadCast,IDE Approver,Bain.Tzeng@hp.com,,
AddPrincipalToRole,wt.pdmlink.PDMLinkProduct,HX 1804001-ChargePlay-Duo-XB1,IDE Approver,Bain.Tzeng@hp.com,,
AddPrincipalToRole,wt.pdmlink.PDMLinkProduct,HX 1804003-Cloud-Alpha-S,IDE Approver,Bain.Tzeng@hp.com,,
AddPrincipalToRole,wt.pdmlink.PDMLinkProduct,HX 1804005-CloudX-Flight,IDE Approver,Bain.Tzeng@hp.com,,
AddPrincipalToRole,wt.pdmlink.PDMLinkProduct,HX 1804006-Cloud-Flight-S,IDE Approver,Bain.Tzeng@hp.com,,
AddPrincipalToRole,wt.pdmlink.PDMLinkProduct,HX 1804007-Pulsefire-Dart,IDE Approver,Bain.Tzeng@hp.com,,
AddPrincipalToRole,wt.pdmlink.PDMLinkProduct,HX 1804008-ChargePlay-Base,IDE Approver,Bain.Tzeng@hp.com,,
AddPrincipalToRole,wt.pdmlink.PDMLinkProduct,HX 1806004-ChargePlay-Clutch-For-Nintendo-Switch,IDE Approver,Bain.Tzeng@hp.com,,
AddPrincipalToRole,wt.pdmlink.PDMLinkProduct,HX 1806006-Pulsefire-Raid,IDE Approver,Bain.Tzeng@hp.com,,
AddPrincipalToRole,wt.pdmlink.PDMLinkProduct,HX 1807002-Alloy-Origins,IDE Approver,Bain.Tzeng@hp.com,,
AddPrincipalToRole,wt.pdmlink.PDMLinkProduct,HX 1807004-Cloud-MIX-II,IDE Approver,Bain.Tzeng@hp.com,,
AddPrincipalToRole,wt.pdmlink.PDMLinkProduct,HX 1808002-Alloy-Origins-Core,IDE Approver,Bain.Tzeng@hp.com,,
AddPrincipalToRole,wt.pdmlink.PDMLinkProduct,HX 1808003-Cloud-Chat,IDE Approver,Bain.Tzeng@hp.com,,
AddPrincipalToRole,wt.pdmlink.PDMLinkProduct,HX 1808007-ChargePlay-Clutch-For-Mobile,IDE Approver,Bain.Tzeng@hp.com,,
AddPrincipalToRole,wt.pdmlink.PDMLinkProduct,HX 1810001-Cloud-Stinger-Wireless,IDE Approver,Bain.Tzeng@hp.com,,
AddPrincipalToRole,wt.pdmlink.PDMLinkProduct,HX 1810003-Cloud-Orbit,IDE Approver,Bain.Tzeng@hp.com,,
AddPrincipalToRole,wt.pdmlink.PDMLinkProduct,HX 1811001-SoloCast,IDE Approver,Bain.Tzeng@hp.com,,
AddPrincipalToRole,wt.pdmlink.PDMLinkProduct,HX 1901001-Fury-Ultra,IDE Approver,Bain.Tzeng@hp.com,,
AddPrincipalToRole,wt.pdmlink.PDMLinkProduct,HX 1901003-Cloud-II-Wireless,IDE Approver,Bain.Tzeng@hp.com,,
AddPrincipalToRole,wt.pdmlink.PDMLinkProduct,HX 1904006-Cloud-Sapphire,IDE Approver,Bain.Tzeng@hp.com,,
AddPrincipalToRole,wt.pdmlink.PDMLinkProduct,HX 1905004-Cloud-Stinger-Core-7.1-Wired,IDE Approver,Bain.Tzeng@hp.com,,
AddPrincipalToRole,wt.pdmlink.PDMLinkProduct,HX 1905005-Cloud-Stinger-Core-7.1-Wireless,IDE Approver,Bain.Tzeng@hp.com,,
AddPrincipalToRole,wt.pdmlink.PDMLinkProduct,HX 1906003-Alloy-Elite-2,IDE Approver,Bain.Tzeng@hp.com,,
AddPrincipalToRole,wt.pdmlink.PDMLinkProduct,HX 1906004-Quadcast-S,IDE Approver,Bain.Tzeng@hp.com,,
AddPrincipalToRole,wt.pdmlink.PDMLinkProduct,HX 1906006-Cloud-Earbuds-BT,IDE Approver,Bain.Tzeng@hp.com,,
AddPrincipalToRole,wt.pdmlink.PDMLinkProduct,HX 1907004-Cloud-Stinger-S,IDE Approver,Bain.Tzeng@hp.com,,
AddPrincipalToRole,wt.pdmlink.PDMLinkProduct,HX 1908001-Pudding-Keycap-PBT-Double-Shot,IDE Approver,Bain.Tzeng@hp.com,,
AddPrincipalToRole,wt.pdmlink.PDMLinkProduct,HX 1909001-Cloud-Core-7.1,IDE Approver,Bain.Tzeng@hp.com,,
AddPrincipalToRole,wt.pdmlink.PDMLinkProduct,HX 1909003-Pudding-Keycap-ABS-Painted,IDE Approver,Bain.Tzeng@hp.com,,
AddPrincipalToRole,wt.pdmlink.PDMLinkProduct,HX 1910006-Alloy-Skyforge,IDE Approver,Bain.Tzeng@hp.com,,
AddPrincipalToRole,wt.pdmlink.PDMLinkProduct,HX 1910007-Pulsefire-Haste,IDE Approver,Bain.Tzeng@hp.com,,
AddPrincipalToRole,wt.pdmlink.PDMLinkProduct,HX 1910008-Modular-40-driver,IDE Approver,Bain.Tzeng@hp.com,,
AddPrincipalToRole,wt.pdmlink.PDMLinkProduct,HX 1911004-HyperX-x-Ducky-One-2-Mini,IDE Approver,Bain.Tzeng@hp.com,,
AddPrincipalToRole,wt.pdmlink.PDMLinkProduct,HX 1912001-Cloud-Alpha-Wireless,IDE Approver,Bain.Tzeng@hp.com,,
AddPrincipalToRole,wt.pdmlink.PDMLinkProduct,HX 1912002-Cloud-Revolver,IDE Approver,Bain.Tzeng@hp.com,,
AddPrincipalToRole,wt.pdmlink.PDMLinkProduct,HX 2001001-CloudX-Stinger-Core-Wireless,IDE Approver,Bain.Tzeng@hp.com,,
AddPrincipalToRole,wt.pdmlink.PDMLinkProduct,HX 2002001-Alloy-Origins-60,IDE Approver,Bain.Tzeng@hp.com,,
AddPrincipalToRole,wt.pdmlink.PDMLinkProduct,HX 2003001-Mammoth,IDE Approver,Bain.Tzeng@hp.com,,
AddPrincipalToRole,wt.pdmlink.PDMLinkProduct,HX 2006001-Cloud-Flight,IDE Approver,Bain.Tzeng@hp.com,,
AddPrincipalToRole,wt.pdmlink.PDMLinkProduct,HX 2006002-Cloud-II-CD,IDE Approver,Bain.Tzeng@hp.com,,
AddPrincipalToRole,wt.pdmlink.PDMLinkProduct,HX 2006004-Cloud-CD,IDE Approver,Bain.Tzeng@hp.com,,
AddPrincipalToRole,wt.pdmlink.PDMLinkProduct,HX 2006005-Quadcast-CD,IDE Approver,Bain.Tzeng@hp.com,,
AddPrincipalToRole,wt.pdmlink.PDMLinkProduct,HX 2006006-Cloud-Stinger,IDE Approver,Bain.Tzeng@hp.com,,
AddPrincipalToRole,wt.pdmlink.PDMLinkProduct,HX 2008001-Pulsefire-Haste-Wireless,IDE Approver,Bain.Tzeng@hp.com,,
AddPrincipalToRole,wt.pdmlink.PDMLinkProduct,HX 2009001-Cloud-Core-Wireless,IDE Approver,Bain.Tzeng@hp.com,,
AddPrincipalToRole,wt.pdmlink.PDMLinkProduct,HX 2009002-Module-50-dual-chamber-driver,IDE Approver,Bain.Tzeng@hp.com,,
AddPrincipalToRole,wt.pdmlink.PDMLinkProduct,HX 2009003-Duocast,IDE Approver,Bain.Tzeng@hp.com,,
AddPrincipalToRole,wt.pdmlink.PDMLinkProduct,HX 2102001-Cloud-Orca,IDE Approver,Bain.Tzeng@hp.com,,
AddPrincipalToRole,wt.pdmlink.PDMLinkProduct,HX 2104001-Knight-Xbox-Controller,IDE Approver,Bain.Tzeng@hp.com,,
AddPrincipalToRole,wt.pdmlink.PDMLinkProduct,HX 2104002-xCAST,IDE Approver,Bain.Tzeng@hp.com,,
AddPrincipalToRole,wt.pdmlink.PDMLinkProduct,HX 2104003-Pulsefire-Nikka-Wireless,IDE Approver,Bain.Tzeng@hp.com,,
AddPrincipalToRole,wt.pdmlink.PDMLinkProduct,HX 2104004-Olmec-Rubber-Keycap,IDE Approver,Bain.Tzeng@hp.com,,
AddPrincipalToRole,wt.pdmlink.PDMLinkProduct,HX 2104005-ChargePlay-Duo-For-PS5,IDE Approver,Bain.Tzeng@hp.com,,
AddPrincipalToRole,wt.pdmlink.PDMLinkProduct,HX 2104006-Nano-Mobile-Controller,IDE Approver,Bain.Tzeng@hp.com,,
AddPrincipalToRole,wt.pdmlink.PDMLinkProduct,HX 2104007-Alloy-Origins-65,IDE Approver,Bain.Tzeng@hp.com,,
AddPrincipalToRole,wt.pdmlink.PDMLinkProduct,HX 2104008-Cloud-Stinger-II-Wired,IDE Approver,Bain.Tzeng@hp.com,,
AddPrincipalToRole,wt.pdmlink.PDMLinkProduct,HX 2104009-Cloud-Stinger-II-Wireless,IDE Approver,Bain.Tzeng@hp.com,,
AddPrincipalToRole,wt.pdmlink.PDMLinkProduct,HX 2106001-Cloud-Stinger-II-Core,IDE Approver,Bain.Tzeng@hp.com,,
AddPrincipalToRole,wt.pdmlink.PDMLinkProduct,HX 2109001-Alloy-Origins-PBT,IDE Approver,Bain.Tzeng@hp.com,,
AddPrincipalToRole,wt.pdmlink.PDMLinkProduct,HX 2109002-Alloy-Origins-Core-PBT,IDE Approver,Bain.Tzeng@hp.com,,
AddPrincipalToRole,wt.pdmlink.PDMLinkProduct,HX 2109003-Olmec-Rubber-Keycap,IDE Approver,Bain.Tzeng@hp.com,,
AddPrincipalToRole,wt.pdmlink.PDMLinkProduct,HX 2109004-Standalong-PBT-Keycap,IDE Approver,Bain.Tzeng@hp.com,,
AddPrincipalToRole,wt.pdmlink.PDMLinkProduct,HX 2112001-Pulsefire-Hibiki-Wireless,IDE Approver,Bain.Tzeng@hp.com,,
AddPrincipalToRole,wt.pdmlink.PDMLinkProduct,HX 2112002-Pulsefire-Yamazaki-Wired,IDE Approver,Bain.Tzeng@hp.com,,
AddPrincipalToRole,wt.pdmlink.PDMLinkProduct,HX 1602001-Alloy-FPS,IDE Approver,Penhao.Ma@hp.com,,
AddPrincipalToRole,wt.pdmlink.PDMLinkProduct,HX 1604001-Pulsefire-FPS,IDE Approver,Penhao.Ma@hp.com,,
AddPrincipalToRole,wt.pdmlink.PDMLinkProduct,HX 1604007-Alloy-Elite,IDE Approver,Penhao.Ma@hp.com,,
AddPrincipalToRole,wt.pdmlink.PDMLinkProduct,HX 1612003-Alloy-FPS-Pro,IDE Approver,Penhao.Ma@hp.com,,
AddPrincipalToRole,wt.pdmlink.PDMLinkProduct,HX 1701001-MOBA-keycap,IDE Approver,Penhao.Ma@hp.com,,
AddPrincipalToRole,wt.pdmlink.PDMLinkProduct,HX 1703004-Amp,IDE Approver,Penhao.Ma@hp.com,,
AddPrincipalToRole,wt.pdmlink.PDMLinkProduct,HX 1704002-Pulsefire-Surge,IDE Approver,Penhao.Ma@hp.com,,
AddPrincipalToRole,wt.pdmlink.PDMLinkProduct,HX 1704003-ChargePlay-Duo-PS4,IDE Approver,Penhao.Ma@hp.com,,
AddPrincipalToRole,wt.pdmlink.PDMLinkProduct,HX 1706002-Mars,IDE Approver,Penhao.Ma@hp.com,,
AddPrincipalToRole,wt.pdmlink.PDMLinkProduct,HX 1707001-Thai-Keycap,IDE Approver,Penhao.Ma@hp.com,,
AddPrincipalToRole,wt.pdmlink.PDMLinkProduct,HX 1707003-Alloy-Core,IDE Approver,Penhao.Ma@hp.com,,
AddPrincipalToRole,wt.pdmlink.PDMLinkProduct,HX 1708002-Cloud-MIX,IDE Approver,Penhao.Ma@hp.com,,
AddPrincipalToRole,wt.pdmlink.PDMLinkProduct,HX 1708003-Cloud-II,IDE Approver,Penhao.Ma@hp.com,,
AddPrincipalToRole,wt.pdmlink.PDMLinkProduct,HX 1708004-Cloud-Alpha,IDE Approver,Penhao.Ma@hp.com,,
AddPrincipalToRole,wt.pdmlink.PDMLinkProduct,HX 1709001-Pulsefire-FPS-Pro-RGB,IDE Approver,Penhao.Ma@hp.com,,
AddPrincipalToRole,wt.pdmlink.PDMLinkProduct,HX 1712001-Cloud-Revolver-Ultra,IDE Approver,Penhao.Ma@hp.com,,
AddPrincipalToRole,wt.pdmlink.PDMLinkProduct,HX 1712002-Pulsefire-Core,IDE Approver,Penhao.Ma@hp.com,,
AddPrincipalToRole,wt.pdmlink.PDMLinkProduct,HX 1712008-Cloud-Earbuds,IDE Approver,Penhao.Ma@hp.com,,
AddPrincipalToRole,wt.pdmlink.PDMLinkProduct,HX 1712009-Cloud-Stinger-Core,IDE Approver,Penhao.Ma@hp.com,,
AddPrincipalToRole,wt.pdmlink.PDMLinkProduct,HX 1801003-ChargePlay-Quad,IDE Approver,Penhao.Ma@hp.com,,
AddPrincipalToRole,wt.pdmlink.PDMLinkProduct,HX 1803003-QuadCast,IDE Approver,Penhao.Ma@hp.com,,
AddPrincipalToRole,wt.pdmlink.PDMLinkProduct,HX 1804001-ChargePlay-Duo-XB1,IDE Approver,Penhao.Ma@hp.com,,
AddPrincipalToRole,wt.pdmlink.PDMLinkProduct,HX 1804003-Cloud-Alpha-S,IDE Approver,Penhao.Ma@hp.com,,
AddPrincipalToRole,wt.pdmlink.PDMLinkProduct,HX 1804005-CloudX-Flight,IDE Approver,Penhao.Ma@hp.com,,
AddPrincipalToRole,wt.pdmlink.PDMLinkProduct,HX 1804006-Cloud-Flight-S,IDE Approver,Penhao.Ma@hp.com,,
AddPrincipalToRole,wt.pdmlink.PDMLinkProduct,HX 1804007-Pulsefire-Dart,IDE Approver,Penhao.Ma@hp.com,,
AddPrincipalToRole,wt.pdmlink.PDMLinkProduct,HX 1804008-ChargePlay-Base,IDE Approver,Penhao.Ma@hp.com,,
AddPrincipalToRole,wt.pdmlink.PDMLinkProduct,HX 1806004-ChargePlay-Clutch-For-Nintendo-Switch,IDE Approver,Penhao.Ma@hp.com,,
AddPrincipalToRole,wt.pdmlink.PDMLinkProduct,HX 1806006-Pulsefire-Raid,IDE Approver,Penhao.Ma@hp.com,,
AddPrincipalToRole,wt.pdmlink.PDMLinkProduct,HX 1807002-Alloy-Origins,IDE Approver,Penhao.Ma@hp.com,,
AddPrincipalToRole,wt.pdmlink.PDMLinkProduct,HX 1807004-Cloud-MIX-II,IDE Approver,Penhao.Ma@hp.com,,
AddPrincipalToRole,wt.pdmlink.PDMLinkProduct,HX 1808002-Alloy-Origins-Core,IDE Approver,Penhao.Ma@hp.com,,
AddPrincipalToRole,wt.pdmlink.PDMLinkProduct,HX 1808003-Cloud-Chat,IDE Approver,Penhao.Ma@hp.com,,
AddPrincipalToRole,wt.pdmlink.PDMLinkProduct,HX 1808007-ChargePlay-Clutch-For-Mobile,IDE Approver,Penhao.Ma@hp.com,,
AddPrincipalToRole,wt.pdmlink.PDMLinkProduct,HX 1810001-Cloud-Stinger-Wireless,IDE Approver,Penhao.Ma@hp.com,,
AddPrincipalToRole,wt.pdmlink.PDMLinkProduct,HX 1810003-Cloud-Orbit,IDE Approver,Penhao.Ma@hp.com,,
AddPrincipalToRole,wt.pdmlink.PDMLinkProduct,HX 1811001-SoloCast,IDE Approver,Penhao.Ma@hp.com,,
AddPrincipalToRole,wt.pdmlink.PDMLinkProduct,HX 1901001-Fury-Ultra,IDE Approver,Penhao.Ma@hp.com,,
AddPrincipalToRole,wt.pdmlink.PDMLinkProduct,HX 1901003-Cloud-II-Wireless,IDE Approver,Penhao.Ma@hp.com,,
AddPrincipalToRole,wt.pdmlink.PDMLinkProduct,HX 1904006-Cloud-Sapphire,IDE Approver,Penhao.Ma@hp.com,,
AddPrincipalToRole,wt.pdmlink.PDMLinkProduct,HX 1905004-Cloud-Stinger-Core-7.1-Wired,IDE Approver,Penhao.Ma@hp.com,,
AddPrincipalToRole,wt.pdmlink.PDMLinkProduct,HX 1905005-Cloud-Stinger-Core-7.1-Wireless,IDE Approver,Penhao.Ma@hp.com,,
AddPrincipalToRole,wt.pdmlink.PDMLinkProduct,HX 1906003-Alloy-Elite-2,IDE Approver,Penhao.Ma@hp.com,,
AddPrincipalToRole,wt.pdmlink.PDMLinkProduct,HX 1906004-Quadcast-S,IDE Approver,Penhao.Ma@hp.com,,
AddPrincipalToRole,wt.pdmlink.PDMLinkProduct,HX 1906006-Cloud-Earbuds-BT,IDE Approver,Penhao.Ma@hp.com,,
AddPrincipalToRole,wt.pdmlink.PDMLinkProduct,HX 1907004-Cloud-Stinger-S,IDE Approver,Penhao.Ma@hp.com,,
AddPrincipalToRole,wt.pdmlink.PDMLinkProduct,HX 1908001-Pudding-Keycap-PBT-Double-Shot,IDE Approver,Penhao.Ma@hp.com,,
AddPrincipalToRole,wt.pdmlink.PDMLinkProduct,HX 1909001-Cloud-Core-7.1,IDE Approver,Penhao.Ma@hp.com,,
AddPrincipalToRole,wt.pdmlink.PDMLinkProduct,HX 1909003-Pudding-Keycap-ABS-Painted,IDE Approver,Penhao.Ma@hp.com,,
AddPrincipalToRole,wt.pdmlink.PDMLinkProduct,HX 1910006-Alloy-Skyforge,IDE Approver,Penhao.Ma@hp.com,,
AddPrincipalToRole,wt.pdmlink.PDMLinkProduct,HX 1910007-Pulsefire-Haste,IDE Approver,Penhao.Ma@hp.com,,
AddPrincipalToRole,wt.pdmlink.PDMLinkProduct,HX 1910008-Modular-40-driver,IDE Approver,Penhao.Ma@hp.com,,
AddPrincipalToRole,wt.pdmlink.PDMLinkProduct,HX 1911004-HyperX-x-Ducky-One-2-Mini,IDE Approver,Penhao.Ma@hp.com,,
AddPrincipalToRole,wt.pdmlink.PDMLinkProduct,HX 1912001-Cloud-Alpha-Wireless,IDE Approver,Penhao.Ma@hp.com,,
AddPrincipalToRole,wt.pdmlink.PDMLinkProduct,HX 1912002-Cloud-Revolver,IDE Approver,Penhao.Ma@hp.com,,
AddPrincipalToRole,wt.pdmlink.PDMLinkProduct,HX 2001001-CloudX-Stinger-Core-Wireless,IDE Approver,Penhao.Ma@hp.com,,
AddPrincipalToRole,wt.pdmlink.PDMLinkProduct,HX 2002001-Alloy-Origins-60,IDE Approver,Penhao.Ma@hp.com,,
AddPrincipalToRole,wt.pdmlink.PDMLinkProduct,HX 2003001-Mammoth,IDE Approver,Penhao.Ma@hp.com,,
AddPrincipalToRole,wt.pdmlink.PDMLinkProduct,HX 2006001-Cloud-Flight,IDE Approver,Penhao.Ma@hp.com,,
AddPrincipalToRole,wt.pdmlink.PDMLinkProduct,HX 2006002-Cloud-II-CD,IDE Approver,Penhao.Ma@hp.com,,
AddPrincipalToRole,wt.pdmlink.PDMLinkProduct,HX 2006004-Cloud-CD,IDE Approver,Penhao.Ma@hp.com,,
AddPrincipalToRole,wt.pdmlink.PDMLinkProduct,HX 2006005-Quadcast-CD,IDE Approver,Penhao.Ma@hp.com,,
AddPrincipalToRole,wt.pdmlink.PDMLinkProduct,HX 2006006-Cloud-Stinger,IDE Approver,Penhao.Ma@hp.com,,
AddPrincipalToRole,wt.pdmlink.PDMLinkProduct,HX 2008001-Pulsefire-Haste-Wireless,IDE Approver,Penhao.Ma@hp.com,,
AddPrincipalToRole,wt.pdmlink.PDMLinkProduct,HX 2009001-Cloud-Core-Wireless,IDE Approver,Penhao.Ma@hp.com,,
AddPrincipalToRole,wt.pdmlink.PDMLinkProduct,HX 2009002-Module-50-dual-chamber-driver,IDE Approver,Penhao.Ma@hp.com,,
AddPrincipalToRole,wt.pdmlink.PDMLinkProduct,HX 2009003-Duocast,IDE Approver,Penhao.Ma@hp.com,,
AddPrincipalToRole,wt.pdmlink.PDMLinkProduct,HX 2102001-Cloud-Orca,IDE Approver,Penhao.Ma@hp.com,,
AddPrincipalToRole,wt.pdmlink.PDMLinkProduct,HX 2104001-Knight-Xbox-Controller,IDE Approver,Penhao.Ma@hp.com,,
AddPrincipalToRole,wt.pdmlink.PDMLinkProduct,HX 2104002-xCAST,IDE Approver,Penhao.Ma@hp.com,,
AddPrincipalToRole,wt.pdmlink.PDMLinkProduct,HX 2104003-Pulsefire-Nikka-Wireless,IDE Approver,Penhao.Ma@hp.com,,
AddPrincipalToRole,wt.pdmlink.PDMLinkProduct,HX 2104004-Olmec-Rubber-Keycap,IDE Approver,Penhao.Ma@hp.com,,
AddPrincipalToRole,wt.pdmlink.PDMLinkProduct,HX 2104005-ChargePlay-Duo-For-PS5,IDE Approver,Penhao.Ma@hp.com,,
AddPrincipalToRole,wt.pdmlink.PDMLinkProduct,HX 2104006-Nano-Mobile-Controller,IDE Approver,Penhao.Ma@hp.com,,
AddPrincipalToRole,wt.pdmlink.PDMLinkProduct,HX 2104007-Alloy-Origins-65,IDE Approver,Penhao.Ma@hp.com,,
AddPrincipalToRole,wt.pdmlink.PDMLinkProduct,HX 2104008-Cloud-Stinger-II-Wired,IDE Approver,Penhao.Ma@hp.com,,
AddPrincipalToRole,wt.pdmlink.PDMLinkProduct,HX 2104009-Cloud-Stinger-II-Wireless,IDE Approver,Penhao.Ma@hp.com,,
AddPrincipalToRole,wt.pdmlink.PDMLinkProduct,HX 2106001-Cloud-Stinger-II-Core,IDE Approver,Penhao.Ma@hp.com,,
AddPrincipalToRole,wt.pdmlink.PDMLinkProduct,HX 2109001-Alloy-Origins-PBT,IDE Approver,Penhao.Ma@hp.com,,
AddPrincipalToRole,wt.pdmlink.PDMLinkProduct,HX 2109002-Alloy-Origins-Core-PBT,IDE Approver,Penhao.Ma@hp.com,,
AddPrincipalToRole,wt.pdmlink.PDMLinkProduct,HX 2109003-Olmec-Rubber-Keycap,IDE Approver,Penhao.Ma@hp.com,,
AddPrincipalToRole,wt.pdmlink.PDMLinkProduct,HX 2109004-Standalong-PBT-Keycap,IDE Approver,Penhao.Ma@hp.com,,
AddPrincipalToRole,wt.pdmlink.PDMLinkProduct,HX 2112001-Pulsefire-Hibiki-Wireless,IDE Approver,Penhao.Ma@hp.com,,
AddPrincipalToRole,wt.pdmlink.PDMLinkProduct,HX 2112002-Pulsefire-Yamazaki-Wired,IDE Approver,Penhao.Ma@hp.com,,
AddPrincipalToRole,wt.pdmlink.PDMLinkProduct,HX 1602001-Alloy-FPS,MDE Approver,Glason.Chou@hp.com,,
AddPrincipalToRole,wt.pdmlink.PDMLinkProduct,HX 1604001-Pulsefire-FPS,MDE Approver,Glason.Chou@hp.com,,
AddPrincipalToRole,wt.pdmlink.PDMLinkProduct,HX 1604007-Alloy-Elite,MDE Approver,Glason.Chou@hp.com,,
AddPrincipalToRole,wt.pdmlink.PDMLinkProduct,HX 1612003-Alloy-FPS-Pro,MDE Approver,Glason.Chou@hp.com,,
AddPrincipalToRole,wt.pdmlink.PDMLinkProduct,HX 1701001-MOBA-keycap,MDE Approver,Glason.Chou@hp.com,,
AddPrincipalToRole,wt.pdmlink.PDMLinkProduct,HX 1703004-Amp,MDE Approver,Glason.Chou@hp.com,,
AddPrincipalToRole,wt.pdmlink.PDMLinkProduct,HX 1704002-Pulsefire-Surge,MDE Approver,Glason.Chou@hp.com,,
AddPrincipalToRole,wt.pdmlink.PDMLinkProduct,HX 1704003-ChargePlay-Duo-PS4,MDE Approver,Glason.Chou@hp.com,,
AddPrincipalToRole,wt.pdmlink.PDMLinkProduct,HX 1706002-Mars,MDE Approver,Glason.Chou@hp.com,,
AddPrincipalToRole,wt.pdmlink.PDMLinkProduct,HX 1707001-Thai-Keycap,MDE Approver,Glason.Chou@hp.com,,
AddPrincipalToRole,wt.pdmlink.PDMLinkProduct,HX 1707003-Alloy-Core,MDE Approver,Glason.Chou@hp.com,,
AddPrincipalToRole,wt.pdmlink.PDMLinkProduct,HX 1708002-Cloud-MIX,MDE Approver,Glason.Chou@hp.com,,
AddPrincipalToRole,wt.pdmlink.PDMLinkProduct,HX 1708003-Cloud-II,MDE Approver,Glason.Chou@hp.com,,
AddPrincipalToRole,wt.pdmlink.PDMLinkProduct,HX 1708004-Cloud-Alpha,MDE Approver,Glason.Chou@hp.com,,
AddPrincipalToRole,wt.pdmlink.PDMLinkProduct,HX 1709001-Pulsefire-FPS-Pro-RGB,MDE Approver,Glason.Chou@hp.com,,
AddPrincipalToRole,wt.pdmlink.PDMLinkProduct,HX 1712001-Cloud-Revolver-Ultra,MDE Approver,Glason.Chou@hp.com,,
AddPrincipalToRole,wt.pdmlink.PDMLinkProduct,HX 1712002-Pulsefire-Core,MDE Approver,Glason.Chou@hp.com,,
AddPrincipalToRole,wt.pdmlink.PDMLinkProduct,HX 1712008-Cloud-Earbuds,MDE Approver,Glason.Chou@hp.com,,
AddPrincipalToRole,wt.pdmlink.PDMLinkProduct,HX 1712009-Cloud-Stinger-Core,MDE Approver,Glason.Chou@hp.com,,
AddPrincipalToRole,wt.pdmlink.PDMLinkProduct,HX 1801003-ChargePlay-Quad,MDE Approver,Glason.Chou@hp.com,,
AddPrincipalToRole,wt.pdmlink.PDMLinkProduct,HX 1803003-QuadCast,MDE Approver,Glason.Chou@hp.com,,
AddPrincipalToRole,wt.pdmlink.PDMLinkProduct,HX 1804001-ChargePlay-Duo-XB1,MDE Approver,Glason.Chou@hp.com,,
AddPrincipalToRole,wt.pdmlink.PDMLinkProduct,HX 1804003-Cloud-Alpha-S,MDE Approver,Glason.Chou@hp.com,,
AddPrincipalToRole,wt.pdmlink.PDMLinkProduct,HX 1804005-CloudX-Flight,MDE Approver,Glason.Chou@hp.com,,
AddPrincipalToRole,wt.pdmlink.PDMLinkProduct,HX 1804006-Cloud-Flight-S,MDE Approver,Glason.Chou@hp.com,,
AddPrincipalToRole,wt.pdmlink.PDMLinkProduct,HX 1804007-Pulsefire-Dart,MDE Approver,Glason.Chou@hp.com,,
AddPrincipalToRole,wt.pdmlink.PDMLinkProduct,HX 1804008-ChargePlay-Base,MDE Approver,Glason.Chou@hp.com,,
AddPrincipalToRole,wt.pdmlink.PDMLinkProduct,HX 1806004-ChargePlay-Clutch-For-Nintendo-Switch,MDE Approver,Glason.Chou@hp.com,,
AddPrincipalToRole,wt.pdmlink.PDMLinkProduct,HX 1806006-Pulsefire-Raid,MDE Approver,Glason.Chou@hp.com,,
AddPrincipalToRole,wt.pdmlink.PDMLinkProduct,HX 1807002-Alloy-Origins,MDE Approver,Glason.Chou@hp.com,,
AddPrincipalToRole,wt.pdmlink.PDMLinkProduct,HX 1807004-Cloud-MIX-II,MDE Approver,Glason.Chou@hp.com,,
AddPrincipalToRole,wt.pdmlink.PDMLinkProduct,HX 1808002-Alloy-Origins-Core,MDE Approver,Glason.Chou@hp.com,,
AddPrincipalToRole,wt.pdmlink.PDMLinkProduct,HX 1808003-Cloud-Chat,MDE Approver,Glason.Chou@hp.com,,
AddPrincipalToRole,wt.pdmlink.PDMLinkProduct,HX 1808007-ChargePlay-Clutch-For-Mobile,MDE Approver,Glason.Chou@hp.com,,
AddPrincipalToRole,wt.pdmlink.PDMLinkProduct,HX 1810001-Cloud-Stinger-Wireless,MDE Approver,Glason.Chou@hp.com,,
AddPrincipalToRole,wt.pdmlink.PDMLinkProduct,HX 1810003-Cloud-Orbit,MDE Approver,Glason.Chou@hp.com,,
AddPrincipalToRole,wt.pdmlink.PDMLinkProduct,HX 1811001-SoloCast,MDE Approver,Glason.Chou@hp.com,,
AddPrincipalToRole,wt.pdmlink.PDMLinkProduct,HX 1901001-Fury-Ultra,MDE Approver,Glason.Chou@hp.com,,
AddPrincipalToRole,wt.pdmlink.PDMLinkProduct,HX 1901003-Cloud-II-Wireless,MDE Approver,Glason.Chou@hp.com,,
AddPrincipalToRole,wt.pdmlink.PDMLinkProduct,HX 1904006-Cloud-Sapphire,MDE Approver,Glason.Chou@hp.com,,
AddPrincipalToRole,wt.pdmlink.PDMLinkProduct,HX 1905004-Cloud-Stinger-Core-7.1-Wired,MDE Approver,Glason.Chou@hp.com,,
AddPrincipalToRole,wt.pdmlink.PDMLinkProduct,HX 1905005-Cloud-Stinger-Core-7.1-Wireless,MDE Approver,Glason.Chou@hp.com,,
AddPrincipalToRole,wt.pdmlink.PDMLinkProduct,HX 1906003-Alloy-Elite-2,MDE Approver,Glason.Chou@hp.com,,
AddPrincipalToRole,wt.pdmlink.PDMLinkProduct,HX 1906004-Quadcast-S,MDE Approver,Glason.Chou@hp.com,,
AddPrincipalToRole,wt.pdmlink.PDMLinkProduct,HX 1906006-Cloud-Earbuds-BT,MDE Approver,Glason.Chou@hp.com,,
AddPrincipalToRole,wt.pdmlink.PDMLinkProduct,HX 1907004-Cloud-Stinger-S,MDE Approver,Glason.Chou@hp.com,,
AddPrincipalToRole,wt.pdmlink.PDMLinkProduct,HX 1908001-Pudding-Keycap-PBT-Double-Shot,MDE Approver,Glason.Chou@hp.com,,
AddPrincipalToRole,wt.pdmlink.PDMLinkProduct,HX 1909001-Cloud-Core-7.1,MDE Approver,Glason.Chou@hp.com,,
AddPrincipalToRole,wt.pdmlink.PDMLinkProduct,HX 1909003-Pudding-Keycap-ABS-Painted,MDE Approver,Glason.Chou@hp.com,,
AddPrincipalToRole,wt.pdmlink.PDMLinkProduct,HX 1910006-Alloy-Skyforge,MDE Approver,Glason.Chou@hp.com,,
AddPrincipalToRole,wt.pdmlink.PDMLinkProduct,HX 1910007-Pulsefire-Haste,MDE Approver,Glason.Chou@hp.com,,
AddPrincipalToRole,wt.pdmlink.PDMLinkProduct,HX 1910008-Modular-40-driver,MDE Approver,Glason.Chou@hp.com,,
AddPrincipalToRole,wt.pdmlink.PDMLinkProduct,HX 1911004-HyperX-x-Ducky-One-2-Mini,MDE Approver,Glason.Chou@hp.com,,
AddPrincipalToRole,wt.pdmlink.PDMLinkProduct,HX 1912001-Cloud-Alpha-Wireless,MDE Approver,Glason.Chou@hp.com,,
AddPrincipalToRole,wt.pdmlink.PDMLinkProduct,HX 1912002-Cloud-Revolver,MDE Approver,Glason.Chou@hp.com,,
AddPrincipalToRole,wt.pdmlink.PDMLinkProduct,HX 2001001-CloudX-Stinger-Core-Wireless,MDE Approver,Glason.Chou@hp.com,,
AddPrincipalToRole,wt.pdmlink.PDMLinkProduct,HX 2002001-Alloy-Origins-60,MDE Approver,Glason.Chou@hp.com,,
AddPrincipalToRole,wt.pdmlink.PDMLinkProduct,HX 2003001-Mammoth,MDE Approver,Glason.Chou@hp.com,,
AddPrincipalToRole,wt.pdmlink.PDMLinkProduct,HX 2006001-Cloud-Flight,MDE Approver,Glason.Chou@hp.com,,
AddPrincipalToRole,wt.pdmlink.PDMLinkProduct,HX 2006002-Cloud-II-CD,MDE Approver,Glason.Chou@hp.com,,
AddPrincipalToRole,wt.pdmlink.PDMLinkProduct,HX 2006004-Cloud-CD,MDE Approver,Glason.Chou@hp.com,,
AddPrincipalToRole,wt.pdmlink.PDMLinkProduct,HX 2006005-Quadcast-CD,MDE Approver,Glason.Chou@hp.com,,
AddPrincipalToRole,wt.pdmlink.PDMLinkProduct,HX 2006006-Cloud-Stinger,MDE Approver,Glason.Chou@hp.com,,
AddPrincipalToRole,wt.pdmlink.PDMLinkProduct,HX 2008001-Pulsefire-Haste-Wireless,MDE Approver,Glason.Chou@hp.com,,
AddPrincipalToRole,wt.pdmlink.PDMLinkProduct,HX 2009001-Cloud-Core-Wireless,MDE Approver,Glason.Chou@hp.com,,
AddPrincipalToRole,wt.pdmlink.PDMLinkProduct,HX 2009002-Module-50-dual-chamber-driver,MDE Approver,Glason.Chou@hp.com,,
AddPrincipalToRole,wt.pdmlink.PDMLinkProduct,HX 2009003-Duocast,MDE Approver,Glason.Chou@hp.com,,
AddPrincipalToRole,wt.pdmlink.PDMLinkProduct,HX 2102001-Cloud-Orca,MDE Approver,Glason.Chou@hp.com,,
AddPrincipalToRole,wt.pdmlink.PDMLinkProduct,HX 2104001-Knight-Xbox-Controller,MDE Approver,Glason.Chou@hp.com,,
AddPrincipalToRole,wt.pdmlink.PDMLinkProduct,HX 2104002-xCAST,MDE Approver,Glason.Chou@hp.com,,
AddPrincipalToRole,wt.pdmlink.PDMLinkProduct,HX 2104003-Pulsefire-Nikka-Wireless,MDE Approver,Glason.Chou@hp.com,,
AddPrincipalToRole,wt.pdmlink.PDMLinkProduct,HX 2104004-Olmec-Rubber-Keycap,MDE Approver,Glason.Chou@hp.com,,
AddPrincipalToRole,wt.pdmlink.PDMLinkProduct,HX 2104005-ChargePlay-Duo-For-PS5,MDE Approver,Glason.Chou@hp.com,,
AddPrincipalToRole,wt.pdmlink.PDMLinkProduct,HX 2104006-Nano-Mobile-Controller,MDE Approver,Glason.Chou@hp.com,,
AddPrincipalToRole,wt.pdmlink.PDMLinkProduct,HX 2104007-Alloy-Origins-65,MDE Approver,Glason.Chou@hp.com,,
AddPrincipalToRole,wt.pdmlink.PDMLinkProduct,HX 2104008-Cloud-Stinger-II-Wired,MDE Approver,Glason.Chou@hp.com,,
AddPrincipalToRole,wt.pdmlink.PDMLinkProduct,HX 2104009-Cloud-Stinger-II-Wireless,MDE Approver,Glason.Chou@hp.com,,
AddPrincipalToRole,wt.pdmlink.PDMLinkProduct,HX 2106001-Cloud-Stinger-II-Core,MDE Approver,Glason.Chou@hp.com,,
AddPrincipalToRole,wt.pdmlink.PDMLinkProduct,HX 2109001-Alloy-Origins-PBT,MDE Approver,Glason.Chou@hp.com,,
AddPrincipalToRole,wt.pdmlink.PDMLinkProduct,HX 2109002-Alloy-Origins-Core-PBT,MDE Approver,Glason.Chou@hp.com,,
AddPrincipalToRole,wt.pdmlink.PDMLinkProduct,HX 2109003-Olmec-Rubber-Keycap,MDE Approver,Glason.Chou@hp.com,,
AddPrincipalToRole,wt.pdmlink.PDMLinkProduct,HX 2109004-Standalong-PBT-Keycap,MDE Approver,Glason.Chou@hp.com,,
AddPrincipalToRole,wt.pdmlink.PDMLinkProduct,HX 2112001-Pulsefire-Hibiki-Wireless,MDE Approver,Glason.Chou@hp.com,,
AddPrincipalToRole,wt.pdmlink.PDMLinkProduct,HX 2112002-Pulsefire-Yamazaki-Wired,MDE Approver,Glason.Chou@hp.com,,
AddPrincipalToRole,wt.pdmlink.PDMLinkProduct,HX 1602001-Alloy-FPS,MDE Approver,Penhao.Ma@hp.com,,
AddPrincipalToRole,wt.pdmlink.PDMLinkProduct,HX 1604001-Pulsefire-FPS,MDE Approver,Penhao.Ma@hp.com,,
AddPrincipalToRole,wt.pdmlink.PDMLinkProduct,HX 1604007-Alloy-Elite,MDE Approver,Penhao.Ma@hp.com,,
AddPrincipalToRole,wt.pdmlink.PDMLinkProduct,HX 1612003-Alloy-FPS-Pro,MDE Approver,Penhao.Ma@hp.com,,
AddPrincipalToRole,wt.pdmlink.PDMLinkProduct,HX 1701001-MOBA-keycap,MDE Approver,Penhao.Ma@hp.com,,
AddPrincipalToRole,wt.pdmlink.PDMLinkProduct,HX 1703004-Amp,MDE Approver,Penhao.Ma@hp.com,,
AddPrincipalToRole,wt.pdmlink.PDMLinkProduct,HX 1704002-Pulsefire-Surge,MDE Approver,Penhao.Ma@hp.com,,
AddPrincipalToRole,wt.pdmlink.PDMLinkProduct,HX 1704003-ChargePlay-Duo-PS4,MDE Approver,Penhao.Ma@hp.com,,
AddPrincipalToRole,wt.pdmlink.PDMLinkProduct,HX 1706002-Mars,MDE Approver,Penhao.Ma@hp.com,,
AddPrincipalToRole,wt.pdmlink.PDMLinkProduct,HX 1707001-Thai-Keycap,MDE Approver,Penhao.Ma@hp.com,,
AddPrincipalToRole,wt.pdmlink.PDMLinkProduct,HX 1707003-Alloy-Core,MDE Approver,Penhao.Ma@hp.com,,
AddPrincipalToRole,wt.pdmlink.PDMLinkProduct,HX 1708002-Cloud-MIX,MDE Approver,Penhao.Ma@hp.com,,
AddPrincipalToRole,wt.pdmlink.PDMLinkProduct,HX 1708003-Cloud-II,MDE Approver,Penhao.Ma@hp.com,,
AddPrincipalToRole,wt.pdmlink.PDMLinkProduct,HX 1708004-Cloud-Alpha,MDE Approver,Penhao.Ma@hp.com,,
AddPrincipalToRole,wt.pdmlink.PDMLinkProduct,HX 1709001-Pulsefire-FPS-Pro-RGB,MDE Approver,Penhao.Ma@hp.com,,
AddPrincipalToRole,wt.pdmlink.PDMLinkProduct,HX 1712001-Cloud-Revolver-Ultra,MDE Approver,Penhao.Ma@hp.com,,
AddPrincipalToRole,wt.pdmlink.PDMLinkProduct,HX 1712002-Pulsefire-Core,MDE Approver,Penhao.Ma@hp.com,,
AddPrincipalToRole,wt.pdmlink.PDMLinkProduct,HX 1712008-Cloud-Earbuds,MDE Approver,Penhao.Ma@hp.com,,
AddPrincipalToRole,wt.pdmlink.PDMLinkProduct,HX 1712009-Cloud-Stinger-Core,MDE Approver,Penhao.Ma@hp.com,,
AddPrincipalToRole,wt.pdmlink.PDMLinkProduct,HX 1801003-ChargePlay-Quad,MDE Approver,Penhao.Ma@hp.com,,
AddPrincipalToRole,wt.pdmlink.PDMLinkProduct,HX 1803003-QuadCast,MDE Approver,Penhao.Ma@hp.com,,
AddPrincipalToRole,wt.pdmlink.PDMLinkProduct,HX 1804001-ChargePlay-Duo-XB1,MDE Approver,Penhao.Ma@hp.com,,
AddPrincipalToRole,wt.pdmlink.PDMLinkProduct,HX 1804003-Cloud-Alpha-S,MDE Approver,Penhao.Ma@hp.com,,
AddPrincipalToRole,wt.pdmlink.PDMLinkProduct,HX 1804005-CloudX-Flight,MDE Approver,Penhao.Ma@hp.com,,
AddPrincipalToRole,wt.pdmlink.PDMLinkProduct,HX 1804006-Cloud-Flight-S,MDE Approver,Penhao.Ma@hp.com,,
AddPrincipalToRole,wt.pdmlink.PDMLinkProduct,HX 1804007-Pulsefire-Dart,MDE Approver,Penhao.Ma@hp.com,,
AddPrincipalToRole,wt.pdmlink.PDMLinkProduct,HX 1804008-ChargePlay-Base,MDE Approver,Penhao.Ma@hp.com,,
AddPrincipalToRole,wt.pdmlink.PDMLinkProduct,HX 1806004-ChargePlay-Clutch-For-Nintendo-Switch,MDE Approver,Penhao.Ma@hp.com,,
AddPrincipalToRole,wt.pdmlink.PDMLinkProduct,HX 1806006-Pulsefire-Raid,MDE Approver,Penhao.Ma@hp.com,,
AddPrincipalToRole,wt.pdmlink.PDMLinkProduct,HX 1807002-Alloy-Origins,MDE Approver,Penhao.Ma@hp.com,,
AddPrincipalToRole,wt.pdmlink.PDMLinkProduct,HX 1807004-Cloud-MIX-II,MDE Approver,Penhao.Ma@hp.com,,
AddPrincipalToRole,wt.pdmlink.PDMLinkProduct,HX 1808002-Alloy-Origins-Core,MDE Approver,Penhao.Ma@hp.com,,
AddPrincipalToRole,wt.pdmlink.PDMLinkProduct,HX 1808003-Cloud-Chat,MDE Approver,Penhao.Ma@hp.com,,
AddPrincipalToRole,wt.pdmlink.PDMLinkProduct,HX 1808007-ChargePlay-Clutch-For-Mobile,MDE Approver,Penhao.Ma@hp.com,,
AddPrincipalToRole,wt.pdmlink.PDMLinkProduct,HX 1810001-Cloud-Stinger-Wireless,MDE Approver,Penhao.Ma@hp.com,,
AddPrincipalToRole,wt.pdmlink.PDMLinkProduct,HX 1810003-Cloud-Orbit,MDE Approver,Penhao.Ma@hp.com,,
AddPrincipalToRole,wt.pdmlink.PDMLinkProduct,HX 1811001-SoloCast,MDE Approver,Penhao.Ma@hp.com,,
AddPrincipalToRole,wt.pdmlink.PDMLinkProduct,HX 1901001-Fury-Ultra,MDE Approver,Penhao.Ma@hp.com,,
AddPrincipalToRole,wt.pdmlink.PDMLinkProduct,HX 1901003-Cloud-II-Wireless,MDE Approver,Penhao.Ma@hp.com,,
AddPrincipalToRole,wt.pdmlink.PDMLinkProduct,HX 1904006-Cloud-Sapphire,MDE Approver,Penhao.Ma@hp.com,,
AddPrincipalToRole,wt.pdmlink.PDMLinkProduct,HX 1905004-Cloud-Stinger-Core-7.1-Wired,MDE Approver,Penhao.Ma@hp.com,,
AddPrincipalToRole,wt.pdmlink.PDMLinkProduct,HX 1905005-Cloud-Stinger-Core-7.1-Wireless,MDE Approver,Penhao.Ma@hp.com,,
AddPrincipalToRole,wt.pdmlink.PDMLinkProduct,HX 1906003-Alloy-Elite-2,MDE Approver,Penhao.Ma@hp.com,,
AddPrincipalToRole,wt.pdmlink.PDMLinkProduct,HX 1906004-Quadcast-S,MDE Approver,Penhao.Ma@hp.com,,
AddPrincipalToRole,wt.pdmlink.PDMLinkProduct,HX 1906006-Cloud-Earbuds-BT,MDE Approver,Penhao.Ma@hp.com,,
AddPrincipalToRole,wt.pdmlink.PDMLinkProduct,HX 1907004-Cloud-Stinger-S,MDE Approver,Penhao.Ma@hp.com,,
AddPrincipalToRole,wt.pdmlink.PDMLinkProduct,HX 1908001-Pudding-Keycap-PBT-Double-Shot,MDE Approver,Penhao.Ma@hp.com,,
AddPrincipalToRole,wt.pdmlink.PDMLinkProduct,HX 1909001-Cloud-Core-7.1,MDE Approver,Penhao.Ma@hp.com,,
AddPrincipalToRole,wt.pdmlink.PDMLinkProduct,HX 1909003-Pudding-Keycap-ABS-Painted,MDE Approver,Penhao.Ma@hp.com,,
AddPrincipalToRole,wt.pdmlink.PDMLinkProduct,HX 1910006-Alloy-Skyforge,MDE Approver,Penhao.Ma@hp.com,,
AddPrincipalToRole,wt.pdmlink.PDMLinkProduct,HX 1910007-Pulsefire-Haste,MDE Approver,Penhao.Ma@hp.com,,
AddPrincipalToRole,wt.pdmlink.PDMLinkProduct,HX 1910008-Modular-40-driver,MDE Approver,Penhao.Ma@hp.com,,
AddPrincipalToRole,wt.pdmlink.PDMLinkProduct,HX 1911004-HyperX-x-Ducky-One-2-Mini,MDE Approver,Penhao.Ma@hp.com,,
AddPrincipalToRole,wt.pdmlink.PDMLinkProduct,HX 1912001-Cloud-Alpha-Wireless,MDE Approver,Penhao.Ma@hp.com,,
AddPrincipalToRole,wt.pdmlink.PDMLinkProduct,HX 1912002-Cloud-Revolver,MDE Approver,Penhao.Ma@hp.com,,
AddPrincipalToRole,wt.pdmlink.PDMLinkProduct,HX 2001001-CloudX-Stinger-Core-Wireless,MDE Approver,Penhao.Ma@hp.com,,
AddPrincipalToRole,wt.pdmlink.PDMLinkProduct,HX 2002001-Alloy-Origins-60,MDE Approver,Penhao.Ma@hp.com,,
AddPrincipalToRole,wt.pdmlink.PDMLinkProduct,HX 2003001-Mammoth,MDE Approver,Penhao.Ma@hp.com,,
AddPrincipalToRole,wt.pdmlink.PDMLinkProduct,HX 2006001-Cloud-Flight,MDE Approver,Penhao.Ma@hp.com,,
AddPrincipalToRole,wt.pdmlink.PDMLinkProduct,HX 2006002-Cloud-II-CD,MDE Approver,Penhao.Ma@hp.com,,
AddPrincipalToRole,wt.pdmlink.PDMLinkProduct,HX 2006004-Cloud-CD,MDE Approver,Penhao.Ma@hp.com,,
AddPrincipalToRole,wt.pdmlink.PDMLinkProduct,HX 2006005-Quadcast-CD,MDE Approver,Penhao.Ma@hp.com,,
AddPrincipalToRole,wt.pdmlink.PDMLinkProduct,HX 2006006-Cloud-Stinger,MDE Approver,Penhao.Ma@hp.com,,
AddPrincipalToRole,wt.pdmlink.PDMLinkProduct,HX 2008001-Pulsefire-Haste-Wireless,MDE Approver,Penhao.Ma@hp.com,,
AddPrincipalToRole,wt.pdmlink.PDMLinkProduct,HX 2009001-Cloud-Core-Wireless,MDE Approver,Penhao.Ma@hp.com,,
AddPrincipalToRole,wt.pdmlink.PDMLinkProduct,HX 2009002-Module-50-dual-chamber-driver,MDE Approver,Penhao.Ma@hp.com,,
AddPrincipalToRole,wt.pdmlink.PDMLinkProduct,HX 2009003-Duocast,MDE Approver,Penhao.Ma@hp.com,,
AddPrincipalToRole,wt.pdmlink.PDMLinkProduct,HX 2102001-Cloud-Orca,MDE Approver,Penhao.Ma@hp.com,,
AddPrincipalToRole,wt.pdmlink.PDMLinkProduct,HX 2104001-Knight-Xbox-Controller,MDE Approver,Penhao.Ma@hp.com,,
AddPrincipalToRole,wt.pdmlink.PDMLinkProduct,HX 2104002-xCAST,MDE Approver,Penhao.Ma@hp.com,,
AddPrincipalToRole,wt.pdmlink.PDMLinkProduct,HX 2104003-Pulsefire-Nikka-Wireless,MDE Approver,Penhao.Ma@hp.com,,
AddPrincipalToRole,wt.pdmlink.PDMLinkProduct,HX 2104004-Olmec-Rubber-Keycap,MDE Approver,Penhao.Ma@hp.com,,
AddPrincipalToRole,wt.pdmlink.PDMLinkProduct,HX 2104005-ChargePlay-Duo-For-PS5,MDE Approver,Penhao.Ma@hp.com,,
AddPrincipalToRole,wt.pdmlink.PDMLinkProduct,HX 2104006-Nano-Mobile-Controller,MDE Approver,Penhao.Ma@hp.com,,
AddPrincipalToRole,wt.pdmlink.PDMLinkProduct,HX 2104007-Alloy-Origins-65,MDE Approver,Penhao.Ma@hp.com,,
AddPrincipalToRole,wt.pdmlink.PDMLinkProduct,HX 2104008-Cloud-Stinger-II-Wired,MDE Approver,Penhao.Ma@hp.com,,
AddPrincipalToRole,wt.pdmlink.PDMLinkProduct,HX 2104009-Cloud-Stinger-II-Wireless,MDE Approver,Penhao.Ma@hp.com,,
AddPrincipalToRole,wt.pdmlink.PDMLinkProduct,HX 2106001-Cloud-Stinger-II-Core,MDE Approver,Penhao.Ma@hp.com,,
AddPrincipalToRole,wt.pdmlink.PDMLinkProduct,HX 2109001-Alloy-Origins-PBT,MDE Approver,Penhao.Ma@hp.com,,
AddPrincipalToRole,wt.pdmlink.PDMLinkProduct,HX 2109002-Alloy-Origins-Core-PBT,MDE Approver,Penhao.Ma@hp.com,,
AddPrincipalToRole,wt.pdmlink.PDMLinkProduct,HX 2109003-Olmec-Rubber-Keycap,MDE Approver,Penhao.Ma@hp.com,,
AddPrincipalToRole,wt.pdmlink.PDMLinkProduct,HX 2109004-Standalong-PBT-Keycap,MDE Approver,Penhao.Ma@hp.com,,
AddPrincipalToRole,wt.pdmlink.PDMLinkProduct,HX 2112001-Pulsefire-Hibiki-Wireless,MDE Approver,Penhao.Ma@hp.com,,
AddPrincipalToRole,wt.pdmlink.PDMLinkProduct,HX 2112002-Pulsefire-Yamazaki-Wired,MDE Approver,Penhao.Ma@hp.com,,
AddPrincipalToRole,wt.pdmlink.PDMLinkProduct,HX 1602001-Alloy-FPS,Reviewer,Linus.Chien@hp.com,,
AddPrincipalToRole,wt.pdmlink.PDMLinkProduct,HX 1604001-Pulsefire-FPS,Reviewer,Linus.Chien@hp.com,,
AddPrincipalToRole,wt.pdmlink.PDMLinkProduct,HX 1604007-Alloy-Elite,Reviewer,Linus.Chien@hp.com,,
AddPrincipalToRole,wt.pdmlink.PDMLinkProduct,HX 1612003-Alloy-FPS-Pro,Reviewer,Linus.Chien@hp.com,,
AddPrincipalToRole,wt.pdmlink.PDMLinkProduct,HX 1701001-MOBA-keycap,Reviewer,Linus.Chien@hp.com,,
AddPrincipalToRole,wt.pdmlink.PDMLinkProduct,HX 1703004-Amp,Reviewer,Linus.Chien@hp.com,,
AddPrincipalToRole,wt.pdmlink.PDMLinkProduct,HX 1704002-Pulsefire-Surge,Reviewer,Linus.Chien@hp.com,,
AddPrincipalToRole,wt.pdmlink.PDMLinkProduct,HX 1704003-ChargePlay-Duo-PS4,Reviewer,Linus.Chien@hp.com,,
AddPrincipalToRole,wt.pdmlink.PDMLinkProduct,HX 1706002-Mars,Reviewer,Linus.Chien@hp.com,,
AddPrincipalToRole,wt.pdmlink.PDMLinkProduct,HX 1707001-Thai-Keycap,Reviewer,Linus.Chien@hp.com,,
AddPrincipalToRole,wt.pdmlink.PDMLinkProduct,HX 1707003-Alloy-Core,Reviewer,Linus.Chien@hp.com,,
AddPrincipalToRole,wt.pdmlink.PDMLinkProduct,HX 1708002-Cloud-MIX,Reviewer,Linus.Chien@hp.com,,
AddPrincipalToRole,wt.pdmlink.PDMLinkProduct,HX 1708003-Cloud-II,Reviewer,Linus.Chien@hp.com,,
AddPrincipalToRole,wt.pdmlink.PDMLinkProduct,HX 1708004-Cloud-Alpha,Reviewer,Linus.Chien@hp.com,,
AddPrincipalToRole,wt.pdmlink.PDMLinkProduct,HX 1709001-Pulsefire-FPS-Pro-RGB,Reviewer,Linus.Chien@hp.com,,
AddPrincipalToRole,wt.pdmlink.PDMLinkProduct,HX 1712001-Cloud-Revolver-Ultra,Reviewer,Linus.Chien@hp.com,,
AddPrincipalToRole,wt.pdmlink.PDMLinkProduct,HX 1712002-Pulsefire-Core,Reviewer,Linus.Chien@hp.com,,
AddPrincipalToRole,wt.pdmlink.PDMLinkProduct,HX 1712008-Cloud-Earbuds,Reviewer,Linus.Chien@hp.com,,
AddPrincipalToRole,wt.pdmlink.PDMLinkProduct,HX 1712009-Cloud-Stinger-Core,Reviewer,Linus.Chien@hp.com,,
AddPrincipalToRole,wt.pdmlink.PDMLinkProduct,HX 1801003-ChargePlay-Quad,Reviewer,Linus.Chien@hp.com,,
AddPrincipalToRole,wt.pdmlink.PDMLinkProduct,HX 1803003-QuadCast,Reviewer,Linus.Chien@hp.com,,
AddPrincipalToRole,wt.pdmlink.PDMLinkProduct,HX 1804001-ChargePlay-Duo-XB1,Reviewer,Linus.Chien@hp.com,,
AddPrincipalToRole,wt.pdmlink.PDMLinkProduct,HX 1804003-Cloud-Alpha-S,Reviewer,Linus.Chien@hp.com,,
AddPrincipalToRole,wt.pdmlink.PDMLinkProduct,HX 1804005-CloudX-Flight,Reviewer,Linus.Chien@hp.com,,
AddPrincipalToRole,wt.pdmlink.PDMLinkProduct,HX 1804006-Cloud-Flight-S,Reviewer,Linus.Chien@hp.com,,
AddPrincipalToRole,wt.pdmlink.PDMLinkProduct,HX 1804007-Pulsefire-Dart,Reviewer,Linus.Chien@hp.com,,
AddPrincipalToRole,wt.pdmlink.PDMLinkProduct,HX 1804008-ChargePlay-Base,Reviewer,Linus.Chien@hp.com,,
AddPrincipalToRole,wt.pdmlink.PDMLinkProduct,HX 1806004-ChargePlay-Clutch-For-Nintendo-Switch,Reviewer,Linus.Chien@hp.com,,
AddPrincipalToRole,wt.pdmlink.PDMLinkProduct,HX 1806006-Pulsefire-Raid,Reviewer,Linus.Chien@hp.com,,
AddPrincipalToRole,wt.pdmlink.PDMLinkProduct,HX 1807002-Alloy-Origins,Reviewer,Linus.Chien@hp.com,,
AddPrincipalToRole,wt.pdmlink.PDMLinkProduct,HX 1807004-Cloud-MIX-II,Reviewer,Linus.Chien@hp.com,,
AddPrincipalToRole,wt.pdmlink.PDMLinkProduct,HX 1808002-Alloy-Origins-Core,Reviewer,Linus.Chien@hp.com,,
AddPrincipalToRole,wt.pdmlink.PDMLinkProduct,HX 1808003-Cloud-Chat,Reviewer,Linus.Chien@hp.com,,
AddPrincipalToRole,wt.pdmlink.PDMLinkProduct,HX 1808007-ChargePlay-Clutch-For-Mobile,Reviewer,Linus.Chien@hp.com,,
AddPrincipalToRole,wt.pdmlink.PDMLinkProduct,HX 1810001-Cloud-Stinger-Wireless,Reviewer,Linus.Chien@hp.com,,
AddPrincipalToRole,wt.pdmlink.PDMLinkProduct,HX 1810003-Cloud-Orbit,Reviewer,Linus.Chien@hp.com,,
AddPrincipalToRole,wt.pdmlink.PDMLinkProduct,HX 1811001-SoloCast,Reviewer,Linus.Chien@hp.com,,
AddPrincipalToRole,wt.pdmlink.PDMLinkProduct,HX 1901001-Fury-Ultra,Reviewer,Linus.Chien@hp.com,,
AddPrincipalToRole,wt.pdmlink.PDMLinkProduct,HX 1901003-Cloud-II-Wireless,Reviewer,Linus.Chien@hp.com,,
AddPrincipalToRole,wt.pdmlink.PDMLinkProduct,HX 1904006-Cloud-Sapphire,Reviewer,Linus.Chien@hp.com,,
AddPrincipalToRole,wt.pdmlink.PDMLinkProduct,HX 1905004-Cloud-Stinger-Core-7.1-Wired,Reviewer,Linus.Chien@hp.com,,
AddPrincipalToRole,wt.pdmlink.PDMLinkProduct,HX 1905005-Cloud-Stinger-Core-7.1-Wireless,Reviewer,Linus.Chien@hp.com,,
AddPrincipalToRole,wt.pdmlink.PDMLinkProduct,HX 1906003-Alloy-Elite-2,Reviewer,Linus.Chien@hp.com,,
AddPrincipalToRole,wt.pdmlink.PDMLinkProduct,HX 1906004-Quadcast-S,Reviewer,Linus.Chien@hp.com,,
AddPrincipalToRole,wt.pdmlink.PDMLinkProduct,HX 1906006-Cloud-Earbuds-BT,Reviewer,Linus.Chien@hp.com,,
AddPrincipalToRole,wt.pdmlink.PDMLinkProduct,HX 1907004-Cloud-Stinger-S,Reviewer,Linus.Chien@hp.com,,
AddPrincipalToRole,wt.pdmlink.PDMLinkProduct,HX 1908001-Pudding-Keycap-PBT-Double-Shot,Reviewer,Linus.Chien@hp.com,,
AddPrincipalToRole,wt.pdmlink.PDMLinkProduct,HX 1909001-Cloud-Core-7.1,Reviewer,Linus.Chien@hp.com,,
AddPrincipalToRole,wt.pdmlink.PDMLinkProduct,HX 1909003-Pudding-Keycap-ABS-Painted,Reviewer,Linus.Chien@hp.com,,
AddPrincipalToRole,wt.pdmlink.PDMLinkProduct,HX 1910006-Alloy-Skyforge,Reviewer,Linus.Chien@hp.com,,
AddPrincipalToRole,wt.pdmlink.PDMLinkProduct,HX 1910007-Pulsefire-Haste,Reviewer,Linus.Chien@hp.com,,
AddPrincipalToRole,wt.pdmlink.PDMLinkProduct,HX 1910008-Modular-40-driver,Reviewer,Linus.Chien@hp.com,,
AddPrincipalToRole,wt.pdmlink.PDMLinkProduct,HX 1911004-HyperX-x-Ducky-One-2-Mini,Reviewer,Linus.Chien@hp.com,,
AddPrincipalToRole,wt.pdmlink.PDMLinkProduct,HX 1912001-Cloud-Alpha-Wireless,Reviewer,Linus.Chien@hp.com,,
AddPrincipalToRole,wt.pdmlink.PDMLinkProduct,HX 1912002-Cloud-Revolver,Reviewer,Linus.Chien@hp.com,,
AddPrincipalToRole,wt.pdmlink.PDMLinkProduct,HX 2001001-CloudX-Stinger-Core-Wireless,Reviewer,Linus.Chien@hp.com,,
AddPrincipalToRole,wt.pdmlink.PDMLinkProduct,HX 2002001-Alloy-Origins-60,Reviewer,Linus.Chien@hp.com,,
AddPrincipalToRole,wt.pdmlink.PDMLinkProduct,HX 2003001-Mammoth,Reviewer,Linus.Chien@hp.com,,
AddPrincipalToRole,wt.pdmlink.PDMLinkProduct,HX 2006001-Cloud-Flight,Reviewer,Linus.Chien@hp.com,,
AddPrincipalToRole,wt.pdmlink.PDMLinkProduct,HX 2006002-Cloud-II-CD,Reviewer,Linus.Chien@hp.com,,
AddPrincipalToRole,wt.pdmlink.PDMLinkProduct,HX 2006004-Cloud-CD,Reviewer,Linus.Chien@hp.com,,
AddPrincipalToRole,wt.pdmlink.PDMLinkProduct,HX 2006005-Quadcast-CD,Reviewer,Linus.Chien@hp.com,,
AddPrincipalToRole,wt.pdmlink.PDMLinkProduct,HX 2006006-Cloud-Stinger,Reviewer,Linus.Chien@hp.com,,
AddPrincipalToRole,wt.pdmlink.PDMLinkProduct,HX 2008001-Pulsefire-Haste-Wireless,Reviewer,Linus.Chien@hp.com,,
AddPrincipalToRole,wt.pdmlink.PDMLinkProduct,HX 2009001-Cloud-Core-Wireless,Reviewer,Linus.Chien@hp.com,,
AddPrincipalToRole,wt.pdmlink.PDMLinkProduct,HX 2009002-Module-50-dual-chamber-driver,Reviewer,Linus.Chien@hp.com,,
AddPrincipalToRole,wt.pdmlink.PDMLinkProduct,HX 2009003-Duocast,Reviewer,Linus.Chien@hp.com,,
AddPrincipalToRole,wt.pdmlink.PDMLinkProduct,HX 2102001-Cloud-Orca,Reviewer,Linus.Chien@hp.com,,
AddPrincipalToRole,wt.pdmlink.PDMLinkProduct,HX 2104001-Knight-Xbox-Controller,Reviewer,Linus.Chien@hp.com,,
AddPrincipalToRole,wt.pdmlink.PDMLinkProduct,HX 2104002-xCAST,Reviewer,Linus.Chien@hp.com,,
AddPrincipalToRole,wt.pdmlink.PDMLinkProduct,HX 2104003-Pulsefire-Nikka-Wireless,Reviewer,Linus.Chien@hp.com,,
AddPrincipalToRole,wt.pdmlink.PDMLinkProduct,HX 2104004-Olmec-Rubber-Keycap,Reviewer,Linus.Chien@hp.com,,
AddPrincipalToRole,wt.pdmlink.PDMLinkProduct,HX 2104005-ChargePlay-Duo-For-PS5,Reviewer,Linus.Chien@hp.com,,
AddPrincipalToRole,wt.pdmlink.PDMLinkProduct,HX 2104006-Nano-Mobile-Controller,Reviewer,Linus.Chien@hp.com,,
AddPrincipalToRole,wt.pdmlink.PDMLinkProduct,HX 2104007-Alloy-Origins-65,Reviewer,Linus.Chien@hp.com,,
AddPrincipalToRole,wt.pdmlink.PDMLinkProduct,HX 2104008-Cloud-Stinger-II-Wired,Reviewer,Linus.Chien@hp.com,,
AddPrincipalToRole,wt.pdmlink.PDMLinkProduct,HX 2104009-Cloud-Stinger-II-Wireless,Reviewer,Linus.Chien@hp.com,,
AddPrincipalToRole,wt.pdmlink.PDMLinkProduct,HX 2106001-Cloud-Stinger-II-Core,Reviewer,Linus.Chien@hp.com,,
AddPrincipalToRole,wt.pdmlink.PDMLinkProduct,HX 2109001-Alloy-Origins-PBT,Reviewer,Linus.Chien@hp.com,,
AddPrincipalToRole,wt.pdmlink.PDMLinkProduct,HX 2109002-Alloy-Origins-Core-PBT,Reviewer,Linus.Chien@hp.com,,
AddPrincipalToRole,wt.pdmlink.PDMLinkProduct,HX 2109003-Olmec-Rubber-Keycap,Reviewer,Linus.Chien@hp.com,,
AddPrincipalToRole,wt.pdmlink.PDMLinkProduct,HX 2109004-Standalong-PBT-Keycap,Reviewer,Linus.Chien@hp.com,,
AddPrincipalToRole,wt.pdmlink.PDMLinkProduct,HX 2112001-Pulsefire-Hibiki-Wireless,Reviewer,Linus.Chien@hp.com,,
AddPrincipalToRole,wt.pdmlink.PDMLinkProduct,HX 2112002-Pulsefire-Yamazaki-Wired,Reviewer,Linus.Chien@hp.com,,
