<?xml version="1.0" ?><!DOCTYPE NmLoader SYSTEM "standard11_1.dtd">
<NmLoader>
<csvUser handler="wt.load.LoadUser.createUser" >
    <csvuser></csvuser>
    <csvnewUser>ScottLY.Chen@hp.com</csvnewUser>
    <csvwebServerID>ScottLY.Chen@hp.com</csvwebServerID>
    <csvfullName>ScottLY Chen</csvfullName>
    <csvLast>Chen</csvLast>
    <csvLocale></csvLocale>
    <csvEmail>ScottLY.Chen@hp.com</csvEmail>
    <csvDescription></csvDescription>
    <csvTitle></csvTitle>
    <csvOrganization>Hewlett-Packard</csvOrganization>
    <csvStreet1></csvStreet1>
    <csvStreet2></csvStreet2>
    <csvCity></csvCity>
    <csvState></csvState>
    <csvCountry></csvCountry>
    <csvZipCode></csvZipCode>
    <csvignore></csvignore>
    <csvpassword>sandbox</csvpassword>
    <csvDirectoryService></csvDirectoryService>
    <csvAllowLdapSync></csvAllowLdapSync>
    <csvTelephoneNo></csvTelephoneNo>
    <csvMobileTelephoneNo></csvMobileTelephoneNo>
    <csvFaxNo></csvFaxNo>
    <csvUserDomain></csvUserDomain>
    <csvCabinetDomain></csvCabinetDomain>
</csvUser>

<csvUser handler="wt.load.LoadUser.createUser" >
    <csvuser></csvuser>
    <csvnewUser>Alex.Gu1@hp.com</csvnewUser>
    <csvwebServerID>Alex.Gu1@hp.com</csvwebServerID>
    <csvfullName>Alex Gu</csvfullName>
    <csvLast>Gu</csvLast>
    <csvLocale></csvLocale>
    <csvEmail>Alex.Gu1@hp.com</csvEmail>
    <csvDescription></csvDescription>
    <csvTitle></csvTitle>
    <csvOrganization>Hewlett-Packard</csvOrganization>
    <csvStreet1></csvStreet1>
    <csvStreet2></csvStreet2>
    <csvCity></csvCity>
    <csvState></csvState>
    <csvCountry></csvCountry>
    <csvZipCode></csvZipCode>
    <csvignore></csvignore>
    <csvpassword>sandbox</csvpassword>
    <csvDirectoryService></csvDirectoryService>
    <csvAllowLdapSync></csvAllowLdapSync>
    <csvTelephoneNo></csvTelephoneNo>
    <csvMobileTelephoneNo></csvMobileTelephoneNo>
    <csvFaxNo></csvFaxNo>
    <csvUserDomain></csvUserDomain>
    <csvCabinetDomain></csvCabinetDomain>
</csvUser>

<csvUser handler="wt.load.LoadUser.createUser" >
    <csvuser></csvuser>
    <csvnewUser>Ethan.Chen@hp.com</csvnewUser>
    <csvwebServerID>Ethan.Chen@hp.com</csvwebServerID>
    <csvfullName>Ethan Chen</csvfullName>
    <csvLast>Chen</csvLast>
    <csvLocale></csvLocale>
    <csvEmail>Ethan.Chen@hp.com</csvEmail>
    <csvDescription></csvDescription>
    <csvTitle></csvTitle>
    <csvOrganization>Hewlett-Packard</csvOrganization>
    <csvStreet1></csvStreet1>
    <csvStreet2></csvStreet2>
    <csvCity></csvCity>
    <csvState></csvState>
    <csvCountry></csvCountry>
    <csvZipCode></csvZipCode>
    <csvignore></csvignore>
    <csvpassword>sandbox</csvpassword>
    <csvDirectoryService></csvDirectoryService>
    <csvAllowLdapSync></csvAllowLdapSync>
    <csvTelephoneNo></csvTelephoneNo>
    <csvMobileTelephoneNo></csvMobileTelephoneNo>
    <csvFaxNo></csvFaxNo>
    <csvUserDomain></csvUserDomain>
    <csvCabinetDomain></csvCabinetDomain>
</csvUser>

<csvUser handler="wt.load.LoadUser.createUser" >
    <csvuser></csvuser>
    <csvnewUser>Carol.Wu@hp.com</csvnewUser>
    <csvwebServerID>Carol.Wu@hp.com</csvwebServerID>
    <csvfullName>Carol Wu</csvfullName>
    <csvLast>Wu</csvLast>
    <csvLocale></csvLocale>
    <csvEmail>Carol.Wu@hp.com</csvEmail>
    <csvDescription></csvDescription>
    <csvTitle></csvTitle>
    <csvOrganization>Hewlett-Packard</csvOrganization>
    <csvStreet1></csvStreet1>
    <csvStreet2></csvStreet2>
    <csvCity></csvCity>
    <csvState></csvState>
    <csvCountry></csvCountry>
    <csvZipCode></csvZipCode>
    <csvignore></csvignore>
    <csvpassword>sandbox</csvpassword>
    <csvDirectoryService></csvDirectoryService>
    <csvAllowLdapSync></csvAllowLdapSync>
    <csvTelephoneNo></csvTelephoneNo>
    <csvMobileTelephoneNo></csvMobileTelephoneNo>
    <csvFaxNo></csvFaxNo>
    <csvUserDomain></csvUserDomain>
    <csvCabinetDomain></csvCabinetDomain>
</csvUser>

<csvUser handler="wt.load.LoadUser.createUser" >
    <csvuser></csvuser>
    <csvnewUser>Fay.Ho@hp.com</csvnewUser>
    <csvwebServerID>Fay.Ho@hp.com</csvwebServerID>
    <csvfullName>Fay Ho</csvfullName>
    <csvLast>Ho</csvLast>
    <csvLocale></csvLocale>
    <csvEmail>Fay.Ho@hp.com</csvEmail>
    <csvDescription></csvDescription>
    <csvTitle></csvTitle>
    <csvOrganization>Hewlett-Packard</csvOrganization>
    <csvStreet1></csvStreet1>
    <csvStreet2></csvStreet2>
    <csvCity></csvCity>
    <csvState></csvState>
    <csvCountry></csvCountry>
    <csvZipCode></csvZipCode>
    <csvignore></csvignore>
    <csvpassword>sandbox</csvpassword>
    <csvDirectoryService></csvDirectoryService>
    <csvAllowLdapSync></csvAllowLdapSync>
    <csvTelephoneNo></csvTelephoneNo>
    <csvMobileTelephoneNo></csvMobileTelephoneNo>
    <csvFaxNo></csvFaxNo>
    <csvUserDomain></csvUserDomain>
    <csvCabinetDomain></csvCabinetDomain>
</csvUser>

<csvUser handler="wt.load.LoadUser.createUser" >
    <csvuser></csvuser>
    <csvnewUser>Bain.Tzeng@hp.com</csvnewUser>
    <csvwebServerID>Bain.Tzeng@hp.com</csvwebServerID>
    <csvfullName>Bain Tzeng</csvfullName>
    <csvLast>Tzeng</csvLast>
    <csvLocale></csvLocale>
    <csvEmail>Bain.Tzeng@hp.com</csvEmail>
    <csvDescription></csvDescription>
    <csvTitle></csvTitle>
    <csvOrganization>Hewlett-Packard</csvOrganization>
    <csvStreet1></csvStreet1>
    <csvStreet2></csvStreet2>
    <csvCity></csvCity>
    <csvState></csvState>
    <csvCountry></csvCountry>
    <csvZipCode></csvZipCode>
    <csvignore></csvignore>
    <csvpassword>sandbox</csvpassword>
    <csvDirectoryService></csvDirectoryService>
    <csvAllowLdapSync></csvAllowLdapSync>
    <csvTelephoneNo></csvTelephoneNo>
    <csvMobileTelephoneNo></csvMobileTelephoneNo>
    <csvFaxNo></csvFaxNo>
    <csvUserDomain></csvUserDomain>
    <csvCabinetDomain></csvCabinetDomain>
</csvUser>

<csvUser handler="wt.load.LoadUser.createUser" >
    <csvuser></csvuser>
    <csvnewUser>Carter.Lai@hp.com</csvnewUser>
    <csvwebServerID>Carter.Lai@hp.com</csvwebServerID>
    <csvfullName>Carter Lai</csvfullName>
    <csvLast>Lai</csvLast>
    <csvLocale></csvLocale>
    <csvEmail>Carter.Lai@hp.com</csvEmail>
    <csvDescription></csvDescription>
    <csvTitle></csvTitle>
    <csvOrganization>Hewlett-Packard</csvOrganization>
    <csvStreet1></csvStreet1>
    <csvStreet2></csvStreet2>
    <csvCity></csvCity>
    <csvState></csvState>
    <csvCountry></csvCountry>
    <csvZipCode></csvZipCode>
    <csvignore></csvignore>
    <csvpassword>sandbox</csvpassword>
    <csvDirectoryService></csvDirectoryService>
    <csvAllowLdapSync></csvAllowLdapSync>
    <csvTelephoneNo></csvTelephoneNo>
    <csvMobileTelephoneNo></csvMobileTelephoneNo>
    <csvFaxNo></csvFaxNo>
    <csvUserDomain></csvUserDomain>
    <csvCabinetDomain></csvCabinetDomain>
</csvUser>

<csvUser handler="wt.load.LoadUser.createUser" >
    <csvuser></csvuser>
    <csvnewUser>Kyle.Yu@hp.com</csvnewUser>
    <csvwebServerID>Kyle.Yu@hp.com</csvwebServerID>
    <csvfullName>Kyle Yu</csvfullName>
    <csvLast>Yu</csvLast>
    <csvLocale></csvLocale>
    <csvEmail>Kyle.Yu@hp.com</csvEmail>
    <csvDescription></csvDescription>
    <csvTitle></csvTitle>
    <csvOrganization>Hewlett-Packard</csvOrganization>
    <csvStreet1></csvStreet1>
    <csvStreet2></csvStreet2>
    <csvCity></csvCity>
    <csvState></csvState>
    <csvCountry></csvCountry>
    <csvZipCode></csvZipCode>
    <csvignore></csvignore>
    <csvpassword>sandbox</csvpassword>
    <csvDirectoryService></csvDirectoryService>
    <csvAllowLdapSync></csvAllowLdapSync>
    <csvTelephoneNo></csvTelephoneNo>
    <csvMobileTelephoneNo></csvMobileTelephoneNo>
    <csvFaxNo></csvFaxNo>
    <csvUserDomain></csvUserDomain>
    <csvCabinetDomain></csvCabinetDomain>
</csvUser>

<csvUser handler="wt.load.LoadUser.createUser" >
    <csvuser></csvuser>
    <csvnewUser>Allison.Hu@hp.com_Disabled</csvnewUser>
    <csvwebServerID>Allison.Hu@hp.com_Disabled</csvwebServerID>
    <csvfullName>Allison Hu_LeftTheCompany</csvfullName>
    <csvLast>Hu</csvLast>
    <csvLocale></csvLocale>
    <csvEmail></csvEmail>
    <csvDescription></csvDescription>
    <csvTitle></csvTitle>
    <csvOrganization>Hewlett-Packard</csvOrganization>
    <csvStreet1></csvStreet1>
    <csvStreet2></csvStreet2>
    <csvCity></csvCity>
    <csvState></csvState>
    <csvCountry></csvCountry>
    <csvZipCode></csvZipCode>
    <csvignore></csvignore>
    <csvpassword>sandbox</csvpassword>
    <csvDirectoryService></csvDirectoryService>
    <csvAllowLdapSync></csvAllowLdapSync>
    <csvTelephoneNo></csvTelephoneNo>
    <csvMobileTelephoneNo></csvMobileTelephoneNo>
    <csvFaxNo></csvFaxNo>
    <csvUserDomain></csvUserDomain>
    <csvCabinetDomain></csvCabinetDomain>
</csvUser>

<csvUser handler="wt.load.LoadUser.createUser" >
    <csvuser></csvuser>
    <csvnewUser>Stefan.Yu@hp.com</csvnewUser>
    <csvwebServerID>Stefan.Yu@hp.com</csvwebServerID>
    <csvfullName>Stefan Yu</csvfullName>
    <csvLast>Yu</csvLast>
    <csvLocale></csvLocale>
    <csvEmail>Stefan.Yu@hp.com</csvEmail>
    <csvDescription></csvDescription>
    <csvTitle></csvTitle>
    <csvOrganization>Hewlett-Packard</csvOrganization>
    <csvStreet1></csvStreet1>
    <csvStreet2></csvStreet2>
    <csvCity></csvCity>
    <csvState></csvState>
    <csvCountry></csvCountry>
    <csvZipCode></csvZipCode>
    <csvignore></csvignore>
    <csvpassword>sandbox</csvpassword>
    <csvDirectoryService></csvDirectoryService>
    <csvAllowLdapSync></csvAllowLdapSync>
    <csvTelephoneNo></csvTelephoneNo>
    <csvMobileTelephoneNo></csvMobileTelephoneNo>
    <csvFaxNo></csvFaxNo>
    <csvUserDomain></csvUserDomain>
    <csvCabinetDomain></csvCabinetDomain>
</csvUser>

<csvUser handler="wt.load.LoadUser.createUser" >
    <csvuser></csvuser>
    <csvnewUser>Finn.Yin@hp.com_Disabled</csvnewUser>
    <csvwebServerID>Finn.Yin@hp.com_Disabled</csvwebServerID>
    <csvfullName>Finn Yin_LeftTheCompany</csvfullName>
    <csvLast>Yin</csvLast>
    <csvLocale></csvLocale>
    <csvEmail></csvEmail>
    <csvDescription></csvDescription>
    <csvTitle></csvTitle>
    <csvOrganization>Hewlett-Packard</csvOrganization>
    <csvStreet1></csvStreet1>
    <csvStreet2></csvStreet2>
    <csvCity></csvCity>
    <csvState></csvState>
    <csvCountry></csvCountry>
    <csvZipCode></csvZipCode>
    <csvignore></csvignore>
    <csvpassword>sandbox</csvpassword>
    <csvDirectoryService></csvDirectoryService>
    <csvAllowLdapSync></csvAllowLdapSync>
    <csvTelephoneNo></csvTelephoneNo>
    <csvMobileTelephoneNo></csvMobileTelephoneNo>
    <csvFaxNo></csvFaxNo>
    <csvUserDomain></csvUserDomain>
    <csvCabinetDomain></csvCabinetDomain>
</csvUser>

<csvUser handler="wt.load.LoadUser.createUser" >
    <csvuser></csvuser>
    <csvnewUser>Smile.Lin@hp.com_Disabled</csvnewUser>
    <csvwebServerID>Smile.Lin@hp.com_Disabled</csvwebServerID>
    <csvfullName>Smile Lin_LeftTheCompany</csvfullName>
    <csvLast>Lin</csvLast>
    <csvLocale></csvLocale>
    <csvEmail></csvEmail>
    <csvDescription></csvDescription>
    <csvTitle></csvTitle>
    <csvOrganization>Hewlett-Packard</csvOrganization>
    <csvStreet1></csvStreet1>
    <csvStreet2></csvStreet2>
    <csvCity></csvCity>
    <csvState></csvState>
    <csvCountry></csvCountry>
    <csvZipCode></csvZipCode>
    <csvignore></csvignore>
    <csvpassword>sandbox</csvpassword>
    <csvDirectoryService></csvDirectoryService>
    <csvAllowLdapSync></csvAllowLdapSync>
    <csvTelephoneNo></csvTelephoneNo>
    <csvMobileTelephoneNo></csvMobileTelephoneNo>
    <csvFaxNo></csvFaxNo>
    <csvUserDomain></csvUserDomain>
    <csvCabinetDomain></csvCabinetDomain>
</csvUser>

<csvUser handler="wt.load.LoadUser.createUser" >
    <csvuser></csvuser>
    <csvnewUser>Glason.Chou@hp.com</csvnewUser>
    <csvwebServerID>Glason.Chou@hp.com</csvwebServerID>
    <csvfullName>Glason Chou</csvfullName>
    <csvLast>Chou</csvLast>
    <csvLocale></csvLocale>
    <csvEmail>Glason.Chou@hp.com</csvEmail>
    <csvDescription></csvDescription>
    <csvTitle></csvTitle>
    <csvOrganization>Hewlett-Packard</csvOrganization>
    <csvStreet1></csvStreet1>
    <csvStreet2></csvStreet2>
    <csvCity></csvCity>
    <csvState></csvState>
    <csvCountry></csvCountry>
    <csvZipCode></csvZipCode>
    <csvignore></csvignore>
    <csvpassword>sandbox</csvpassword>
    <csvDirectoryService></csvDirectoryService>
    <csvAllowLdapSync></csvAllowLdapSync>
    <csvTelephoneNo></csvTelephoneNo>
    <csvMobileTelephoneNo></csvMobileTelephoneNo>
    <csvFaxNo></csvFaxNo>
    <csvUserDomain></csvUserDomain>
    <csvCabinetDomain></csvCabinetDomain>
</csvUser>

<csvUser handler="wt.load.LoadUser.createUser" >
    <csvuser></csvuser>
    <csvnewUser>Charlson.Chang@hp.com</csvnewUser>
    <csvwebServerID>Charlson.Chang@hp.com</csvwebServerID>
    <csvfullName>Charlson Chang</csvfullName>
    <csvLast>Chang</csvLast>
    <csvLocale></csvLocale>
    <csvEmail>Charlson.Chang@hp.com</csvEmail>
    <csvDescription></csvDescription>
    <csvTitle></csvTitle>
    <csvOrganization>Hewlett-Packard</csvOrganization>
    <csvStreet1></csvStreet1>
    <csvStreet2></csvStreet2>
    <csvCity></csvCity>
    <csvState></csvState>
    <csvCountry></csvCountry>
    <csvZipCode></csvZipCode>
    <csvignore></csvignore>
    <csvpassword>sandbox</csvpassword>
    <csvDirectoryService></csvDirectoryService>
    <csvAllowLdapSync></csvAllowLdapSync>
    <csvTelephoneNo></csvTelephoneNo>
    <csvMobileTelephoneNo></csvMobileTelephoneNo>
    <csvFaxNo></csvFaxNo>
    <csvUserDomain></csvUserDomain>
    <csvCabinetDomain></csvCabinetDomain>
</csvUser>

<csvUser handler="wt.load.LoadUser.createUser" >
    <csvuser></csvuser>
    <csvnewUser>Bruce.Ho@hp.com</csvnewUser>
    <csvwebServerID>Bruce.Ho@hp.com</csvwebServerID>
    <csvfullName>Bruce Ho</csvfullName>
    <csvLast>Ho</csvLast>
    <csvLocale></csvLocale>
    <csvEmail>Bruce.Ho@hp.com</csvEmail>
    <csvDescription></csvDescription>
    <csvTitle></csvTitle>
    <csvOrganization>Hewlett-Packard</csvOrganization>
    <csvStreet1></csvStreet1>
    <csvStreet2></csvStreet2>
    <csvCity></csvCity>
    <csvState></csvState>
    <csvCountry></csvCountry>
    <csvZipCode></csvZipCode>
    <csvignore></csvignore>
    <csvpassword>sandbox</csvpassword>
    <csvDirectoryService></csvDirectoryService>
    <csvAllowLdapSync></csvAllowLdapSync>
    <csvTelephoneNo></csvTelephoneNo>
    <csvMobileTelephoneNo></csvMobileTelephoneNo>
    <csvFaxNo></csvFaxNo>
    <csvUserDomain></csvUserDomain>
    <csvCabinetDomain></csvCabinetDomain>
</csvUser>

<csvUser handler="wt.load.LoadUser.createUser" >
    <csvuser></csvuser>
    <csvnewUser>Wells.Wang@hp.com</csvnewUser>
    <csvwebServerID>Wells.Wang@hp.com</csvwebServerID>
    <csvfullName>Wells Wang</csvfullName>
    <csvLast>Wang</csvLast>
    <csvLocale></csvLocale>
    <csvEmail>Wells.Wang@hp.com</csvEmail>
    <csvDescription></csvDescription>
    <csvTitle></csvTitle>
    <csvOrganization>Hewlett-Packard</csvOrganization>
    <csvStreet1></csvStreet1>
    <csvStreet2></csvStreet2>
    <csvCity></csvCity>
    <csvState></csvState>
    <csvCountry></csvCountry>
    <csvZipCode></csvZipCode>
    <csvignore></csvignore>
    <csvpassword>sandbox</csvpassword>
    <csvDirectoryService></csvDirectoryService>
    <csvAllowLdapSync></csvAllowLdapSync>
    <csvTelephoneNo></csvTelephoneNo>
    <csvMobileTelephoneNo></csvMobileTelephoneNo>
    <csvFaxNo></csvFaxNo>
    <csvUserDomain></csvUserDomain>
    <csvCabinetDomain></csvCabinetDomain>
</csvUser>

<csvUser handler="wt.load.LoadUser.createUser" >
    <csvuser></csvuser>
    <csvnewUser>Jeff.Wang@hp.com</csvnewUser>
    <csvwebServerID>Jeff.Wang@hp.com</csvwebServerID>
    <csvfullName>Jeff Wang</csvfullName>
    <csvLast>Wang</csvLast>
    <csvLocale></csvLocale>
    <csvEmail>Jeff.Wang@hp.com</csvEmail>
    <csvDescription></csvDescription>
    <csvTitle></csvTitle>
    <csvOrganization>Hewlett-Packard</csvOrganization>
    <csvStreet1></csvStreet1>
    <csvStreet2></csvStreet2>
    <csvCity></csvCity>
    <csvState></csvState>
    <csvCountry></csvCountry>
    <csvZipCode></csvZipCode>
    <csvignore></csvignore>
    <csvpassword>sandbox</csvpassword>
    <csvDirectoryService></csvDirectoryService>
    <csvAllowLdapSync></csvAllowLdapSync>
    <csvTelephoneNo></csvTelephoneNo>
    <csvMobileTelephoneNo></csvMobileTelephoneNo>
    <csvFaxNo></csvFaxNo>
    <csvUserDomain></csvUserDomain>
    <csvCabinetDomain></csvCabinetDomain>
</csvUser>

<csvUser handler="wt.load.LoadUser.createUser" >
    <csvuser></csvuser>
    <csvnewUser>Una.Kuo@hp.com</csvnewUser>
    <csvwebServerID>Una.Kuo@hp.com</csvwebServerID>
    <csvfullName>Una Kuo</csvfullName>
    <csvLast>Kuo</csvLast>
    <csvLocale></csvLocale>
    <csvEmail>Una.Kuo@hp.com</csvEmail>
    <csvDescription></csvDescription>
    <csvTitle></csvTitle>
    <csvOrganization>Hewlett-Packard</csvOrganization>
    <csvStreet1></csvStreet1>
    <csvStreet2></csvStreet2>
    <csvCity></csvCity>
    <csvState></csvState>
    <csvCountry></csvCountry>
    <csvZipCode></csvZipCode>
    <csvignore></csvignore>
    <csvpassword>sandbox</csvpassword>
    <csvDirectoryService></csvDirectoryService>
    <csvAllowLdapSync></csvAllowLdapSync>
    <csvTelephoneNo></csvTelephoneNo>
    <csvMobileTelephoneNo></csvMobileTelephoneNo>
    <csvFaxNo></csvFaxNo>
    <csvUserDomain></csvUserDomain>
    <csvCabinetDomain></csvCabinetDomain>
</csvUser>

<csvUser handler="wt.load.LoadUser.createUser" >
    <csvuser></csvuser>
    <csvnewUser>Darren.Liang@hp.com</csvnewUser>
    <csvwebServerID>Darren.Liang@hp.com</csvwebServerID>
    <csvfullName>Darren Liang</csvfullName>
    <csvLast>Liang</csvLast>
    <csvLocale></csvLocale>
    <csvEmail>Darren.Liang@hp.com</csvEmail>
    <csvDescription></csvDescription>
    <csvTitle></csvTitle>
    <csvOrganization>Hewlett-Packard</csvOrganization>
    <csvStreet1></csvStreet1>
    <csvStreet2></csvStreet2>
    <csvCity></csvCity>
    <csvState></csvState>
    <csvCountry></csvCountry>
    <csvZipCode></csvZipCode>
    <csvignore></csvignore>
    <csvpassword>sandbox</csvpassword>
    <csvDirectoryService></csvDirectoryService>
    <csvAllowLdapSync></csvAllowLdapSync>
    <csvTelephoneNo></csvTelephoneNo>
    <csvMobileTelephoneNo></csvMobileTelephoneNo>
    <csvFaxNo></csvFaxNo>
    <csvUserDomain></csvUserDomain>
    <csvCabinetDomain></csvCabinetDomain>
</csvUser>

<csvUser handler="wt.load.LoadUser.createUser" >
    <csvuser></csvuser>
    <csvnewUser>Penhao.Ma@hp.com</csvnewUser>
    <csvwebServerID>Penhao.Ma@hp.com</csvwebServerID>
    <csvfullName>Penhao Ma</csvfullName>
    <csvLast>Ma</csvLast>
    <csvLocale></csvLocale>
    <csvEmail>Penhao.Ma@hp.com</csvEmail>
    <csvDescription></csvDescription>
    <csvTitle></csvTitle>
    <csvOrganization>Hewlett-Packard</csvOrganization>
    <csvStreet1></csvStreet1>
    <csvStreet2></csvStreet2>
    <csvCity></csvCity>
    <csvState></csvState>
    <csvCountry></csvCountry>
    <csvZipCode></csvZipCode>
    <csvignore></csvignore>
    <csvpassword>sandbox</csvpassword>
    <csvDirectoryService></csvDirectoryService>
    <csvAllowLdapSync></csvAllowLdapSync>
    <csvTelephoneNo></csvTelephoneNo>
    <csvMobileTelephoneNo></csvMobileTelephoneNo>
    <csvFaxNo></csvFaxNo>
    <csvUserDomain></csvUserDomain>
    <csvCabinetDomain></csvCabinetDomain>
</csvUser>

<csvUser handler="wt.load.LoadUser.createUser" >
    <csvuser></csvuser>
    <csvnewUser>Linus.Chien@hp.com</csvnewUser>
    <csvwebServerID>Linus.Chien@hp.com</csvwebServerID>
    <csvfullName>Linus Chien</csvfullName>
    <csvLast>Chien</csvLast>
    <csvLocale></csvLocale>
    <csvEmail>Linus.Chien@hp.com</csvEmail>
    <csvDescription></csvDescription>
    <csvTitle></csvTitle>
    <csvOrganization>Hewlett-Packard</csvOrganization>
    <csvStreet1></csvStreet1>
    <csvStreet2></csvStreet2>
    <csvCity></csvCity>
    <csvState></csvState>
    <csvCountry></csvCountry>
    <csvZipCode></csvZipCode>
    <csvignore></csvignore>
    <csvpassword>sandbox</csvpassword>
    <csvDirectoryService></csvDirectoryService>
    <csvAllowLdapSync></csvAllowLdapSync>
    <csvTelephoneNo></csvTelephoneNo>
    <csvMobileTelephoneNo></csvMobileTelephoneNo>
    <csvFaxNo></csvFaxNo>
    <csvUserDomain></csvUserDomain>
    <csvCabinetDomain></csvCabinetDomain>
</csvUser>

<csvUser handler="wt.load.LoadUser.createUser" >
    <csvuser></csvuser>
    <csvnewUser>Aaron.Wang@hp.com_Disabled</csvnewUser>
    <csvwebServerID>Aaron.Wang@hp.com_Disabled</csvwebServerID>
    <csvfullName>Aaron Wang_LeftTheCompany</csvfullName>
    <csvLast>Wang</csvLast>
    <csvLocale></csvLocale>
    <csvEmail></csvEmail>
    <csvDescription></csvDescription>
    <csvTitle></csvTitle>
    <csvOrganization>Hewlett-Packard</csvOrganization>
    <csvStreet1></csvStreet1>
    <csvStreet2></csvStreet2>
    <csvCity></csvCity>
    <csvState></csvState>
    <csvCountry></csvCountry>
    <csvZipCode></csvZipCode>
    <csvignore></csvignore>
    <csvpassword>sandbox</csvpassword>
    <csvDirectoryService></csvDirectoryService>
    <csvAllowLdapSync></csvAllowLdapSync>
    <csvTelephoneNo></csvTelephoneNo>
    <csvMobileTelephoneNo></csvMobileTelephoneNo>
    <csvFaxNo></csvFaxNo>
    <csvUserDomain></csvUserDomain>
    <csvCabinetDomain></csvCabinetDomain>
</csvUser>

<csvUser handler="wt.load.LoadUser.createUser" >
    <csvuser></csvuser>
    <csvnewUser>kevin.lin1@hp.com</csvnewUser>
    <csvwebServerID>kevin.lin1@hp.com</csvwebServerID>
    <csvfullName>Kevin Lin</csvfullName>
    <csvLast>Lin</csvLast>
    <csvLocale></csvLocale>
    <csvEmail>kevin.lin1@hp.com</csvEmail>
    <csvDescription></csvDescription>
    <csvTitle></csvTitle>
    <csvOrganization>Hewlett-Packard</csvOrganization>
    <csvStreet1></csvStreet1>
    <csvStreet2></csvStreet2>
    <csvCity></csvCity>
    <csvState></csvState>
    <csvCountry></csvCountry>
    <csvZipCode></csvZipCode>
    <csvignore></csvignore>
    <csvpassword>sandbox</csvpassword>
    <csvDirectoryService></csvDirectoryService>
    <csvAllowLdapSync></csvAllowLdapSync>
    <csvTelephoneNo></csvTelephoneNo>
    <csvMobileTelephoneNo></csvMobileTelephoneNo>
    <csvFaxNo></csvFaxNo>
    <csvUserDomain></csvUserDomain>
    <csvCabinetDomain></csvCabinetDomain>
</csvUser>

<csvUser handler="wt.load.LoadUser.createUser" >
    <csvuser></csvuser>
    <csvnewUser>simon.yang2@hp.com</csvnewUser>
    <csvwebServerID>simon.yang2@hp.com</csvwebServerID>
    <csvfullName>Simon Yang</csvfullName>
    <csvLast>Yang</csvLast>
    <csvLocale></csvLocale>
    <csvEmail>simon.yang2@hp.com</csvEmail>
    <csvDescription></csvDescription>
    <csvTitle></csvTitle>
    <csvOrganization>Hewlett-Packard</csvOrganization>
    <csvStreet1></csvStreet1>
    <csvStreet2></csvStreet2>
    <csvCity></csvCity>
    <csvState></csvState>
    <csvCountry></csvCountry>
    <csvZipCode></csvZipCode>
    <csvignore></csvignore>
    <csvpassword>sandbox</csvpassword>
    <csvDirectoryService></csvDirectoryService>
    <csvAllowLdapSync></csvAllowLdapSync>
    <csvTelephoneNo></csvTelephoneNo>
    <csvMobileTelephoneNo></csvMobileTelephoneNo>
    <csvFaxNo></csvFaxNo>
    <csvUserDomain></csvUserDomain>
    <csvCabinetDomain></csvCabinetDomain>
</csvUser>

<csvUser handler="wt.load.LoadUser.createUser" >
    <csvuser></csvuser>
    <csvnewUser>kyle.huang@hp.com</csvnewUser>
    <csvwebServerID>kyle.huang@hp.com</csvwebServerID>
    <csvfullName>Chun Kai Huang</csvfullName>
    <csvLast>Huang</csvLast>
    <csvLocale></csvLocale>
    <csvEmail>kyle.huang@hp.com</csvEmail>
    <csvDescription></csvDescription>
    <csvTitle></csvTitle>
    <csvOrganization>Hewlett-Packard</csvOrganization>
    <csvStreet1></csvStreet1>
    <csvStreet2></csvStreet2>
    <csvCity></csvCity>
    <csvState></csvState>
    <csvCountry></csvCountry>
    <csvZipCode></csvZipCode>
    <csvignore></csvignore>
    <csvpassword>sandbox</csvpassword>
    <csvDirectoryService></csvDirectoryService>
    <csvAllowLdapSync></csvAllowLdapSync>
    <csvTelephoneNo></csvTelephoneNo>
    <csvMobileTelephoneNo></csvMobileTelephoneNo>
    <csvFaxNo></csvFaxNo>
    <csvUserDomain></csvUserDomain>
    <csvCabinetDomain></csvCabinetDomain>
</csvUser>

<csvUser handler="wt.load.LoadUser.createUser" >
    <csvuser></csvuser>
    <csvnewUser>key.liao@hp.com</csvnewUser>
    <csvwebServerID>key.liao@hp.com</csvwebServerID>
    <csvfullName>Key Liao</csvfullName>
    <csvLast>Liao</csvLast>
    <csvLocale></csvLocale>
    <csvEmail>key.liao@hp.com</csvEmail>
    <csvDescription></csvDescription>
    <csvTitle></csvTitle>
    <csvOrganization>Hewlett-Packard</csvOrganization>
    <csvStreet1></csvStreet1>
    <csvStreet2></csvStreet2>
    <csvCity></csvCity>
    <csvState></csvState>
    <csvCountry></csvCountry>
    <csvZipCode></csvZipCode>
    <csvignore></csvignore>
    <csvpassword>sandbox</csvpassword>
    <csvDirectoryService></csvDirectoryService>
    <csvAllowLdapSync></csvAllowLdapSync>
    <csvTelephoneNo></csvTelephoneNo>
    <csvMobileTelephoneNo></csvMobileTelephoneNo>
    <csvFaxNo></csvFaxNo>
    <csvUserDomain></csvUserDomain>
    <csvCabinetDomain></csvCabinetDomain>
</csvUser>

<csvUser handler="wt.load.LoadUser.createUser" >
    <csvuser></csvuser>
    <csvnewUser>ella.peng@hp.com</csvnewUser>
    <csvwebServerID>ella.peng@hp.com</csvwebServerID>
    <csvfullName>Ella Peng</csvfullName>
    <csvLast>Peng</csvLast>
    <csvLocale></csvLocale>
    <csvEmail>ella.peng@hp.com</csvEmail>
    <csvDescription></csvDescription>
    <csvTitle></csvTitle>
    <csvOrganization>Hewlett-Packard</csvOrganization>
    <csvStreet1></csvStreet1>
    <csvStreet2></csvStreet2>
    <csvCity></csvCity>
    <csvState></csvState>
    <csvCountry></csvCountry>
    <csvZipCode></csvZipCode>
    <csvignore></csvignore>
    <csvpassword>sandbox</csvpassword>
    <csvDirectoryService></csvDirectoryService>
    <csvAllowLdapSync></csvAllowLdapSync>
    <csvTelephoneNo></csvTelephoneNo>
    <csvMobileTelephoneNo></csvMobileTelephoneNo>
    <csvFaxNo></csvFaxNo>
    <csvUserDomain></csvUserDomain>
    <csvCabinetDomain></csvCabinetDomain>
</csvUser>

<csvUser handler="wt.load.LoadUser.createUser" >
    <csvuser></csvuser>
    <csvnewUser>ella.peng@hp.com</csvnewUser>
    <csvwebServerID>ella.peng@hp.com</csvwebServerID>
    <csvfullName>Ella Peng</csvfullName>
    <csvLast>Peng</csvLast>
    <csvLocale></csvLocale>
    <csvEmail>ella.peng@hp.com</csvEmail>
    <csvDescription></csvDescription>
    <csvTitle></csvTitle>
    <csvOrganization>Hewlett-Packard</csvOrganization>
    <csvStreet1></csvStreet1>
    <csvStreet2></csvStreet2>
    <csvCity></csvCity>
    <csvState></csvState>
    <csvCountry></csvCountry>
    <csvZipCode></csvZipCode>
    <csvignore></csvignore>
    <csvpassword>sandbox</csvpassword>
    <csvDirectoryService></csvDirectoryService>
    <csvAllowLdapSync></csvAllowLdapSync>
    <csvTelephoneNo></csvTelephoneNo>
    <csvMobileTelephoneNo></csvMobileTelephoneNo>
    <csvFaxNo></csvFaxNo>
    <csvUserDomain></csvUserDomain>
    <csvCabinetDomain></csvCabinetDomain>
</csvUser>

</NmLoader>