<?xml version="1.0" ?><!DOCTYPE NmLoader SYSTEM "standard11_1.dtd">
<NmLoader>
<csvUserGroup handler="wt.load.LoadUser.createUserGroup" >
    <csvuser></csvuser>
    <csvgroupName>HX MDE MANAGER GLASON CHOU</csvgroupName>
    <csvgroupNameDirectoryService></csvgroupNameDirectoryService>
    <csvuserName>Glason.Chou@hp.com</csvuserName>
    <csvuserNameDirectoryService></csvuserNameDirectoryService>
    <csvDirectoryService></csvDirectoryService>
</csvUserGroup>

<csvUserGroup handler="wt.load.LoadUser.createUserGroup" >
    <csvuser></csvuser>
    <csvgroupName>HX MDE MANAGER PENHAO MA</csvgroupName>
    <csvgroupNameDirectoryService></csvgroupNameDirectoryService>
    <csvuserName>Penhao.Ma@hp.com</csvuserName>
    <csvuserNameDirectoryService></csvuserNameDirectoryService>
    <csvDirectoryService></csvDirectoryService>
</csvUserGroup>

<csvUserGroup handler="wt.load.LoadUser.createUserGroup" >
    <csvuser></csvuser>
    <csvgroupName>HX MDE GROUP</csvgroupName>
    <csvgroupNameDirectoryService></csvgroupNameDirectoryService>
    <csvuserName>Carter.Lai@hp.com</csvuserName>
    <csvuserNameDirectoryService></csvuserNameDirectoryService>
    <csvDirectoryService></csvDirectoryService>
</csvUserGroup>

<csvUserGroup handler="wt.load.LoadUser.createUserGroup" >
    <csvuser></csvuser>
    <csvgroupName>HX MDE GROUP</csvgroupName>
    <csvgroupNameDirectoryService></csvgroupNameDirectoryService>
    <csvuserName>Kyle.Yu@hp.com</csvuserName>
    <csvuserNameDirectoryService></csvuserNameDirectoryService>
    <csvDirectoryService></csvDirectoryService>
</csvUserGroup>

<csvUserGroup handler="wt.load.LoadUser.createUserGroup" >
    <csvuser></csvuser>
    <csvgroupName>HX MDE GROUP</csvgroupName>
    <csvgroupNameDirectoryService></csvgroupNameDirectoryService>
    <csvuserName>Stefan.Yu@hp.com</csvuserName>
    <csvuserNameDirectoryService></csvuserNameDirectoryService>
    <csvDirectoryService></csvDirectoryService>
</csvUserGroup>

<csvUserGroup handler="wt.load.LoadUser.createUserGroup" >
    <csvuser></csvuser>
    <csvgroupName>HX MDE GROUP</csvgroupName>
    <csvgroupNameDirectoryService></csvgroupNameDirectoryService>
    <csvuserName>Bruce.Ho@hp.com</csvuserName>
    <csvuserNameDirectoryService></csvuserNameDirectoryService>
    <csvDirectoryService></csvDirectoryService>
</csvUserGroup>

<csvUserGroup handler="wt.load.LoadUser.createUserGroup" >
    <csvuser></csvuser>
    <csvgroupName>HX MDE GROUP</csvgroupName>
    <csvgroupNameDirectoryService></csvgroupNameDirectoryService>
    <csvuserName>Charlson.Chang@hp.com</csvuserName>
    <csvuserNameDirectoryService></csvuserNameDirectoryService>
    <csvDirectoryService></csvDirectoryService>
</csvUserGroup>

<csvUserGroup handler="wt.load.LoadUser.createUserGroup" >
    <csvuser></csvuser>
    <csvgroupName>HX MDE GROUP</csvgroupName>
    <csvgroupNameDirectoryService></csvgroupNameDirectoryService>
    <csvuserName>Jeff.Wang@hp.com</csvuserName>
    <csvuserNameDirectoryService></csvuserNameDirectoryService>
    <csvDirectoryService></csvDirectoryService>
</csvUserGroup>

<csvUserGroup handler="wt.load.LoadUser.createUserGroup" >
    <csvuser></csvuser>
    <csvgroupName>HX MDE GROUP</csvgroupName>
    <csvgroupNameDirectoryService></csvgroupNameDirectoryService>
    <csvuserName>Una.Kuo@hp.com</csvuserName>
    <csvuserNameDirectoryService></csvuserNameDirectoryService>
    <csvDirectoryService></csvDirectoryService>
</csvUserGroup>

<csvUserGroup handler="wt.load.LoadUser.createUserGroup" >
    <csvuser></csvuser>
    <csvgroupName>HX MDE GROUP</csvgroupName>
    <csvgroupNameDirectoryService></csvgroupNameDirectoryService>
    <csvuserName>Wells.Wang@hp.com</csvuserName>
    <csvuserNameDirectoryService></csvuserNameDirectoryService>
    <csvDirectoryService></csvDirectoryService>
</csvUserGroup>

<csvUserGroup handler="wt.load.LoadUser.createUserGroup" >
    <csvuser></csvuser>
    <csvgroupName>HX MDE GROUP</csvgroupName>
    <csvgroupNameDirectoryService></csvgroupNameDirectoryService>
    <csvuserName>kevin.lin1@hp.com</csvuserName>
    <csvuserNameDirectoryService></csvuserNameDirectoryService>
    <csvDirectoryService></csvDirectoryService>
</csvUserGroup>

<csvUserGroup handler="wt.load.LoadUser.createUserGroup" >
    <csvuser></csvuser>
    <csvgroupName>HX MDE GROUP</csvgroupName>
    <csvgroupNameDirectoryService></csvgroupNameDirectoryService>
    <csvuserName>simon.yang2@hp.com</csvuserName>
    <csvuserNameDirectoryService></csvuserNameDirectoryService>
    <csvDirectoryService></csvDirectoryService>
</csvUserGroup>

<csvUserGroup handler="wt.load.LoadUser.createUserGroup" >
    <csvuser></csvuser>
    <csvgroupName>HX MDE GROUP</csvgroupName>
    <csvgroupNameDirectoryService></csvgroupNameDirectoryService>
    <csvuserName>Darren.Liang@hp.com</csvuserName>
    <csvuserNameDirectoryService></csvuserNameDirectoryService>
    <csvDirectoryService></csvDirectoryService>
</csvUserGroup>

<csvUserGroup handler="wt.load.LoadUser.createUserGroup" >
    <csvuser></csvuser>
    <csvgroupName>HX MDE GROUP</csvgroupName>
    <csvgroupNameDirectoryService></csvgroupNameDirectoryService>
    <csvuserName>Linus.Chien@hp.com</csvuserName>
    <csvuserNameDirectoryService></csvuserNameDirectoryService>
    <csvDirectoryService></csvDirectoryService>
</csvUserGroup>

<csvUserGroup handler="wt.load.LoadUser.createUserGroup" >
    <csvuser></csvuser>
    <csvgroupName>HX ENVISION MANAGER BAIN TZENG</csvgroupName>
    <csvgroupNameDirectoryService></csvgroupNameDirectoryService>
    <csvuserName>Bain.Tzeng@hp.com</csvuserName>
    <csvuserNameDirectoryService></csvuserNameDirectoryService>
    <csvDirectoryService></csvDirectoryService>
</csvUserGroup>

<csvUserGroup handler="wt.load.LoadUser.createUserGroup" >
    <csvuser></csvuser>
    <csvgroupName>HX ENVISION MANAGER PENHAO MA</csvgroupName>
    <csvgroupNameDirectoryService></csvgroupNameDirectoryService>
    <csvuserName>Penhao.Ma@hp.com</csvuserName>
    <csvuserNameDirectoryService></csvuserNameDirectoryService>
    <csvDirectoryService></csvDirectoryService>
</csvUserGroup>

<csvUserGroup handler="wt.load.LoadUser.createUserGroup" >
    <csvuser></csvuser>
    <csvgroupName>HX ENVISION GROUP</csvgroupName>
    <csvgroupNameDirectoryService></csvgroupNameDirectoryService>
    <csvuserName>Alex.Gu1@hp.com</csvuserName>
    <csvuserNameDirectoryService></csvuserNameDirectoryService>
    <csvDirectoryService></csvDirectoryService>
</csvUserGroup>

<csvUserGroup handler="wt.load.LoadUser.createUserGroup" >
    <csvuser></csvuser>
    <csvgroupName>HX ENVISION GROUP</csvgroupName>
    <csvgroupNameDirectoryService></csvgroupNameDirectoryService>
    <csvuserName>Bain.Tzeng@hp.com</csvuserName>
    <csvuserNameDirectoryService></csvuserNameDirectoryService>
    <csvDirectoryService></csvDirectoryService>
</csvUserGroup>

<csvUserGroup handler="wt.load.LoadUser.createUserGroup" >
    <csvuser></csvuser>
    <csvgroupName>HX ENVISION GROUP</csvgroupName>
    <csvgroupNameDirectoryService></csvgroupNameDirectoryService>
    <csvuserName>Carol.Wu@hp.com</csvuserName>
    <csvuserNameDirectoryService></csvuserNameDirectoryService>
    <csvDirectoryService></csvDirectoryService>
</csvUserGroup>

<csvUserGroup handler="wt.load.LoadUser.createUserGroup" >
    <csvuser></csvuser>
    <csvgroupName>HX ENVISION GROUP</csvgroupName>
    <csvgroupNameDirectoryService></csvgroupNameDirectoryService>
    <csvuserName>Ethan.Chen@hp.com</csvuserName>
    <csvuserNameDirectoryService></csvuserNameDirectoryService>
    <csvDirectoryService></csvDirectoryService>
</csvUserGroup>

<csvUserGroup handler="wt.load.LoadUser.createUserGroup" >
    <csvuser></csvuser>
    <csvgroupName>HX ENVISION GROUP</csvgroupName>
    <csvgroupNameDirectoryService></csvgroupNameDirectoryService>
    <csvuserName>Fay.Ho@hp.com</csvuserName>
    <csvuserNameDirectoryService></csvuserNameDirectoryService>
    <csvDirectoryService></csvDirectoryService>
</csvUserGroup>

<csvUserGroup handler="wt.load.LoadUser.createUserGroup" >
    <csvuser></csvuser>
    <csvgroupName>HX ENVISION GROUP</csvgroupName>
    <csvgroupNameDirectoryService></csvgroupNameDirectoryService>
    <csvuserName>ScottLY.Chen@hp.com</csvuserName>
    <csvuserNameDirectoryService></csvuserNameDirectoryService>
    <csvDirectoryService></csvDirectoryService>
</csvUserGroup>

<csvUserGroup handler="wt.load.LoadUser.createUserGroup" >
    <csvuser></csvuser>
    <csvgroupName>HX ENVISION GROUP</csvgroupName>
    <csvgroupNameDirectoryService></csvgroupNameDirectoryService>
    <csvuserName>kyle.huang@hp.com</csvuserName>
    <csvuserNameDirectoryService></csvuserNameDirectoryService>
    <csvDirectoryService></csvDirectoryService>
</csvUserGroup>

<csvUserGroup handler="wt.load.LoadUser.createUserGroup" >
    <csvuser></csvuser>
    <csvgroupName>HX ENVISION GROUP</csvgroupName>
    <csvgroupNameDirectoryService></csvgroupNameDirectoryService>
    <csvuserName>key.liao@hp.com</csvuserName>
    <csvuserNameDirectoryService></csvuserNameDirectoryService>
    <csvDirectoryService></csvDirectoryService>
</csvUserGroup>

<csvUserGroup handler="wt.load.LoadUser.createUserGroup" >
    <csvuser></csvuser>
    <csvgroupName>HX ENVISION GROUP</csvgroupName>
    <csvgroupNameDirectoryService></csvgroupNameDirectoryService>
    <csvuserName>ella.peng@hp.com</csvuserName>
    <csvuserNameDirectoryService></csvuserNameDirectoryService>
    <csvDirectoryService></csvDirectoryService>
</csvUserGroup>

<csvUserGroup handler="wt.load.LoadUser.createUserGroup" >
    <csvuser></csvuser>
    <csvgroupName>HX AUTHOR LICENSE GROUP</csvgroupName>
    <csvgroupNameDirectoryService></csvgroupNameDirectoryService>
    <csvuserName>Alex.Gu1@hp.com</csvuserName>
    <csvuserNameDirectoryService></csvuserNameDirectoryService>
    <csvDirectoryService></csvDirectoryService>
</csvUserGroup>

<csvUserGroup handler="wt.load.LoadUser.createUserGroup" >
    <csvuser></csvuser>
    <csvgroupName>HX AUTHOR LICENSE GROUP</csvgroupName>
    <csvgroupNameDirectoryService></csvgroupNameDirectoryService>
    <csvuserName>Bain.Tzeng@hp.com</csvuserName>
    <csvuserNameDirectoryService></csvuserNameDirectoryService>
    <csvDirectoryService></csvDirectoryService>
</csvUserGroup>

<csvUserGroup handler="wt.load.LoadUser.createUserGroup" >
    <csvuser></csvuser>
    <csvgroupName>HX AUTHOR LICENSE GROUP</csvgroupName>
    <csvgroupNameDirectoryService></csvgroupNameDirectoryService>
    <csvuserName>Bruce.Ho@hp.com</csvuserName>
    <csvuserNameDirectoryService></csvuserNameDirectoryService>
    <csvDirectoryService></csvDirectoryService>
</csvUserGroup>

<csvUserGroup handler="wt.load.LoadUser.createUserGroup" >
    <csvuser></csvuser>
    <csvgroupName>HX AUTHOR LICENSE GROUP</csvgroupName>
    <csvgroupNameDirectoryService></csvgroupNameDirectoryService>
    <csvuserName>Carol.Wu@hp.com</csvuserName>
    <csvuserNameDirectoryService></csvuserNameDirectoryService>
    <csvDirectoryService></csvDirectoryService>
</csvUserGroup>

<csvUserGroup handler="wt.load.LoadUser.createUserGroup" >
    <csvuser></csvuser>
    <csvgroupName>HX AUTHOR LICENSE GROUP</csvgroupName>
    <csvgroupNameDirectoryService></csvgroupNameDirectoryService>
    <csvuserName>Carter.Lai@hp.com</csvuserName>
    <csvuserNameDirectoryService></csvuserNameDirectoryService>
    <csvDirectoryService></csvDirectoryService>
</csvUserGroup>

<csvUserGroup handler="wt.load.LoadUser.createUserGroup" >
    <csvuser></csvuser>
    <csvgroupName>HX AUTHOR LICENSE GROUP</csvgroupName>
    <csvgroupNameDirectoryService></csvgroupNameDirectoryService>
    <csvuserName>Charlson.Chang@hp.com</csvuserName>
    <csvuserNameDirectoryService></csvuserNameDirectoryService>
    <csvDirectoryService></csvDirectoryService>
</csvUserGroup>

<csvUserGroup handler="wt.load.LoadUser.createUserGroup" >
    <csvuser></csvuser>
    <csvgroupName>HX AUTHOR LICENSE GROUP</csvgroupName>
    <csvgroupNameDirectoryService></csvgroupNameDirectoryService>
    <csvuserName>Darren.Liang@hp.com</csvuserName>
    <csvuserNameDirectoryService></csvuserNameDirectoryService>
    <csvDirectoryService></csvDirectoryService>
</csvUserGroup>

<csvUserGroup handler="wt.load.LoadUser.createUserGroup" >
    <csvuser></csvuser>
    <csvgroupName>HX AUTHOR LICENSE GROUP</csvgroupName>
    <csvgroupNameDirectoryService></csvgroupNameDirectoryService>
    <csvuserName>Ethan.Chen@hp.com</csvuserName>
    <csvuserNameDirectoryService></csvuserNameDirectoryService>
    <csvDirectoryService></csvDirectoryService>
</csvUserGroup>

<csvUserGroup handler="wt.load.LoadUser.createUserGroup" >
    <csvuser></csvuser>
    <csvgroupName>HX AUTHOR LICENSE GROUP</csvgroupName>
    <csvgroupNameDirectoryService></csvgroupNameDirectoryService>
    <csvuserName>Fay.Ho@hp.com</csvuserName>
    <csvuserNameDirectoryService></csvuserNameDirectoryService>
    <csvDirectoryService></csvDirectoryService>
</csvUserGroup>

<csvUserGroup handler="wt.load.LoadUser.createUserGroup" >
    <csvuser></csvuser>
    <csvgroupName>HX AUTHOR LICENSE GROUP</csvgroupName>
    <csvgroupNameDirectoryService></csvgroupNameDirectoryService>
    <csvuserName>Glason.Chou@hp.com</csvuserName>
    <csvuserNameDirectoryService></csvuserNameDirectoryService>
    <csvDirectoryService></csvDirectoryService>
</csvUserGroup>

<csvUserGroup handler="wt.load.LoadUser.createUserGroup" >
    <csvuser></csvuser>
    <csvgroupName>HX AUTHOR LICENSE GROUP</csvgroupName>
    <csvgroupNameDirectoryService></csvgroupNameDirectoryService>
    <csvuserName>Jeff.Wang@hp.com</csvuserName>
    <csvuserNameDirectoryService></csvuserNameDirectoryService>
    <csvDirectoryService></csvDirectoryService>
</csvUserGroup>

<csvUserGroup handler="wt.load.LoadUser.createUserGroup" >
    <csvuser></csvuser>
    <csvgroupName>HX AUTHOR LICENSE GROUP</csvgroupName>
    <csvgroupNameDirectoryService></csvgroupNameDirectoryService>
    <csvuserName>Kyle.Yu@hp.com</csvuserName>
    <csvuserNameDirectoryService></csvuserNameDirectoryService>
    <csvDirectoryService></csvDirectoryService>
</csvUserGroup>

<csvUserGroup handler="wt.load.LoadUser.createUserGroup" >
    <csvuser></csvuser>
    <csvgroupName>HX AUTHOR LICENSE GROUP</csvgroupName>
    <csvgroupNameDirectoryService></csvgroupNameDirectoryService>
    <csvuserName>Linus.Chien@hp.com</csvuserName>
    <csvuserNameDirectoryService></csvuserNameDirectoryService>
    <csvDirectoryService></csvDirectoryService>
</csvUserGroup>

<csvUserGroup handler="wt.load.LoadUser.createUserGroup" >
    <csvuser></csvuser>
    <csvgroupName>HX AUTHOR LICENSE GROUP</csvgroupName>
    <csvgroupNameDirectoryService></csvgroupNameDirectoryService>
    <csvuserName>Penhao.Ma@hp.com</csvuserName>
    <csvuserNameDirectoryService></csvuserNameDirectoryService>
    <csvDirectoryService></csvDirectoryService>
</csvUserGroup>

<csvUserGroup handler="wt.load.LoadUser.createUserGroup" >
    <csvuser></csvuser>
    <csvgroupName>HX AUTHOR LICENSE GROUP</csvgroupName>
    <csvgroupNameDirectoryService></csvgroupNameDirectoryService>
    <csvuserName>ScottLY.Chen@hp.com</csvuserName>
    <csvuserNameDirectoryService></csvuserNameDirectoryService>
    <csvDirectoryService></csvDirectoryService>
</csvUserGroup>

<csvUserGroup handler="wt.load.LoadUser.createUserGroup" >
    <csvuser></csvuser>
    <csvgroupName>HX AUTHOR LICENSE GROUP</csvgroupName>
    <csvgroupNameDirectoryService></csvgroupNameDirectoryService>
    <csvuserName>Stefan.Yu@hp.com</csvuserName>
    <csvuserNameDirectoryService></csvuserNameDirectoryService>
    <csvDirectoryService></csvDirectoryService>
</csvUserGroup>

<csvUserGroup handler="wt.load.LoadUser.createUserGroup" >
    <csvuser></csvuser>
    <csvgroupName>HX AUTHOR LICENSE GROUP</csvgroupName>
    <csvgroupNameDirectoryService></csvgroupNameDirectoryService>
    <csvuserName>Una.Kuo@hp.com</csvuserName>
    <csvuserNameDirectoryService></csvuserNameDirectoryService>
    <csvDirectoryService></csvDirectoryService>
</csvUserGroup>

<csvUserGroup handler="wt.load.LoadUser.createUserGroup" >
    <csvuser></csvuser>
    <csvgroupName>HX AUTHOR LICENSE GROUP</csvgroupName>
    <csvgroupNameDirectoryService></csvgroupNameDirectoryService>
    <csvuserName>Wells.Wang@hp.com</csvuserName>
    <csvuserNameDirectoryService></csvuserNameDirectoryService>
    <csvDirectoryService></csvDirectoryService>
</csvUserGroup>

<csvUserGroup handler="wt.load.LoadUser.createUserGroup" >
    <csvuser></csvuser>
    <csvgroupName>HX AUTHOR LICENSE GROUP</csvgroupName>
    <csvgroupNameDirectoryService></csvgroupNameDirectoryService>
    <csvuserName>kevin.lin1@hp.com</csvuserName>
    <csvuserNameDirectoryService></csvuserNameDirectoryService>
    <csvDirectoryService></csvDirectoryService>
</csvUserGroup>

<csvUserGroup handler="wt.load.LoadUser.createUserGroup" >
    <csvuser></csvuser>
    <csvgroupName>HX AUTHOR LICENSE GROUP</csvgroupName>
    <csvgroupNameDirectoryService></csvgroupNameDirectoryService>
    <csvuserName>simon.yang2@hp.com</csvuserName>
    <csvuserNameDirectoryService></csvuserNameDirectoryService>
    <csvDirectoryService></csvDirectoryService>
</csvUserGroup>

<csvUserGroup handler="wt.load.LoadUser.createUserGroup" >
    <csvuser></csvuser>
    <csvgroupName>HX AUTHOR LICENSE GROUP</csvgroupName>
    <csvgroupNameDirectoryService></csvgroupNameDirectoryService>
    <csvuserName>kyle.huang@hp.com</csvuserName>
    <csvuserNameDirectoryService></csvuserNameDirectoryService>
    <csvDirectoryService></csvDirectoryService>
</csvUserGroup>

<csvUserGroup handler="wt.load.LoadUser.createUserGroup" >
    <csvuser></csvuser>
    <csvgroupName>HX AUTHOR LICENSE GROUP</csvgroupName>
    <csvgroupNameDirectoryService></csvgroupNameDirectoryService>
    <csvuserName>key.liao@hp.com</csvuserName>
    <csvuserNameDirectoryService></csvuserNameDirectoryService>
    <csvDirectoryService></csvDirectoryService>
</csvUserGroup>

<csvUserGroup handler="wt.load.LoadUser.createUserGroup" >
    <csvuser></csvuser>
    <csvgroupName>HX AUTHOR LICENSE GROUP</csvgroupName>
    <csvgroupNameDirectoryService></csvgroupNameDirectoryService>
    <csvuserName>ella.peng@hp.com</csvuserName>
    <csvuserNameDirectoryService></csvuserNameDirectoryService>
    <csvDirectoryService></csvDirectoryService>
</csvUserGroup>

<csvUserGroup handler="wt.load.LoadUser.createUserGroup" >
    <csvuser></csvuser>
    <csvgroupName>HX CREO DATA MANAGEMENT LICENSE GROUP</csvgroupName>
    <csvgroupNameDirectoryService></csvgroupNameDirectoryService>
    <csvuserName>Alex.Gu1@hp.com</csvuserName>
    <csvuserNameDirectoryService></csvuserNameDirectoryService>
    <csvDirectoryService></csvDirectoryService>
</csvUserGroup>

<csvUserGroup handler="wt.load.LoadUser.createUserGroup" >
    <csvuser></csvuser>
    <csvgroupName>HX CREO DATA MANAGEMENT LICENSE GROUP</csvgroupName>
    <csvgroupNameDirectoryService></csvgroupNameDirectoryService>
    <csvuserName>Bain.Tzeng@hp.com</csvuserName>
    <csvuserNameDirectoryService></csvuserNameDirectoryService>
    <csvDirectoryService></csvDirectoryService>
</csvUserGroup>

<csvUserGroup handler="wt.load.LoadUser.createUserGroup" >
    <csvuser></csvuser>
    <csvgroupName>HX CREO DATA MANAGEMENT LICENSE GROUP</csvgroupName>
    <csvgroupNameDirectoryService></csvgroupNameDirectoryService>
    <csvuserName>Bruce.Ho@hp.com</csvuserName>
    <csvuserNameDirectoryService></csvuserNameDirectoryService>
    <csvDirectoryService></csvDirectoryService>
</csvUserGroup>

<csvUserGroup handler="wt.load.LoadUser.createUserGroup" >
    <csvuser></csvuser>
    <csvgroupName>HX CREO DATA MANAGEMENT LICENSE GROUP</csvgroupName>
    <csvgroupNameDirectoryService></csvgroupNameDirectoryService>
    <csvuserName>Carol.Wu@hp.com</csvuserName>
    <csvuserNameDirectoryService></csvuserNameDirectoryService>
    <csvDirectoryService></csvDirectoryService>
</csvUserGroup>

<csvUserGroup handler="wt.load.LoadUser.createUserGroup" >
    <csvuser></csvuser>
    <csvgroupName>HX CREO DATA MANAGEMENT LICENSE GROUP</csvgroupName>
    <csvgroupNameDirectoryService></csvgroupNameDirectoryService>
    <csvuserName>Carter.Lai@hp.com</csvuserName>
    <csvuserNameDirectoryService></csvuserNameDirectoryService>
    <csvDirectoryService></csvDirectoryService>
</csvUserGroup>

<csvUserGroup handler="wt.load.LoadUser.createUserGroup" >
    <csvuser></csvuser>
    <csvgroupName>HX CREO DATA MANAGEMENT LICENSE GROUP</csvgroupName>
    <csvgroupNameDirectoryService></csvgroupNameDirectoryService>
    <csvuserName>Charlson.Chang@hp.com</csvuserName>
    <csvuserNameDirectoryService></csvuserNameDirectoryService>
    <csvDirectoryService></csvDirectoryService>
</csvUserGroup>

<csvUserGroup handler="wt.load.LoadUser.createUserGroup" >
    <csvuser></csvuser>
    <csvgroupName>HX CREO DATA MANAGEMENT LICENSE GROUP</csvgroupName>
    <csvgroupNameDirectoryService></csvgroupNameDirectoryService>
    <csvuserName>Darren.Liang@hp.com</csvuserName>
    <csvuserNameDirectoryService></csvuserNameDirectoryService>
    <csvDirectoryService></csvDirectoryService>
</csvUserGroup>

<csvUserGroup handler="wt.load.LoadUser.createUserGroup" >
    <csvuser></csvuser>
    <csvgroupName>HX CREO DATA MANAGEMENT LICENSE GROUP</csvgroupName>
    <csvgroupNameDirectoryService></csvgroupNameDirectoryService>
    <csvuserName>Ethan.Chen@hp.com</csvuserName>
    <csvuserNameDirectoryService></csvuserNameDirectoryService>
    <csvDirectoryService></csvDirectoryService>
</csvUserGroup>

<csvUserGroup handler="wt.load.LoadUser.createUserGroup" >
    <csvuser></csvuser>
    <csvgroupName>HX CREO DATA MANAGEMENT LICENSE GROUP</csvgroupName>
    <csvgroupNameDirectoryService></csvgroupNameDirectoryService>
    <csvuserName>Fay.Ho@hp.com</csvuserName>
    <csvuserNameDirectoryService></csvuserNameDirectoryService>
    <csvDirectoryService></csvDirectoryService>
</csvUserGroup>

<csvUserGroup handler="wt.load.LoadUser.createUserGroup" >
    <csvuser></csvuser>
    <csvgroupName>HX CREO DATA MANAGEMENT LICENSE GROUP</csvgroupName>
    <csvgroupNameDirectoryService></csvgroupNameDirectoryService>
    <csvuserName>Glason.Chou@hp.com</csvuserName>
    <csvuserNameDirectoryService></csvuserNameDirectoryService>
    <csvDirectoryService></csvDirectoryService>
</csvUserGroup>

<csvUserGroup handler="wt.load.LoadUser.createUserGroup" >
    <csvuser></csvuser>
    <csvgroupName>HX CREO DATA MANAGEMENT LICENSE GROUP</csvgroupName>
    <csvgroupNameDirectoryService></csvgroupNameDirectoryService>
    <csvuserName>Jeff.Wang@hp.com</csvuserName>
    <csvuserNameDirectoryService></csvuserNameDirectoryService>
    <csvDirectoryService></csvDirectoryService>
</csvUserGroup>

<csvUserGroup handler="wt.load.LoadUser.createUserGroup" >
    <csvuser></csvuser>
    <csvgroupName>HX CREO DATA MANAGEMENT LICENSE GROUP</csvgroupName>
    <csvgroupNameDirectoryService></csvgroupNameDirectoryService>
    <csvuserName>Kyle.Yu@hp.com</csvuserName>
    <csvuserNameDirectoryService></csvuserNameDirectoryService>
    <csvDirectoryService></csvDirectoryService>
</csvUserGroup>

<csvUserGroup handler="wt.load.LoadUser.createUserGroup" >
    <csvuser></csvuser>
    <csvgroupName>HX CREO DATA MANAGEMENT LICENSE GROUP</csvgroupName>
    <csvgroupNameDirectoryService></csvgroupNameDirectoryService>
    <csvuserName>Linus.Chien@hp.com</csvuserName>
    <csvuserNameDirectoryService></csvuserNameDirectoryService>
    <csvDirectoryService></csvDirectoryService>
</csvUserGroup>

<csvUserGroup handler="wt.load.LoadUser.createUserGroup" >
    <csvuser></csvuser>
    <csvgroupName>HX CREO DATA MANAGEMENT LICENSE GROUP</csvgroupName>
    <csvgroupNameDirectoryService></csvgroupNameDirectoryService>
    <csvuserName>Penhao.Ma@hp.com</csvuserName>
    <csvuserNameDirectoryService></csvuserNameDirectoryService>
    <csvDirectoryService></csvDirectoryService>
</csvUserGroup>

<csvUserGroup handler="wt.load.LoadUser.createUserGroup" >
    <csvuser></csvuser>
    <csvgroupName>HX CREO DATA MANAGEMENT LICENSE GROUP</csvgroupName>
    <csvgroupNameDirectoryService></csvgroupNameDirectoryService>
    <csvuserName>ScottLY.Chen@hp.com</csvuserName>
    <csvuserNameDirectoryService></csvuserNameDirectoryService>
    <csvDirectoryService></csvDirectoryService>
</csvUserGroup>

<csvUserGroup handler="wt.load.LoadUser.createUserGroup" >
    <csvuser></csvuser>
    <csvgroupName>HX CREO DATA MANAGEMENT LICENSE GROUP</csvgroupName>
    <csvgroupNameDirectoryService></csvgroupNameDirectoryService>
    <csvuserName>Stefan.Yu@hp.com</csvuserName>
    <csvuserNameDirectoryService></csvuserNameDirectoryService>
    <csvDirectoryService></csvDirectoryService>
</csvUserGroup>

<csvUserGroup handler="wt.load.LoadUser.createUserGroup" >
    <csvuser></csvuser>
    <csvgroupName>HX CREO DATA MANAGEMENT LICENSE GROUP</csvgroupName>
    <csvgroupNameDirectoryService></csvgroupNameDirectoryService>
    <csvuserName>Wells.Wang@hp.com</csvuserName>
    <csvuserNameDirectoryService></csvuserNameDirectoryService>
    <csvDirectoryService></csvDirectoryService>
</csvUserGroup>

<csvUserGroup handler="wt.load.LoadUser.createUserGroup" >
    <csvuser></csvuser>
    <csvgroupName>HX CREO DATA MANAGEMENT LICENSE GROUP</csvgroupName>
    <csvgroupNameDirectoryService></csvgroupNameDirectoryService>
    <csvuserName>kevin.lin1@hp.com</csvuserName>
    <csvuserNameDirectoryService></csvuserNameDirectoryService>
    <csvDirectoryService></csvDirectoryService>
</csvUserGroup>

<csvUserGroup handler="wt.load.LoadUser.createUserGroup" >
    <csvuser></csvuser>
    <csvgroupName>HX CREO DATA MANAGEMENT LICENSE GROUP</csvgroupName>
    <csvgroupNameDirectoryService></csvgroupNameDirectoryService>
    <csvuserName>simon.yang2@hp.com</csvuserName>
    <csvuserNameDirectoryService></csvuserNameDirectoryService>
    <csvDirectoryService></csvDirectoryService>
</csvUserGroup>

<csvUserGroup handler="wt.load.LoadUser.createUserGroup" >
    <csvuser></csvuser>
    <csvgroupName>HX CREO DATA MANAGEMENT LICENSE GROUP</csvgroupName>
    <csvgroupNameDirectoryService></csvgroupNameDirectoryService>
    <csvuserName>kyle.huang@hp.com</csvuserName>
    <csvuserNameDirectoryService></csvuserNameDirectoryService>
    <csvDirectoryService></csvDirectoryService>
</csvUserGroup>

<csvUserGroup handler="wt.load.LoadUser.createUserGroup" >
    <csvuser></csvuser>
    <csvgroupName>HX CREO DATA MANAGEMENT LICENSE GROUP</csvgroupName>
    <csvgroupNameDirectoryService></csvgroupNameDirectoryService>
    <csvuserName>key.liao@hp.com</csvuserName>
    <csvuserNameDirectoryService></csvuserNameDirectoryService>
    <csvDirectoryService></csvDirectoryService>
</csvUserGroup>

<csvUserGroup handler="wt.load.LoadUser.createUserGroup" >
    <csvuser></csvuser>
    <csvgroupName>HX ADMINS</csvgroupName>
    <csvgroupNameDirectoryService></csvgroupNameDirectoryService>
    <csvuserName>linus.chien@hp.com</csvuserName>
    <csvuserNameDirectoryService></csvuserNameDirectoryService>
    <csvDirectoryService></csvDirectoryService>
</csvUserGroup>

<csvUserGroup handler="wt.load.LoadUser.createUserGroup" >
    <csvuser></csvuser>
    <csvgroupName>HX ADMINS</csvgroupName>
    <csvgroupNameDirectoryService></csvgroupNameDirectoryService>
    <csvuserName>wayne.foslien@hp.com</csvuserName>
    <csvuserNameDirectoryService></csvuserNameDirectoryService>
    <csvDirectoryService></csvDirectoryService>
</csvUserGroup>

<csvUserGroup handler="wt.load.LoadUser.createUserGroup" >
    <csvuser></csvuser>
    <csvgroupName>HX ADMINS</csvgroupName>
    <csvgroupNameDirectoryService></csvgroupNameDirectoryService>
    <csvuserName>iris.shalev@hp.com</csvuserName>
    <csvuserNameDirectoryService></csvuserNameDirectoryService>
    <csvDirectoryService></csvDirectoryService>
</csvUserGroup>

<csvUserGroup handler="wt.load.LoadUser.createUserGroup" >
    <csvuser></csvuser>
    <csvgroupName>HX ADMINS</csvgroupName>
    <csvgroupNameDirectoryService></csvgroupNameDirectoryService>
    <csvuserName>jeff.briggs@hp.com</csvuserName>
    <csvuserNameDirectoryService></csvuserNameDirectoryService>
    <csvDirectoryService></csvDirectoryService>
</csvUserGroup>

<csvUserGroup handler="wt.load.LoadUser.createUserGroup" >
    <csvuser></csvuser>
    <csvgroupName>HX ADMINS</csvgroupName>
    <csvgroupNameDirectoryService></csvgroupNameDirectoryService>
    <csvuserName>allyn@hp.com</csvuserName>
    <csvuserNameDirectoryService></csvuserNameDirectoryService>
    <csvDirectoryService></csvDirectoryService>
</csvUserGroup>

</NmLoader>