#User,user,newUser,webServerID,fullName,Last,Locale,Email,Description,Title,Organization,Street1,Street2,City,State,Country,ZipCode,ignore,password,DirectoryService,AllowLdapSync,TelephoneNo,MobileTelephoneNo,FaxNo,UserDomain,CabinetDomain
User,,ScottLY.Chen@hp.com,ScottLY.Chen@hp.com,ScottLY Chen,Chen,,ScottLY.Chen@hp.com,,,Hewlett-Packard,,,,,,,,sandbox,,,,,,,
User,,Alex.Gu1@hp.com,Alex.Gu1@hp.com,Alex Gu,Gu,,Alex.Gu1@hp.com,,,Hewlett-Packard,,,,,,,,sandbox,,,,,,,
User,,Ethan.Chen@hp.com,Ethan.Chen@hp.com,Ethan Chen,Chen,,Ethan.Chen@hp.com,,,Hewlett-Packard,,,,,,,,sandbox,,,,,,,
User,,Carol.Wu@hp.com,Carol.Wu@hp.com,Carol Wu,Wu,,Carol.Wu@hp.com,,,Hewlett-Packard,,,,,,,,sandbox,,,,,,,
User,,Fay.Ho@hp.com,Fay.Ho@hp.com,Fay Ho,Ho,,Fay.Ho@hp.com,,,Hewlett-Packard,,,,,,,,sandbox,,,,,,,
User,,Bain.Tzeng@hp.com,Bain.Tzeng@hp.com,Bain Tzeng,Tzeng,,Bain.Tzeng@hp.com,,,Hewlett-Packard,,,,,,,,sandbox,,,,,,,
User,,Carter.Lai@hp.com,Carter.Lai@hp.com,Carter Lai,Lai,,Carter.Lai@hp.com,,,Hewlett-Packard,,,,,,,,sandbox,,,,,,,
User,,Kyle.Yu@hp.com,Kyle.Yu@hp.com,Kyle Yu,Yu,,Kyle.Yu@hp.com,,,Hewlett-Packard,,,,,,,,sandbox,,,,,,,
User,,Allison.Hu@hp.com_Disabled,Allison.Hu@hp.com_Disabled,Allison Hu_LeftTheCompany,Hu,,,,,Hewlett-Packard,,,,,,,,sandbox,,,,,,,
User,,Stefan.Yu@hp.com,Stefan.Yu@hp.com,Stefan Yu,Yu,,Stefan.Yu@hp.com,,,Hewlett-Packard,,,,,,,,sandbox,,,,,,,
User,,Finn.Yin@hp.com_Disabled,Finn.Yin@hp.com_Disabled,Finn Yin_LeftTheCompany,Yin,,,,,Hewlett-Packard,,,,,,,,sandbox,,,,,,,
User,,Smile.Lin@hp.com_Disabled,Smile.Lin@hp.com_Disabled,Smile Lin_LeftTheCompany,Lin,,,,,Hewlett-Packard,,,,,,,,sandbox,,,,,,,
User,,Glason.Chou@hp.com,Glason.Chou@hp.com,Glason Chou,Chou,,Glason.Chou@hp.com,,,Hewlett-Packard,,,,,,,,sandbox,,,,,,,
User,,Charlson.Chang@hp.com,Charlson.Chang@hp.com,Charlson Chang,Chang,,Charlson.Chang@hp.com,,,Hewlett-Packard,,,,,,,,sandbox,,,,,,,
User,,Bruce.Ho@hp.com,Bruce.Ho@hp.com,Bruce Ho,Ho,,Bruce.Ho@hp.com,,,Hewlett-Packard,,,,,,,,sandbox,,,,,,,
User,,Wells.Wang@hp.com,Wells.Wang@hp.com,Wells Wang,Wang,,Wells.Wang@hp.com,,,Hewlett-Packard,,,,,,,,sandbox,,,,,,,
User,,Jeff.Wang@hp.com,Jeff.Wang@hp.com,Jeff Wang,Wang,,Jeff.Wang@hp.com,,,Hewlett-Packard,,,,,,,,sandbox,,,,,,,
User,,Una.Kuo@hp.com,Una.Kuo@hp.com,Una Kuo,Kuo,,Una.Kuo@hp.com,,,Hewlett-Packard,,,,,,,,sandbox,,,,,,,
User,,Darren.Liang@hp.com,Darren.Liang@hp.com,Darren Liang,Liang,,Darren.Liang@hp.com,,,Hewlett-Packard,,,,,,,,sandbox,,,,,,,
User,,Penhao.Ma@hp.com,Penhao.Ma@hp.com,Penhao Ma,Ma,,Penhao.Ma@hp.com,,,Hewlett-Packard,,,,,,,,sandbox,,,,,,,
User,,Linus.Chien@hp.com,Linus.Chien@hp.com,Linus Chien,Chien,,Linus.Chien@hp.com,,,Hewlett-Packard,,,,,,,,sandbox,,,,,,,
User,,Aaron.Wang@hp.com_Disabled,Aaron.Wang@hp.com_Disabled,Aaron Wang_LeftTheCompany,Wang,,,,,Hewlett-Packard,,,,,,,,sandbox,,,,,,,
User,,kevin.lin1@hp.com,kevin.lin1@hp.com,Kevin Lin,Lin,,kevin.lin1@hp.com,,,Hewlett-Packard,,,,,,,,sandbox,,,,,,,
User,,simon.yang2@hp.com,simon.yang2@hp.com,Simon Yang,Yang,,simon.yang2@hp.com,,,Hewlett-Packard,,,,,,,,sandbox,,,,,,,
User,,kyle.huang@hp.com,kyle.huang@hp.com,Chun Kai Huang,Huang,,kyle.huang@hp.com,,,Hewlett-Packard,,,,,,,,sandbox,,,,,,,
User,,key.liao@hp.com,key.liao@hp.com,Key Liao,Liao,,key.liao@hp.com,,,Hewlett-Packard,,,,,,,,sandbox,,,,,,,
User,,ella.peng@hp.com,ella.peng@hp.com,Ella Peng,Peng,,ella.peng@hp.com,,,Hewlett-Packard,,,,,,,,sandbox,,,,,,,
