#UserGroup,user,groupName,groupNameDirectoryService,userName,userNameDirectoryService,directoryService
UserGroup,,HX MDE MANAGER GLASON CHOU,,Glason.Chou@hp.com,,
UserGroup,,HX MDE MANAGER PENHAO MA,,Penhao.Ma@hp.com,,
UserGroup,,HX MDE GROUP,,Carter.Lai@hp.com,,
UserGroup,,HX MDE GROUP,,Kyle.Yu@hp.com,,
UserGroup,,HX MDE GROUP,,Stefan.Yu@hp.com,,
UserGroup,,HX MDE GROUP,,Bruce.Ho@hp.com,,
UserGroup,,HX MDE GROUP,,Charlson.Chang@hp.com,,
UserGroup,,HX MDE GROUP,,Jeff.Wang@hp.com,,
UserGroup,,HX MDE GROUP,,Una.Kuo@hp.com,,
UserGroup,,HX MDE GROUP,,Wells.Wang@hp.com,,
UserGroup,,HX MDE GROUP,,kevin.lin1@hp.com,,
UserGroup,,HX MDE GROUP,,simon.yang2@hp.com,,
UserGroup,,HX MDE GROUP,,Darren.Liang@hp.com,,
UserGroup,,HX MDE GROUP,,Linus.Chien@hp.com,,
UserGroup,,HX ENVISION MANAGER BAIN TZENG,,Bain.Tzeng@hp.com,,
UserGroup,,HX ENVISION MANAGER PENHAO MA,,Penhao.Ma@hp.com,,
UserGroup,,HX ENVISION GROUP,,Alex.Gu1@hp.com,,
UserGroup,,HX ENVISION GROUP,,Bain.Tzeng@hp.com,,
UserGroup,,HX ENVISION GROUP,,Carol.Wu@hp.com,,
UserGroup,,HX ENVISION GROUP,,Ethan.Chen@hp.com,,
UserGroup,,HX ENVISION GROUP,,Fay.Ho@hp.com,,
UserGroup,,HX ENVISION GROUP,,ScottLY.Chen@hp.com,,
UserGroup,,HX ENVISION GROUP,,kyle.huang@hp.com,,
UserGroup,,HX ENVISION GROUP,,key.liao@hp.com,,
UserGroup,,HX ENVISION GROUP,,ella.peng@hp.com,,
UserGroup,,HX AUTHOR LICENSE GROUP,,Alex.Gu1@hp.com,,
UserGroup,,HX AUTHOR LICENSE GROUP,,Bain.Tzeng@hp.com,,
UserGroup,,HX AUTHOR LICENSE GROUP,,Bruce.Ho@hp.com,,
UserGroup,,HX AUTHOR LICENSE GROUP,,Carol.Wu@hp.com,,
UserGroup,,HX AUTHOR LICENSE GROUP,,Carter.Lai@hp.com,,
UserGroup,,HX AUTHOR LICENSE GROUP,,Charlson.Chang@hp.com,,
UserGroup,,HX AUTHOR LICENSE GROUP,,Darren.Liang@hp.com,,
UserGroup,,HX AUTHOR LICENSE GROUP,,Ethan.Chen@hp.com,,
UserGroup,,HX AUTHOR LICENSE GROUP,,Fay.Ho@hp.com,,
UserGroup,,HX AUTHOR LICENSE GROUP,,Glason.Chou@hp.com,,
UserGroup,,HX AUTHOR LICENSE GROUP,,Jeff.Wang@hp.com,,
UserGroup,,HX AUTHOR LICENSE GROUP,,Kyle.Yu@hp.com,,
UserGroup,,HX AUTHOR LICENSE GROUP,,Linus.Chien@hp.com,,
UserGroup,,HX AUTHOR LICENSE GROUP,,Penhao.Ma@hp.com,,
UserGroup,,HX AUTHOR LICENSE GROUP,,ScottLY.Chen@hp.com,,
UserGroup,,HX AUTHOR LICENSE GROUP,,Stefan.Yu@hp.com,,
UserGroup,,HX AUTHOR LICENSE GROUP,,Una.Kuo@hp.com,,
UserGroup,,HX AUTHOR LICENSE GROUP,,Wells.Wang@hp.com,,
UserGroup,,HX AUTHOR LICENSE GROUP,,kevin.lin1@hp.com,,
UserGroup,,HX AUTHOR LICENSE GROUP,,simon.yang2@hp.com,,
UserGroup,,HX AUTHOR LICENSE GROUP,,kyle.huang@hp.com,,
UserGroup,,HX AUTHOR LICENSE GROUP,,key.liao@hp.com,,
UserGroup,,HX AUTHOR LICENSE GROUP,,ella.peng@hp.com,,
UserGroup,,HX CREO DATA MANAGEMENT LICENSE GROUP,,Alex.Gu1@hp.com,,
UserGroup,,HX CREO DATA MANAGEMENT LICENSE GROUP,,Bain.Tzeng@hp.com,,
UserGroup,,HX CREO DATA MANAGEMENT LICENSE GROUP,,Bruce.Ho@hp.com,,
UserGroup,,HX CREO DATA MANAGEMENT LICENSE GROUP,,Carol.Wu@hp.com,,
UserGroup,,HX CREO DATA MANAGEMENT LICENSE GROUP,,Carter.Lai@hp.com,,
UserGroup,,HX CREO DATA MANAGEMENT LICENSE GROUP,,Charlson.Chang@hp.com,,
UserGroup,,HX CREO DATA MANAGEMENT LICENSE GROUP,,Darren.Liang@hp.com,,
UserGroup,,HX CREO DATA MANAGEMENT LICENSE GROUP,,Ethan.Chen@hp.com,,
UserGroup,,HX CREO DATA MANAGEMENT LICENSE GROUP,,Fay.Ho@hp.com,,
UserGroup,,HX CREO DATA MANAGEMENT LICENSE GROUP,,Glason.Chou@hp.com,,
UserGroup,,HX CREO DATA MANAGEMENT LICENSE GROUP,,Jeff.Wang@hp.com,,
UserGroup,,HX CREO DATA MANAGEMENT LICENSE GROUP,,Kyle.Yu@hp.com,,
UserGroup,,HX CREO DATA MANAGEMENT LICENSE GROUP,,Linus.Chien@hp.com,,
UserGroup,,HX CREO DATA MANAGEMENT LICENSE GROUP,,Penhao.Ma@hp.com,,
UserGroup,,HX CREO DATA MANAGEMENT LICENSE GROUP,,ScottLY.Chen@hp.com,,
UserGroup,,HX CREO DATA MANAGEMENT LICENSE GROUP,,Stefan.Yu@hp.com,,
UserGroup,,HX CREO DATA MANAGEMENT LICENSE GROUP,,Wells.Wang@hp.com,,
UserGroup,,HX CREO DATA MANAGEMENT LICENSE GROUP,,kevin.lin1@hp.com,,
UserGroup,,HX CREO DATA MANAGEMENT LICENSE GROUP,,simon.yang2@hp.com,,
UserGroup,,HX CREO DATA MANAGEMENT LICENSE GROUP,,kyle.huang@hp.com,,
UserGroup,,HX CREO DATA MANAGEMENT LICENSE GROUP,,key.liao@hp.com,,
UserGroup,,HX ADMINS,,linus.chien@hp.com,,
UserGroup,,HX ADMINS,,wayne.foslien@hp.com,,
UserGroup,,HX ADMINS,,iris.shalev@hp.com,,
UserGroup,,HX ADMINS,,jeff.briggs@hp.com,,
UserGroup,,HX ADMINS,,allyn@hp.com,,
