{"DocumentTypeId":"BomPDF.BomTable.BomTableDataFormat","FormId":"79ef0f9f","FormName":"Temp_3C_1","OriginalFileExtension":"pdf","Pages":[{"Page":0,"Size":[0.0,0.0,1224.0,792.0],"SkewAngle":0.0,"Evidence":[{"Text":"BILL","Box":[37.6432,893.2652,28.08,19.9017]},{"Text":"OF","Box":[37.6432,928.3652,14.04,19.9017]},{"Text":"MATERIAL","Box":[37.6432,949.4252,56.16,19.9017]},{"Text":"ITEM","Box":[57.5046,716.8911,24.0685,14.9263]},{"Text":"QTY","Box":[57.5046,755.8996,18.0514,14.9263]},{"Text":"DESCRIPTION","Box":[57.5046,911.831,66.1885,14.9263]},{"Text":"MATERIAL","Box":[57.5046,1123.35669,48.137,14.9263]}],"Fields":[],"Tables":[{"FieldId":"BomPDF.BomTable.BomTableDataFormat.ExtractedTable","Headers":[{"FieldId":"BomPDF.BomTable.BomTableDataFormat.ExtractedTable.ITEM","Box":[0.0,0.0,0.0,0.0]},{"FieldId":"BomPDF.BomTable.BomTableDataFormat.ExtractedTable.QTY","Box":[0.0,0.0,0.0,0.0]},{"FieldId":"BomPDF.BomTable.BomTableDataFormat.ExtractedTable.DESCRIPTION","Box":[0.0,0.0,0.0,0.0]},{"FieldId":"BomPDF.BomTable.BomTableDataFormat.ExtractedTable.PARTNUMBER","Box":[0.0,0.0,0.0,0.0]},{"FieldId":"BomPDF.BomTable.BomTableDataFormat.ExtractedTable.REVISION","Box":[0.0,0.0,0.0,0.0]}],"Cells":[{"Row":0,"Column":0,"Box":[70.7125,711.3343,35.3563,23.1499]},{"Row":0,"Column":1,"Box":[70.7125,746.6905,37.8817,23.1499]},{"Row":0,"Column":2,"Box":[70.7125,784.5722,322.4154,23.1499]},{"Row":0,"Column":3,"Box":[70.7125,1106.98755,82.9188,23.1499]}]}]}],"AnchorBasedConfiguration":{"AnchorBasedFieldConfiguration":[]}}