{"DocumentId":"11427-007_drw","ContentType":"application/pdf","Length":1910,"Pages":[{"PageIndex":0,"Size":[0.0,0.0,1224.0,792.0],"Sections":[{"IndexInText":0,"Language":"eng","Length":16,"Rotation":"None","SkewAngle":0.0,"Type":"Paragraph","WordGroups":[{"IndexInText":0,"Length":16,"Type":"Other","Words":[{"Box":[37.6432,893.2652,28.08,19.9017],"Polygon":[893.2652,37.6432,921.3452,37.6432,921.3452,57.5449,893.2652,57.5449],"IndexInText":0,"OcrConfidence":1.0,"Text":"BILL","VisualLineNumber":0},{"Box":[37.6432,928.3652,14.04,19.9017],"Polygon":[928.3652,37.6432,942.4052,37.6432,942.4052,57.5449,928.3652,57.5449],"IndexInText":5,"OcrConfidence":1.0,"Text":"OF","VisualLineNumber":0},{"Box":[37.6432,949.4252,56.16,19.9017],"Polygon":[949.4252,37.6432,1005.58521,37.6432,1005.58521,57.5449,949.4252,57.5449],"IndexInText":8,"OcrConfidence":1.0,"Text":"MATERIAL","VisualLineNumber":0}]}]},{"IndexInText":18,"Language":"nld","Length":27,"Rotation":"None","SkewAngle":0.0,"Type":"Paragraph","WordGroups":[{"IndexInText":18,"Length":27,"Type":"Heading","Words":[{"Box":[57.5046,716.8911,24.0685,14.9263],"Polygon":[716.8911,57.5046,740.9596,57.5046,740.9596,72.4309,716.8911,72.4309],"IndexInText":18,"OcrConfidence":1.0,"Text":"ITEM","VisualLineNumber":1},{"Box":[57.5046,755.8996,18.0514,14.9263],"Polygon":[755.8996,57.5046,773.951,57.5046,773.951,72.4309,755.8996,72.4309],"IndexInText":23,"OcrConfidence":1.0,"Text":"QTY","VisualLineNumber":1},{"Box":[75.5046,725.9168,6.0171,14.9263],"Polygon":[725.9168,75.5046,731.9339,75.5046,731.9339,90.4309,725.9168,90.4309],"IndexInText":27,"OcrConfidence":1.0,"Text":"1","VisualLineNumber":2},{"Box":[75.5046,761.9168,6.0171,14.9263],"Polygon":[761.9168,75.5046,767.9339,75.5046,767.9339,90.4309,761.9168,90.4309],"IndexInText":29,"OcrConfidence":1.0,"Text":"1","VisualLineNumber":2},{"Box":[75.5046,786.3004,12.0342,14.9263],"Polygon":[786.3004,75.5046,798.3346,75.5046,798.3346,90.4309,786.3004,90.4309],"IndexInText":31,"OcrConfidence":1.0,"Text":"10","VisualLineNumber":2},{"Box":[75.5046,804.3518,30.0856,14.9263],"Polygon":[804.3518,75.5046,834.4374,75.5046,834.4374,90.4309,804.3518,90.4309],"IndexInText":34,"OcrConfidence":1.0,"Text":"GAUGE","VisualLineNumber":2},{"Box":[75.5046,840.4546,30.0856,14.9263],"Polygon":[840.4546,75.5046,870.5402,75.5046,870.5402,90.4309,840.4546,90.4309],"IndexInText":40,"OcrConfidence":1.0,"Text":"STEEL","VisualLineNumber":2}]}]},{"IndexInText":47,"Language":"fra","Length":11,"Rotation":"None","SkewAngle":0.0,"Type":"Paragraph","WordGroups":[{"IndexInText":47,"Length":11,"Type":"Other","Words":[{"Box":[57.5046,911.831,66.1885,14.9263],"Polygon":[911.831,57.5046,978.0195,57.5046,978.0195,72.4309,911.831,72.4309],"IndexInText":47,"OcrConfidence":1.0,"Text":"DESCRIPTION","VisualLineNumber":1}]}]},{"IndexInText":60,"Language":"ron","Length":13,"Rotation":"None","SkewAngle":0.0,"Type":"Paragraph","WordGroups":[{"IndexInText":60,"Length":13,"Type":"Other","Words":[{"Box":[57.5046,1123.35669,48.137,14.9263],"Polygon":[1123.35669,57.5046,1171.49365,57.5046,1171.49365,72.4309,1123.35669,72.4309],"IndexInText":60,"OcrConfidence":1.0,"Text":"MATERIAL","VisualLineNumber":1},{"Box":[75.5046,1135.39087,24.0685,14.9263],"Polygon":[1135.39087,75.5046,1159.45935,75.5046,1159.45935,90.4309,1135.39087,90.4309],"IndexInText":69,"OcrConfidence":1.0,"Text":"A-36","VisualLineNumber":2}]}]},{"IndexInText":75,"Language":"eng","Length":31,"Rotation":"None","SkewAngle":0.0,"Type":"Paragraph","WordGroups":[{"IndexInText":75,"Length":31,"Type":"Heading","Words":[{"Box":[203.2136,251.0829,35.1,19.9017],"Polygon":[251.0829,203.2136,286.1829,203.2136,286.1829,223.1153,251.0829,223.1153],"IndexInText":75,"OcrConfidence":1.0,"Text":"0.166","VisualLineNumber":4},{"Box":[203.2136,289.603,28.08,19.9017],"Polygon":[289.603,203.2136,317.683,203.2136,317.683,223.1153,289.603,223.1153],"IndexInText":81,"OcrConfidence":1.0,"Text":"THRU","VisualLineNumber":4},{"Box":[218.9637,244.7829,49.14,19.9017],"Polygon":[244.7829,218.9637,293.9229,218.9637,293.9229,238.8654,244.7829,238.8654],"IndexInText":86,"OcrConfidence":1.0,"Text":"M5X.8mm","VisualLineNumber":5},{"Box":[218.9637,300.9429,21.06,19.9017],"Polygon":[300.9429,218.9637,322.0029,218.9637,322.0029,238.8654,300.9429,238.8654],"IndexInText":94,"OcrConfidence":1.0,"Text":"TAP","VisualLineNumber":5},{"Box":[232.4636,263.6829,7.02,19.9017],"Polygon":[263.6829,232.4636,270.7029,232.4636,270.7029,252.3653,263.6829,252.3653],"IndexInText":98,"OcrConfidence":1.0,"Text":"6","VisualLineNumber":6},{"Box":[232.4636,277.7229,42.12,19.9017],"Polygon":[277.7229,232.4636,319.8429,232.4636,319.8429,252.3653,277.7229,252.3653],"IndexInText":100,"OcrConfidence":1.0,"Text":"PLACES","VisualLineNumber":6}]}]},{"IndexInText":108,"Language":"bul","Length":5,"Rotation":"None","SkewAngle":0.0,"Type":"Paragraph","WordGroups":[{"IndexInText":108,"Length":5,"Type":"Other","Words":[{"Box":[139.5821,467.1027,35.1,19.9017],"Polygon":[467.1027,139.5821,502.2027,139.5821,502.2027,159.4838,467.1027,159.4838],"IndexInText":108,"OcrConfidence":1.0,"Text":"27.00","VisualLineNumber":3}]}]},{"IndexInText":115,"Language":"eng","Length":4,"Rotation":"None","SkewAngle":0.0,"Type":"Paragraph","WordGroups":[{"IndexInText":115,"Length":4,"Type":"Other","Words":[{"Box":[141.3086,953.7153,28.08,19.9017],"Polygon":[953.7153,141.3086,981.7953,141.3086,981.7953,161.2103,953.7153,161.2103],"IndexInText":115,"OcrConfidence":1.0,"Text":"1.00","VisualLineNumber":3}]}]},{"IndexInText":121,"Language":"eng","Length":4,"Rotation":"None","SkewAngle":0.0,"Type":"Paragraph","WordGroups":[{"IndexInText":121,"Length":4,"Type":"Other","Words":[{"Box":[139.9756,1113.71985,28.08,19.9017],"Polygon":[1113.71985,139.9756,1141.79993,139.9756,1141.79993,159.8773,1113.71985,159.8773],"IndexInText":121,"OcrConfidence":1.0,"Text":"1.58","VisualLineNumber":3}]}]},{"IndexInText":127,"Language":"eng","Length":69,"Rotation":"None","SkewAngle":0.0,"Type":"Paragraph","WordGroups":[{"IndexInText":127,"Length":69,"Type":"Other","Words":[{"Box":[197.7393,930.5843,28.08,19.9017],"Polygon":[930.5843,197.7393,958.6643,197.7393,958.6643,217.641,930.5843,217.641],"IndexInText":127,"OcrConfidence":1.0,"Text":"0.28","VisualLineNumber":4},{"Box":[197.7393,962.8043,28.08,19.9017],"Polygon":[962.8043,197.7393,990.8843,197.7393,990.8843,217.641,962.8043,217.641],"IndexInText":132,"OcrConfidence":1.0,"Text":"THRU","VisualLineNumber":4},{"Box":[213.4892,886.4843,49.14,19.9017],"Polygon":[886.4843,213.4892,935.6243,213.4892,935.6243,233.3909,886.4843,233.3909],"IndexInText":137,"OcrConfidence":1.0,"Text":"INSTALL","VisualLineNumber":5},{"Box":[213.4892,942.6443,14.04,19.9017],"Polygon":[942.6443,213.4892,956.6843,213.4892,956.6843,233.3909,942.6443,233.3909],"IndexInText":145,"OcrConfidence":1.0,"Text":"M6","VisualLineNumber":5},{"Box":[213.4892,963.7043,7.02,19.9017],"Polygon":[963.7043,213.4892,970.7243,213.4892,970.7243,233.3909,963.7043,233.3909],"IndexInText":148,"OcrConfidence":1.0,"Text":"X","VisualLineNumber":5},{"Box":[213.4892,977.7443,21.06,19.9017],"Polygon":[977.7443,213.4892,998.8043,213.4892,998.8043,233.3909,977.7443,233.3909],"IndexInText":150,"OcrConfidence":1.0,"Text":"1.0","VisualLineNumber":5},{"Box":[226.9893,886.4843,28.08,19.9017],"Polygon":[886.4843,226.9893,914.5643,226.9893,914.5643,246.891,886.4843,246.891],"IndexInText":154,"OcrConfidence":1.0,"Text":"WELD","VisualLineNumber":6},{"Box":[226.9893,921.5843,28.08,19.9017],"Polygon":[921.5843,226.9893,949.6643,226.9893,949.6643,246.891,921.5843,246.891],"IndexInText":159,"OcrConfidence":1.0,"Text":"NUTS","VisualLineNumber":6},{"Box":[226.9893,956.6843,14.04,19.9017],"Polygon":[956.6843,226.9893,970.7243,226.9893,970.7243,246.891,956.6843,246.891],"IndexInText":164,"OcrConfidence":1.0,"Text":"TO","VisualLineNumber":6},{"Box":[226.9893,977.7443,21.06,19.9017],"Polygon":[977.7443,226.9893,998.8043,226.9893,998.8043,246.891,977.7443,246.891],"IndexInText":167,"OcrConfidence":1.0,"Text":"THE","VisualLineNumber":6},{"Box":[240.4893,886.4843,42.12,19.9017],"Polygon":[886.4843,240.4893,928.6043,240.4893,928.6043,260.391,886.4843,260.391],"IndexInText":171,"OcrConfidence":1.0,"Text":"INSIDE","VisualLineNumber":7},{"Box":[240.4893,935.6243,14.04,19.9017],"Polygon":[935.6243,240.4893,949.6643,240.4893,949.6643,260.391,935.6243,260.391],"IndexInText":178,"OcrConfidence":1.0,"Text":"OF","VisualLineNumber":7},{"Box":[240.4893,956.6843,42.12,19.9017],"Polygon":[956.6843,240.4893,998.8043,240.4893,998.8043,260.391,956.6843,260.391],"IndexInText":181,"OcrConfidence":1.0,"Text":"FLANGE","VisualLineNumber":7},{"Box":[253.9893,936.8843,7.02,19.9017],"Polygon":[936.8843,253.9893,943.9043,253.9893,943.9043,273.891,936.8843,273.891],"IndexInText":188,"OcrConfidence":1.0,"Text":"6","VisualLineNumber":8},{"Box":[253.9893,950.9243,42.12,19.9017],"Polygon":[950.9243,253.9893,993.0443,253.9893,993.0443,273.891,950.9243,273.891],"IndexInText":190,"OcrConfidence":1.0,"Text":"PLACES","VisualLineNumber":8}]}]},{"IndexInText":198,"Language":"bul","Length":5,"Rotation":"None","SkewAngle":0.0,"Type":"Paragraph","WordGroups":[{"IndexInText":198,"Length":5,"Type":"Other","Words":[{"Box":[289.3181,1081.1803,35.1,19.9017],"Polygon":[1081.1803,289.3181,1116.28027,289.3181,1116.28027,309.2198,1081.1803,309.2198],"IndexInText":198,"OcrConfidence":1.0,"Text":"4.921","VisualLineNumber":9}]}]},{"IndexInText":205,"Language":"bul","Length":10,"Rotation":"None","SkewAngle":0.0,"Type":"Paragraph","WordGroups":[{"IndexInText":205,"Length":10,"Type":"Other","Words":[{"Box":[349.8618,18.1067,35.1,19.9017],"Polygon":[18.1067,349.8618,53.2067,349.8618,53.2067,369.7635,18.1067,369.7635],"IndexInText":205,"OcrConfidence":1.0,"Text":"13.00","VisualLineNumber":10},{"Box":[342.5845,69.4116,28.08,19.9017],"Polygon":[69.4116,342.5845,97.4916,342.5845,97.4916,362.4862,69.4116,362.4862],"IndexInText":211,"OcrConfidence":1.0,"Text":"4.92","VisualLineNumber":10}]}]},{"IndexInText":217,"Language":"bul","Length":5,"Rotation":"None","SkewAngle":0.0,"Type":"Paragraph","WordGroups":[{"IndexInText":217,"Length":5,"Type":"Other","Words":[{"Box":[355.4517,1115.29565,35.1,19.9017],"Polygon":[1115.29565,355.4517,1150.39563,355.4517,1150.39563,375.3534,1115.29565,375.3534],"IndexInText":217,"OcrConfidence":1.0,"Text":"9.843","VisualLineNumber":11}]}]},{"IndexInText":224,"Language":"eng","Length":4,"Rotation":"None","SkewAngle":0.0,"Type":"Paragraph","WordGroups":[{"IndexInText":224,"Length":4,"Type":"Other","Words":[{"Box":[447.3519,314.1768,28.08,19.9017],"Polygon":[314.1768,447.3519,342.2568,447.3519,342.2568,467.2536,314.1768,467.2536],"IndexInText":224,"OcrConfidence":1.0,"Text":"1.38","VisualLineNumber":12}]}]},{"IndexInText":230,"Language":"eng","Length":4,"Rotation":"None","SkewAngle":0.0,"Type":"Paragraph","WordGroups":[{"IndexInText":230,"Length":4,"Type":"Other","Words":[{"Box":[446.1749,542.5541,28.08,19.9017],"Polygon":[542.5541,446.1749,570.6341,446.1749,570.6341,466.0766,542.5541,466.0766],"IndexInText":230,"OcrConfidence":1.0,"Text":"1.38","VisualLineNumber":12}]}]},{"IndexInText":236,"Language":"eng","Length":4,"Rotation":"None","SkewAngle":0.0,"Type":"Paragraph","WordGroups":[{"IndexInText":236,"Length":4,"Type":"Other","Words":[{"Box":[442.7114,645.3294,28.08,19.9017],"Polygon":[645.3294,442.7114,673.4094,442.7114,673.4094,462.6131,645.3294,462.6131],"IndexInText":236,"OcrConfidence":1.0,"Text":"1.38","VisualLineNumber":12}]}]},{"IndexInText":242,"Language":"eng","Length":4,"Rotation":"None","SkewAngle":0.0,"Type":"Paragraph","WordGroups":[{"IndexInText":242,"Length":4,"Type":"Other","Words":[{"Box":[466.1665,69.1809,28.08,19.9017],"Polygon":[69.1809,466.1665,97.2609,466.1665,97.2609,486.0682,69.1809,486.0682],"IndexInText":242,"OcrConfidence":1.0,"Text":"4.53","VisualLineNumber":13}]}]},{"IndexInText":248,"Language":"eng","Length":4,"Rotation":"None","SkewAngle":0.0,"Type":"Paragraph","WordGroups":[{"IndexInText":248,"Length":4,"Type":"Other","Words":[{"Box":[560.0609,214.5831,28.08,19.9017],"Polygon":[214.5831,560.0609,242.6631,560.0609,242.6631,579.9626,214.5831,579.9626],"IndexInText":248,"OcrConfidence":1.0,"Text":"8.62","VisualLineNumber":14}]}]},{"IndexInText":254,"Language":"bul","Length":5,"Rotation":"None","SkewAngle":0.0,"Type":"Paragraph","WordGroups":[{"IndexInText":254,"Length":5,"Type":"Other","Words":[{"Box":[595.8252,284.3623,35.1,19.9017],"Polygon":[284.3623,595.8252,319.4623,595.8252,319.4623,615.7269,284.3623,615.7269],"IndexInText":254,"OcrConfidence":1.0,"Text":"12.81","VisualLineNumber":15}]}]},{"IndexInText":261,"Language":"eng","Length":171,"Rotation":"None","SkewAngle":0.0,"Type":"Paragraph","WordGroups":[{"IndexInText":261,"Length":171,"Type":"Other","Words":[{"Box":[680.8253,88.7334,42.12,19.9017],"Polygon":[88.7334,680.8253,130.8534,680.8253,130.8534,700.727,88.7334,700.727],"IndexInText":261,"OcrConfidence":1.0,"Text":"NOTES:","VisualLineNumber":19},{"Box":[694.3253,88.7334,14.04,19.9017],"Polygon":[88.7334,694.3253,102.7734,694.3253,102.7734,714.227,88.7334,714.227],"IndexInText":268,"OcrConfidence":1.0,"Text":"1)","VisualLineNumber":21},{"Box":[694.3253,109.7934,42.12,19.9017],"Polygon":[109.7934,694.3253,151.9134,694.3253,151.9134,714.227,109.7934,714.227],"IndexInText":271,"OcrConfidence":1.0,"Text":"REMOVE","VisualLineNumber":21},{"Box":[694.3253,158.9334,35.1,19.9017],"Polygon":[158.9334,694.3253,194.0334,694.3253,194.0334,714.227,158.9334,714.227],"IndexInText":278,"OcrConfidence":1.0,"Text":"BURRS","VisualLineNumber":21},{"Box":[694.3253,201.0534,21.06,19.9017],"Polygon":[201.0534,694.3253,222.1134,694.3253,222.1134,714.227,201.0534,714.227],"IndexInText":284,"OcrConfidence":1.0,"Text":"AND","VisualLineNumber":21},{"Box":[694.3253,229.1334,35.1,19.9017],"Polygon":[229.1334,694.3253,264.2334,694.3253,264.2334,714.227,229.1334,714.227],"IndexInText":288,"OcrConfidence":1.0,"Text":"SHARP","VisualLineNumber":21},{"Box":[694.3253,271.2534,35.1,19.9017],"Polygon":[271.2534,694.3253,306.3534,694.3253,306.3534,714.227,271.2534,714.227],"IndexInText":294,"OcrConfidence":1.0,"Text":"EDGES","VisualLineNumber":21},{"Box":[707.8253,88.7334,14.04,19.9017],"Polygon":[88.7334,707.8253,102.7734,707.8253,102.7734,727.727,88.7334,727.727],"IndexInText":300,"OcrConfidence":1.0,"Text":"2)","VisualLineNumber":23},{"Box":[707.8253,109.7934,35.1,19.9017],"Polygon":[109.7934,707.8253,144.8934,707.8253,144.8934,727.727,109.7934,727.727],"IndexInText":303,"OcrConfidence":1.0,"Text":"PRIME","VisualLineNumber":23},{"Box":[707.8253,151.9134,21.06,19.9017],"Polygon":[151.9134,707.8253,172.9734,707.8253,172.9734,727.727,151.9134,727.727],"IndexInText":309,"OcrConfidence":1.0,"Text":"AND","VisualLineNumber":23},{"Box":[707.8253,179.9934,35.1,19.9017],"Polygon":[179.9934,707.8253,215.0934,707.8253,215.0934,727.727,179.9934,727.727],"IndexInText":313,"OcrConfidence":1.0,"Text":"PAINT","VisualLineNumber":23},{"Box":[707.8253,222.1134,28.08,19.9017],"Polygon":[222.1134,707.8253,250.1934,707.8253,250.1934,727.727,222.1134,727.727],"IndexInText":319,"OcrConfidence":1.0,"Text":"ONAN","VisualLineNumber":23},{"Box":[707.8253,257.2134,35.1,19.9017],"Polygon":[257.2134,707.8253,292.3134,707.8253,292.3134,727.727,257.2134,727.727],"IndexInText":324,"OcrConfidence":1.0,"Text":"GREEN","VisualLineNumber":23},{"Box":[721.3253,88.7334,14.04,19.9017],"Polygon":[88.7334,721.3253,102.7734,721.3253,102.7734,741.227,88.7334,741.227],"IndexInText":330,"OcrConfidence":1.0,"Text":"3)","VisualLineNumber":25},{"Box":[721.3253,109.7934,21.06,19.9017],"Polygon":[109.7934,721.3253,130.8534,721.3253,130.8534,741.227,109.7934,741.227],"IndexInText":333,"OcrConfidence":1.0,"Text":"ALL","VisualLineNumber":25},{"Box":[721.3253,137.8734,35.1,19.9017],"Polygon":[137.8734,721.3253,172.9734,721.3253,172.9734,741.227,137.8734,741.227],"IndexInText":337,"OcrConfidence":1.0,"Text":"HOLES","VisualLineNumber":25},{"Box":[721.3253,179.9934,28.08,19.9017],"Polygon":[179.9934,721.3253,208.0734,721.3253,208.0734,741.227,179.9934,741.227],"IndexInText":343,"OcrConfidence":1.0,"Text":"THRU","VisualLineNumber":25},{"Box":[721.3253,215.0934,42.12,19.9017],"Polygon":[215.0934,721.3253,257.2134,721.3253,257.2134,741.227,215.0934,741.227],"IndexInText":348,"OcrConfidence":1.0,"Text":"UNLESS","VisualLineNumber":25},{"Box":[721.3253,264.2334,35.1,19.9017],"Polygon":[264.2334,721.3253,299.3334,721.3253,299.3334,741.227,264.2334,741.227],"IndexInText":355,"OcrConfidence":1.0,"Text":"NOTED","VisualLineNumber":25},{"Box":[734.8254,88.7334,14.04,19.9017],"Polygon":[88.7334,734.8254,102.7734,734.8254,102.7734,754.7271,88.7334,754.7271],"IndexInText":361,"OcrConfidence":1.0,"Text":"4)","VisualLineNumber":26},{"Box":[734.8254,109.7934,21.06,19.9017],"Polygon":[109.7934,734.8254,130.8534,734.8254,130.8534,754.7271,109.7934,754.7271],"IndexInText":364,"OcrConfidence":1.0,"Text":"FOR","VisualLineNumber":26},{"Box":[734.8254,137.8734,21.06,19.9017],"Polygon":[137.8734,734.8254,158.9334,734.8254,158.9334,754.7271,137.8734,754.7271],"IndexInText":368,"OcrConfidence":1.0,"Text":"USE","VisualLineNumber":26},{"Box":[734.8254,165.9534,35.1,19.9017],"Polygon":[165.9534,734.8254,201.0534,734.8254,201.0534,754.7271,165.9534,754.7271],"IndexInText":372,"OcrConfidence":1.0,"Text":"WITH:","VisualLineNumber":26},{"Box":[748.3253,102.7734,21.06,19.9017],"Polygon":[102.7734,748.3253,123.8334,748.3253,123.8334,768.227,102.7734,768.227],"IndexInText":378,"OcrConfidence":1.0,"Text":"(3)","VisualLineNumber":27},{"Box":[748.3253,130.8534,84.24,19.9017],"Polygon":[130.8534,748.3253,215.0934,748.3253,215.0934,768.227,130.8534,768.227],"IndexInText":382,"OcrConfidence":1.0,"Text":"0320-2346-XX","VisualLineNumber":27},{"Box":[748.3253,222.1134,56.16,19.9017],"Polygon":[222.1134,748.3253,278.2734,748.3253,278.2734,768.227,222.1134,768.227],"IndexInText":395,"OcrConfidence":1.0,"Text":"BREAKERS","VisualLineNumber":27},{"Box":[748.3253,285.2934,14.04,19.9017],"Polygon":[285.2934,748.3253,299.3334,748.3253,299.3334,768.227,285.2934,768.227],"IndexInText":404,"OcrConfidence":1.0,"Text":"OR","VisualLineNumber":27},{"Box":[761.8253,102.7734,21.06,19.9017],"Polygon":[102.7734,761.8253,123.8334,761.8253,123.8334,781.727,102.7734,781.727],"IndexInText":407,"OcrConfidence":1.0,"Text":"(3)","VisualLineNumber":28},{"Box":[761.8253,130.8534,84.24,19.9017],"Polygon":[130.8534,761.8253,215.0934,761.8253,215.0934,781.727,130.8534,781.727],"IndexInText":411,"OcrConfidence":1.0,"Text":"0320-2347-XX","VisualLineNumber":28},{"Box":[761.8253,222.1134,56.16,19.9017],"Polygon":[222.1134,761.8253,278.2734,761.8253,278.2734,781.727,222.1134,781.727],"IndexInText":424,"OcrConfidence":1.0,"Text":"BREAKERS","VisualLineNumber":28}]}]},{"IndexInText":434,"Language":"bul","Length":5,"Rotation":"None","SkewAngle":0.0,"Type":"Paragraph","WordGroups":[{"IndexInText":434,"Length":5,"Type":"Other","Words":[{"Box":[627.0094,349.6534,35.1,19.9017],"Polygon":[349.6534,627.0094,384.7534,627.0094,384.7534,646.9111,349.6534,646.9111],"IndexInText":434,"OcrConfidence":1.0,"Text":"17.00","VisualLineNumber":16}]}]},{"IndexInText":441,"Language":"eng","Length":292,"Rotation":"None","SkewAngle":0.0,"Type":"Paragraph","WordGroups":[{"IndexInText":441,"Length":148,"Type":"Sentence","Words":[{"Box":[672.8595,688.428,10.1088,7.1646],"Polygon":[688.428,672.8595,698.5368,672.8595,698.5368,680.0241,688.428,680.0241],"IndexInText":441,"OcrConfidence":1.0,"Text":"This","VisualLineNumber":17},{"Box":[672.8595,701.064,20.2177,7.1646],"Polygon":[701.064,672.8595,721.2817,672.8595,721.2817,680.0241,701.064,680.0241],"IndexInText":446,"OcrConfidence":1.0,"Text":"document","VisualLineNumber":17},{"Box":[672.8595,723.8089,20.2176,7.1646],"Polygon":[723.8089,672.8595,744.0265,672.8595,744.0265,680.0241,723.8089,680.0241],"IndexInText":455,"OcrConfidence":1.0,"Text":"contains","VisualLineNumber":17},{"Box":[672.8595,746.5537,30.3265,7.1646],"Polygon":[746.5537,672.8595,776.8802,672.8595,776.8802,680.0241,746.5537,680.0241],"IndexInText":464,"OcrConfidence":1.0,"Text":"confidential","VisualLineNumber":17},{"Box":[672.8595,779.4074,7.5816,7.1646],"Polygon":[779.4074,672.8595,786.989,672.8595,786.989,680.0241,779.4074,680.0241],"IndexInText":477,"OcrConfidence":1.0,"Text":"and","VisualLineNumber":17},{"Box":[672.8595,789.5162,12.636,7.1646],"Polygon":[789.5162,672.8595,802.1522,672.8595,802.1522,680.0241,789.5162,680.0241],"IndexInText":481,"OcrConfidence":1.0,"Text":"trade","VisualLineNumber":17},{"Box":[672.8595,804.6795,15.1632,7.1646],"Polygon":[804.6795,672.8595,819.8427,672.8595,819.8427,680.0241,804.6795,680.0241],"IndexInText":487,"OcrConfidence":1.0,"Text":"secret","VisualLineNumber":17},{"Box":[672.8595,822.3699,30.3265,7.1646],"Polygon":[822.3699,672.8595,852.6964,672.8595,852.6964,680.0241,822.3699,680.0241],"IndexInText":494,"OcrConfidence":1.0,"Text":"information,","VisualLineNumber":17},{"Box":[672.8595,855.2236,5.0544,7.1646],"Polygon":[855.2236,672.8595,860.278,672.8595,860.278,680.0241,855.2236,680.0241],"IndexInText":507,"OcrConfidence":1.0,"Text":"is","VisualLineNumber":17},{"Box":[672.8595,862.8052,7.5816,7.1646],"Polygon":[862.8052,672.8595,870.3868,672.8595,870.3868,680.0241,862.8052,680.0241],"IndexInText":510,"OcrConfidence":1.0,"Text":"the","VisualLineNumber":17},{"Box":[677.7195,688.428,20.2176,7.1646],"Polygon":[688.428,677.7195,708.6456,677.7195,708.6456,684.8841,688.428,684.8841],"IndexInText":514,"OcrConfidence":1.0,"Text":"property","VisualLineNumber":18},{"Box":[677.7195,711.1728,5.0544,7.1646],"Polygon":[711.1728,677.7195,716.2272,677.7195,716.2272,684.8841,711.1728,684.8841],"IndexInText":523,"OcrConfidence":1.0,"Text":"of","VisualLineNumber":18},{"Box":[677.7195,718.7545,17.6904,7.1646],"Polygon":[718.7545,677.7195,736.4449,677.7195,736.4449,684.8841,718.7545,684.8841],"IndexInText":526,"OcrConfidence":1.0,"Text":"Cummins","VisualLineNumber":18},{"Box":[677.7195,738.9721,17.6904,7.1646],"Polygon":[738.9721,677.7195,756.6625,677.7195,756.6625,684.8841,738.9721,684.8841],"IndexInText":534,"OcrConfidence":1.0,"Text":"NPower,","VisualLineNumber":18},{"Box":[677.7195,759.1897,7.5817,7.1646],"Polygon":[759.1897,677.7195,766.7714,677.7195,766.7714,684.8841,759.1897,684.8841],"IndexInText":542,"OcrConfidence":1.0,"Text":"LLC","VisualLineNumber":18},{"Box":[677.7195,769.2986,7.5816,7.1646],"Polygon":[769.2986,677.7195,776.8802,677.7195,776.8802,684.8841,769.2986,684.8841],"IndexInText":546,"OcrConfidence":1.0,"Text":"and","VisualLineNumber":18},{"Box":[677.7195,779.4074,5.0544,7.1646],"Polygon":[779.4074,677.7195,784.4618,677.7195,784.4618,684.8841,779.4074,684.8841],"IndexInText":550,"OcrConfidence":1.0,"Text":"is","VisualLineNumber":18},{"Box":[677.7195,786.989,12.636,7.1646],"Polygon":[786.989,677.7195,799.625,677.7195,799.625,684.8841,786.989,684.8841],"IndexInText":553,"OcrConfidence":1.0,"Text":"given","VisualLineNumber":18},{"Box":[677.7195,802.1522,5.0545,7.1646],"Polygon":[802.1522,677.7195,807.2067,677.7195,807.2067,684.8841,802.1522,684.8841],"IndexInText":559,"OcrConfidence":1.0,"Text":"to","VisualLineNumber":18},{"Box":[677.7195,809.7339,7.5816,7.1646],"Polygon":[809.7339,677.7195,817.3155,677.7195,817.3155,684.8841,809.7339,684.8841],"IndexInText":562,"OcrConfidence":1.0,"Text":"the","VisualLineNumber":18},{"Box":[677.7195,819.8427,20.2176,7.1646],"Polygon":[819.8427,677.7195,840.0603,677.7195,840.0603,684.8841,819.8427,684.8841],"IndexInText":566,"OcrConfidence":1.0,"Text":"receiver","VisualLineNumber":18},{"Box":[677.7195,842.5875,5.0545,7.1646],"Polygon":[842.5875,677.7195,847.642,677.7195,847.642,684.8841,842.5875,684.8841],"IndexInText":575,"OcrConfidence":1.0,"Text":"in","VisualLineNumber":18},{"Box":[677.7195,850.1692,27.7992,7.1646],"Polygon":[850.1692,677.7195,877.9684,677.7195,877.9684,684.8841,850.1692,684.8841],"IndexInText":578,"OcrConfidence":1.0,"Text":"confidence.","VisualLineNumber":18}]},{"IndexInText":590,"Length":143,"Type":"Other","Words":[{"Box":[682.5795,688.428,7.5816,7.1646],"Polygon":[688.428,682.5795,696.0096,682.5795,696.0096,689.7441,688.428,689.7441],"IndexInText":590,"OcrConfidence":1.0,"Text":"The","VisualLineNumber":19},{"Box":[682.5795,698.5368,22.7449,7.1646],"Polygon":[698.5368,682.5795,721.2817,682.5795,721.2817,689.7441,698.5368,689.7441],"IndexInText":594,"OcrConfidence":1.0,"Text":"receiver,","VisualLineNumber":19},{"Box":[682.5795,723.8089,5.0544,7.1646],"Polygon":[723.8089,682.5795,728.8633,682.5795,728.8633,689.7441,723.8089,689.7441],"IndexInText":604,"OcrConfidence":1.0,"Text":"by","VisualLineNumber":19},{"Box":[682.5795,731.3905,22.7448,7.1646],"Polygon":[731.3905,682.5795,754.1353,682.5795,754.1353,689.7441,731.3905,689.7441],"IndexInText":607,"OcrConfidence":1.0,"Text":"receiving","VisualLineNumber":19},{"Box":[682.5795,756.6625,7.5817,7.1646],"Polygon":[756.6625,682.5795,764.2442,682.5795,764.2442,689.7441,756.6625,689.7441],"IndexInText":617,"OcrConfidence":1.0,"Text":"and","VisualLineNumber":19},{"Box":[682.5795,766.7714,22.7448,7.1646],"Polygon":[766.7714,682.5795,789.5162,682.5795,789.5162,689.7441,766.7714,689.7441],"IndexInText":621,"OcrConfidence":1.0,"Text":"retaining","VisualLineNumber":19},{"Box":[682.5795,792.0434,5.0544,7.1646],"Polygon":[792.0434,682.5795,797.0978,682.5795,797.0978,689.7441,792.0434,689.7441],"IndexInText":631,"OcrConfidence":1.0,"Text":"of","VisualLineNumber":19},{"Box":[682.5795,799.625,7.5817,7.1646],"Polygon":[799.625,682.5795,807.2067,682.5795,807.2067,689.7441,799.625,689.7441],"IndexInText":634,"OcrConfidence":1.0,"Text":"the","VisualLineNumber":19},{"Box":[682.5795,809.7339,20.2176,7.1646],"Polygon":[809.7339,682.5795,829.9515,682.5795,829.9515,689.7441,809.7339,689.7441],"IndexInText":638,"OcrConfidence":1.0,"Text":"document","VisualLineNumber":19},{"Box":[682.5795,832.4787,17.6905,7.1646],"Polygon":[832.4787,682.5795,850.1692,682.5795,850.1692,689.7441,832.4787,689.7441],"IndexInText":647,"OcrConfidence":1.0,"Text":"accepts","VisualLineNumber":19},{"Box":[682.5795,852.6964,7.5816,7.1646],"Polygon":[852.6964,682.5795,860.278,682.5795,860.278,689.7441,852.6964,689.7441],"IndexInText":655,"OcrConfidence":1.0,"Text":"the","VisualLineNumber":19},{"Box":[687.4395,688.428,20.2176,7.1646],"Polygon":[688.428,687.4395,708.6456,687.4395,708.6456,694.6041,688.428,694.6041],"IndexInText":659,"OcrConfidence":1.0,"Text":"document","VisualLineNumber":20},{"Box":[687.4395,711.1728,5.0544,7.1646],"Polygon":[711.1728,687.4395,716.2272,687.4395,716.2272,694.6041,711.1728,694.6041],"IndexInText":668,"OcrConfidence":1.0,"Text":"in","VisualLineNumber":20},{"Box":[687.4395,718.7545,25.272,7.1646],"Polygon":[718.7545,687.4395,744.0265,687.4395,744.0265,694.6041,718.7545,694.6041],"IndexInText":671,"OcrConfidence":1.0,"Text":"confidence","VisualLineNumber":20},{"Box":[687.4395,746.5537,7.5816,7.1646],"Polygon":[746.5537,687.4395,754.1353,687.4395,754.1353,694.6041,746.5537,694.6041],"IndexInText":682,"OcrConfidence":1.0,"Text":"and","VisualLineNumber":20},{"Box":[687.4395,756.6625,15.1633,7.1646],"Polygon":[756.6625,687.4395,771.8258,687.4395,771.8258,694.6041,756.6625,694.6041],"IndexInText":686,"OcrConfidence":1.0,"Text":"agrees","VisualLineNumber":20},{"Box":[687.4395,774.353,12.636,7.1646],"Polygon":[774.353,687.4395,786.989,687.4395,786.989,694.6041,774.353,694.6041],"IndexInText":693,"OcrConfidence":1.0,"Text":"that,","VisualLineNumber":20},{"Box":[687.4395,789.5162,15.1632,7.1646],"Polygon":[789.5162,687.4395,804.6794,687.4395,804.6794,694.6041,789.5162,694.6041],"IndexInText":699,"OcrConfidence":1.0,"Text":"except","VisualLineNumber":20},{"Box":[687.4395,807.2067,5.0544,7.1646],"Polygon":[807.2067,687.4395,812.2611,687.4395,812.2611,694.6041,807.2067,694.6041],"IndexInText":706,"OcrConfidence":1.0,"Text":"as","VisualLineNumber":20},{"Box":[687.4395,814.7883,25.272,7.1646],"Polygon":[814.7883,687.4395,840.0603,687.4395,840.0603,694.6041,814.7883,694.6041],"IndexInText":709,"OcrConfidence":1.0,"Text":"authorized","VisualLineNumber":20},{"Box":[687.4395,842.5875,5.0545,7.1646],"Polygon":[842.5875,687.4395,847.642,687.4395,847.642,694.6041,842.5875,694.6041],"IndexInText":720,"OcrConfidence":1.0,"Text":"in","VisualLineNumber":20},{"Box":[687.4395,850.1692,17.6904,7.1646],"Polygon":[850.1692,687.4395,867.8596,687.4395,867.8596,694.6041,850.1692,694.6041],"IndexInText":723,"OcrConfidence":1.0,"Text":"writing","VisualLineNumber":20},{"Box":[687.4395,870.3868,5.0544,7.1646],"Polygon":[870.3868,687.4395,875.4412,687.4395,875.4412,694.6041,870.3868,694.6041],"IndexInText":731,"OcrConfidence":1.0,"Text":"by","VisualLineNumber":20}]}]},{"IndexInText":735,"Language":"eng","Length":54,"Rotation":"None","SkewAngle":0.0,"Type":"Paragraph","WordGroups":[{"IndexInText":735,"Length":54,"Type":"Other","Words":[{"Box":[674.5324,1002.0946,28.3046,10.0305],"Polygon":[1002.0946,674.5324,1030.39917,674.5324,1030.39917,684.5629,1002.0946,684.5629],"IndexInText":735,"OcrConfidence":1.0,"Text":"CUMMINS","VisualLineNumber":17},{"Box":[674.5324,1034.44275,28.3046,10.0305],"Polygon":[1034.44275,674.5324,1062.74731,674.5324,1062.74731,684.5629,1034.44275,684.5629],"IndexInText":743,"OcrConfidence":1.0,"Text":"NPOWER,","VisualLineNumber":17},{"Box":[674.5324,1066.79089,12.1305,10.0305],"Polygon":[1066.79089,674.5324,1078.92139,674.5324,1078.92139,684.5629,1066.79089,684.5629],"IndexInText":751,"OcrConfidence":1.0,"Text":"LLC","VisualLineNumber":17},{"Box":[681.3364,1002.0946,36.3916,10.0305],"Polygon":[1002.0946,681.3364,1038.48621,681.3364,1038.48621,691.3669,1002.0946,691.3669],"IndexInText":755,"OcrConfidence":1.0,"Text":"CORPORATE","VisualLineNumber":19},{"Box":[681.3364,1042.52979,24.2611,10.0305],"Polygon":[1042.52979,681.3364,1066.79089,681.3364,1066.79089,691.3669,1042.52979,691.3669],"IndexInText":765,"OcrConfidence":1.0,"Text":"OFFICE","VisualLineNumber":19},{"Box":[688.1403,1002.0946,16.174,10.0305],"Polygon":[1002.0946,688.1403,1018.26862,688.1403,1018.26862,698.1708,1002.0946,698.1708],"IndexInText":772,"OcrConfidence":1.0,"Text":"1600","VisualLineNumber":20},{"Box":[688.1403,1022.31219,28.3046,10.0305],"Polygon":[1022.31219,688.1403,1050.61682,688.1403,1050.61682,698.1708,1022.31219,698.1708],"IndexInText":777,"OcrConfidence":1.0,"Text":"BUERKLE","VisualLineNumber":20},{"Box":[688.1403,1054.66028,16.1741,10.0305],"Polygon":[1054.66028,688.1403,1070.83435,688.1403,1070.83435,698.1708,1054.66028,698.1708],"IndexInText":785,"OcrConfidence":1.0,"Text":"ROAD","VisualLineNumber":20}]}]},{"IndexInText":791,"Language":"eng","Length":47,"Rotation":"None","SkewAngle":0.0,"Type":"Paragraph","WordGroups":[{"IndexInText":791,"Length":47,"Type":"Other","Words":[{"Box":[674.5324,1101.587,24.2611,10.0305],"Polygon":[1101.587,674.5324,1125.84814,674.5324,1125.84814,684.5629,1101.587,684.5629],"IndexInText":791,"OcrConfidence":1.0,"Text":"NPOWER","VisualLineNumber":17},{"Box":[674.5324,1129.8916,28.3046,10.0305],"Polygon":[1129.8916,674.5324,1158.19617,674.5324,1158.19617,684.5629,1129.8916,684.5629],"IndexInText":798,"OcrConfidence":1.0,"Text":"SYSTEMS","VisualLineNumber":17},{"Box":[681.3364,1101.587,24.2611,10.0305],"Polygon":[1101.587,681.3364,1125.84814,681.3364,1125.84814,691.3669,1101.587,691.3669],"IndexInText":806,"OcrConfidence":1.0,"Text":"DESIGN","VisualLineNumber":19},{"Box":[681.3364,1129.8916,24.2611,10.0305],"Polygon":[1129.8916,681.3364,1154.15271,681.3364,1154.15271,691.3669,1129.8916,691.3669],"IndexInText":813,"OcrConfidence":1.0,"Text":"CENTER","VisualLineNumber":19},{"Box":[688.1403,1101.587,12.1305,10.0305],"Polygon":[1101.587,688.1403,1113.71753,688.1403,1113.71753,698.1708,1101.587,698.1708],"IndexInText":820,"OcrConfidence":1.0,"Text":"875","VisualLineNumber":20},{"Box":[688.1403,1117.76111,32.3481,10.0305],"Polygon":[1117.76111,688.1403,1150.10925,688.1403,1150.10925,698.1708,1117.76111,698.1708],"IndexInText":824,"OcrConfidence":1.0,"Text":"LAWRENCE","VisualLineNumber":20},{"Box":[688.1403,1154.15271,20.2176,10.0305],"Polygon":[1154.15271,688.1403,1174.37024,688.1403,1174.37024,698.1708,1154.15271,698.1708],"IndexInText":833,"OcrConfidence":1.0,"Text":"DRIVE","VisualLineNumber":20}]}]},{"IndexInText":840,"Language":"eng","Length":278,"Rotation":"None","SkewAngle":0.0,"Type":"Paragraph","WordGroups":[{"IndexInText":840,"Length":278,"Type":"Other","Words":[{"Box":[692.2996,688.428,37.9081,12.0245],"Polygon":[688.428,692.2996,726.3361,692.2996,726.3361,704.3241,688.428,704.3241],"IndexInText":840,"OcrConfidence":1.0,"Text":"CcuomnmfiindsenNtPioawlero,r","VisualLineNumber":21},{"Box":[692.2996,728.8633,151.6323,12.0245],"Polygon":[728.8633,692.2996,880.4956,692.2996,880.4956,704.3241,728.8633,704.3241],"IndexInText":869,"OcrConfidence":1.0,"Text":"ittrawdiellse(c1r)etnoitnfuosrematthieondotchuemreenitn,or(2a)nynoctopcyoptyhetrheeofdoocrumtehnet,","VisualLineNumber":21},{"Box":[702.0196,688.428,7.5816,7.1646],"Polygon":[688.428,702.0196,696.0096,702.0196,696.0096,709.1842,688.428,709.1842],"IndexInText":969,"OcrConfidence":1.0,"Text":"(3)","VisualLineNumber":22},{"Box":[702.0196,698.5368,7.5816,7.1646],"Polygon":[698.5368,702.0196,706.1184,702.0196,706.1184,709.1842,698.5368,709.1842],"IndexInText":973,"OcrConfidence":1.0,"Text":"not","VisualLineNumber":22},{"Box":[702.0196,708.6456,20.2177,7.1646],"Polygon":[708.6456,702.0196,728.8633,702.0196,728.8633,709.1842,708.6456,709.1842],"IndexInText":977,"OcrConfidence":1.0,"Text":"disclose","VisualLineNumber":22},{"Box":[702.0196,731.3905,5.0544,7.1646],"Polygon":[731.3905,702.0196,736.4449,702.0196,736.4449,709.1842,731.3905,709.1842],"IndexInText":986,"OcrConfidence":1.0,"Text":"to","VisualLineNumber":22},{"Box":[702.0196,738.9721,15.1632,7.1646],"Polygon":[738.9721,702.0196,754.1353,702.0196,754.1353,709.1842,738.9721,709.1842],"IndexInText":989,"OcrConfidence":1.0,"Text":"others","VisualLineNumber":22},{"Box":[702.0196,756.6625,15.1633,7.1646],"Polygon":[756.6625,702.0196,771.8258,702.0196,771.8258,709.1842,756.6625,709.1842],"IndexInText":996,"OcrConfidence":1.0,"Text":"either","VisualLineNumber":22},{"Box":[702.0196,774.353,7.5816,7.1646],"Polygon":[774.353,702.0196,781.9346,702.0196,781.9346,709.1842,774.353,709.1842],"IndexInText":1003,"OcrConfidence":1.0,"Text":"the","VisualLineNumber":22},{"Box":[702.0196,784.4618,20.2176,7.1646],"Polygon":[784.4618,702.0196,804.6794,702.0196,804.6794,709.1842,784.4618,709.1842],"IndexInText":1007,"OcrConfidence":1.0,"Text":"document","VisualLineNumber":22},{"Box":[702.0196,807.2067,5.0544,7.1646],"Polygon":[807.2067,702.0196,812.2611,702.0196,812.2611,709.1842,807.2067,709.1842],"IndexInText":1016,"OcrConfidence":1.0,"Text":"or","VisualLineNumber":22},{"Box":[702.0196,814.7883,7.5816,7.1646],"Polygon":[814.7883,702.0196,822.3699,702.0196,822.3699,709.1842,814.7883,709.1842],"IndexInText":1019,"OcrConfidence":1.0,"Text":"the","VisualLineNumber":22},{"Box":[702.0196,824.8971,30.3265,7.1646],"Polygon":[824.8971,702.0196,855.2236,702.0196,855.2236,709.1842,824.8971,709.1842],"IndexInText":1023,"OcrConfidence":1.0,"Text":"confidential","VisualLineNumber":22},{"Box":[702.0196,857.7508,5.0544,7.1646],"Polygon":[857.7508,702.0196,862.8052,702.0196,862.8052,709.1842,857.7508,709.1842],"IndexInText":1036,"OcrConfidence":1.0,"Text":"or","VisualLineNumber":22},{"Box":[702.0196,865.3324,12.636,7.1646],"Polygon":[865.3324,702.0196,877.9684,702.0196,877.9684,709.1842,865.3324,709.1842],"IndexInText":1039,"OcrConfidence":1.0,"Text":"trade","VisualLineNumber":22},{"Box":[706.8796,688.428,15.1632,7.1646],"Polygon":[688.428,706.8796,703.5912,706.8796,703.5912,714.0442,688.428,714.0442],"IndexInText":1045,"OcrConfidence":1.0,"Text":"secret","VisualLineNumber":23},{"Box":[706.8796,706.1184,27.7993,7.1646],"Polygon":[706.1184,706.8796,733.9177,706.8796,733.9177,714.0442,706.1184,714.0442],"IndexInText":1052,"OcrConfidence":1.0,"Text":"information","VisualLineNumber":23},{"Box":[706.8796,736.4449,20.2176,7.1646],"Polygon":[736.4449,706.8796,756.6625,706.8796,756.6625,714.0442,736.4449,714.0442],"IndexInText":1064,"OcrConfidence":1.0,"Text":"therein,","VisualLineNumber":23},{"Box":[706.8796,761.717,7.5816,7.1646],"Polygon":[761.717,706.8796,769.2986,706.8796,769.2986,714.0442,761.717,714.0442],"IndexInText":1073,"OcrConfidence":1.0,"Text":"and","VisualLineNumber":23},{"Box":[706.8796,771.8258,7.5816,7.1646],"Polygon":[771.8258,706.8796,779.4074,706.8796,779.4074,714.0442,771.8258,714.0442],"IndexInText":1077,"OcrConfidence":1.0,"Text":"(4)","VisualLineNumber":23},{"Box":[706.8796,781.9346,10.1088,7.1646],"Polygon":[781.9346,706.8796,792.0434,706.8796,792.0434,714.0442,781.9346,714.0442],"IndexInText":1081,"OcrConfidence":1.0,"Text":"upon","VisualLineNumber":23},{"Box":[706.8796,794.5706,25.2721,7.1646],"Polygon":[794.5706,706.8796,819.8427,706.8796,819.8427,714.0442,794.5706,714.0442],"IndexInText":1086,"OcrConfidence":1.0,"Text":"completion","VisualLineNumber":23},{"Box":[706.8796,822.3699,5.0544,7.1646],"Polygon":[822.3699,706.8796,827.4243,706.8796,827.4243,714.0442,822.3699,714.0442],"IndexInText":1097,"OcrConfidence":1.0,"Text":"of","VisualLineNumber":23},{"Box":[706.8796,829.9515,7.5816,7.1646],"Polygon":[829.9515,706.8796,837.5331,706.8796,837.5331,714.0442,829.9515,714.0442],"IndexInText":1100,"OcrConfidence":1.0,"Text":"the","VisualLineNumber":23},{"Box":[706.8796,840.0603,10.1089,7.1646],"Polygon":[840.0603,706.8796,850.1692,706.8796,850.1692,714.0442,840.0603,714.0442],"IndexInText":1104,"OcrConfidence":1.0,"Text":"need","VisualLineNumber":23},{"Box":[706.8796,852.6964,5.0544,7.1646],"Polygon":[852.6964,706.8796,857.7508,706.8796,857.7508,714.0442,852.6964,714.0442],"IndexInText":1109,"OcrConfidence":1.0,"Text":"to","VisualLineNumber":23},{"Box":[706.8796,860.278,15.1632,7.1646],"Polygon":[860.278,706.8796,875.4412,706.8796,875.4412,714.0442,860.278,714.0442],"IndexInText":1112,"OcrConfidence":1.0,"Text":"retain","VisualLineNumber":23}]}]},{"IndexInText":1120,"Language":"eng","Length":60,"Rotation":"None","SkewAngle":0.0,"Type":"Paragraph","WordGroups":[{"IndexInText":1120,"Length":60,"Type":"Other","Words":[{"Box":[694.9444,1002.0946,20.2175,10.0305],"Polygon":[1002.0946,694.9444,1022.31207,694.9444,1022.31207,704.9749,1002.0946,704.9749],"IndexInText":1120,"OcrConfidence":1.0,"Text":"WHITE","VisualLineNumber":21},{"Box":[694.9444,1026.35571,16.174,10.0305],"Polygon":[1026.35571,694.9444,1042.52966,694.9444,1042.52966,704.9749,1026.35571,704.9749],"IndexInText":1126,"OcrConfidence":1.0,"Text":"BEAR","VisualLineNumber":21},{"Box":[694.9444,1046.57324,20.2176,10.0305],"Polygon":[1046.57324,694.9444,1066.79089,694.9444,1066.79089,704.9749,1046.57324,704.9749],"IndexInText":1131,"OcrConfidence":1.0,"Text":"LAKE,","VisualLineNumber":21},{"Box":[694.9444,1070.83435,8.087,10.0305],"Polygon":[1070.83435,694.9444,1078.92139,694.9444,1078.92139,704.9749,1070.83435,704.9749],"IndexInText":1137,"OcrConfidence":1.0,"Text":"MN","VisualLineNumber":21},{"Box":[694.9444,1101.587,28.3046,10.0305],"Polygon":[1101.587,694.9444,1129.8916,694.9444,1129.8916,704.9749,1101.587,704.9749],"IndexInText":1140,"OcrConfidence":1.0,"Text":"DEPERE,","VisualLineNumber":21},{"Box":[694.9444,1133.935,36.3917,10.0305],"Polygon":[1133.935,694.9444,1170.32678,694.9444,1170.32678,704.9749,1133.935,704.9749],"IndexInText":1148,"OcrConfidence":1.0,"Text":"WISCONSIN","VisualLineNumber":21},{"Box":[701.7483,1002.0946,88.9574,10.0305],"Polygon":[1002.0946,701.7483,1091.052,701.7483,1091.052,711.7788,1002.0946,711.7788],"IndexInText":1158,"OcrConfidence":1.0,"Text":"WWW.NPOWER.CUMMINS.COM","VisualLineNumber":22}]}]},{"IndexInText":1182,"Language":"eng","Length":235,"Rotation":"None","SkewAngle":0.0,"Type":"Paragraph","WordGroups":[{"IndexInText":1182,"Length":235,"Type":"Other","Words":[{"Box":[711.7396,688.428,7.5816,12.0246],"Polygon":[688.428,711.7396,696.0096,711.7396,696.0096,723.7642,688.428,723.7642],"IndexInText":1182,"OcrConfidence":1.0,"Text":"tahlel","VisualLineNumber":24},{"Box":[711.7396,698.5368,116.2515,12.0246],"Polygon":[698.5368,711.7396,814.7883,711.7396,814.7883,723.7642,698.5368,723.7642],"IndexInText":1189,"OcrConfidence":1.0,"Text":"dmoactuemreinatl,coorpiuepdonthdeermeafnrdo,m.retCuOrPnYRtIhGeHTdocCuummemnitn,s","VisualLineNumber":24},{"Box":[711.7396,817.3155,48.0169,12.0246],"Polygon":[817.3155,711.7396,865.3324,711.7396,865.3324,723.7642,817.3155,723.7642],"IndexInText":1270,"OcrConfidence":1.0,"Text":"aNlPlowceorp,ieLsLCthereof,","VisualLineNumber":24},{"Box":[711.7396,867.8596,32.6598,18.3782],"Polygon":[867.8596,711.7396,900.5194,711.7396,900.5194,730.1178,867.8596,730.1178],"IndexInText":1298,"OcrConfidence":1.0,"Text":"aTndITLE","VisualLineNumber":24},{"Box":[714.1964,906.9377,51.84,15.9214],"Polygon":[906.9377,714.1964,958.7777,714.1964,958.7777,730.1178,906.9377,730.1178],"IndexInText":1307,"OcrConfidence":1.0,"Text":"1:PANEL,","VisualLineNumber":24},{"Box":[714.1964,965.196,44.928,15.9214],"Polygon":[965.196,714.1964,1010.124,714.1964,1010.124,730.1178,965.196,730.1178],"IndexInText":1316,"OcrConfidence":1.0,"Text":"CIRCUIT","VisualLineNumber":24},{"Box":[714.1964,1016.5423,44.928,15.9214],"Polygon":[1016.5423,714.1964,1061.47034,714.1964,1061.47034,730.1178,1016.5423,730.1178],"IndexInText":1324,"OcrConfidence":1.0,"Text":"BREAKER","VisualLineNumber":24},{"Box":[714.1964,1067.88855,51.3463,15.9214],"Polygon":[1067.88855,714.1964,1119.23474,714.1964,1119.23474,730.1178,1067.88855,730.1178],"IndexInText":1332,"OcrConfidence":1.0,"Text":"MOUNTING","VisualLineNumber":24},{"Box":[728.7569,688.428,21.1803,8.7567],"Polygon":[688.428,728.7569,709.6083,728.7569,709.6083,737.5136,688.428,737.5136],"IndexInText":1341,"OcrConfidence":1.0,"Text":"UNLESS","VisualLineNumber":25},{"Box":[728.7569,713.1383,31.7705,8.7567],"Polygon":[713.1383,728.7569,744.9088,728.7569,744.9088,737.5136,713.1383,737.5136],"IndexInText":1348,"OcrConfidence":1.0,"Text":"OTHERWISE","VisualLineNumber":25},{"Box":[728.7569,748.4388,31.7705,8.7567],"Polygon":[748.4388,728.7569,780.2093,728.7569,780.2093,737.5136,748.4388,737.5136],"IndexInText":1358,"OcrConfidence":1.0,"Text":"SPECIFIED","VisualLineNumber":25},{"Box":[728.7569,783.7393,10.5902,8.7567],"Polygon":[783.7393,728.7569,794.3295,728.7569,794.3295,737.5136,783.7393,737.5136],"IndexInText":1368,"OcrConfidence":1.0,"Text":"ALL","VisualLineNumber":25},{"Box":[728.7569,797.8595,31.7705,8.7567],"Polygon":[797.8595,728.7569,829.63,728.7569,829.63,737.5136,797.8595,737.5136],"IndexInText":1372,"OcrConfidence":1.0,"Text":"DIMENSION","VisualLineNumber":25},{"Box":[724.9965,833.16,67.3594,15.9214],"Polygon":[833.16,724.9965,900.5194,724.9965,900.5194,740.9179,833.16,740.9179],"IndexInText":1382,"OcrConfidence":1.0,"Text":"TOLERANCESTAIRETLE","VisualLineNumber":25},{"Box":[724.9965,906.9377,45.4217,15.9214],"Polygon":[906.9377,724.9965,952.3594,724.9965,952.3594,740.9179,906.9377,740.9179],"IndexInText":1401,"OcrConfidence":1.0,"Text":"2:THREE","VisualLineNumber":25},{"Box":[724.9965,958.7777,51.3463,15.9214],"Polygon":[958.7777,724.9965,1010.124,724.9965,1010.124,740.9179,958.7777,740.9179],"IndexInText":1409,"OcrConfidence":1.0,"Text":"BREAKERS","VisualLineNumber":25}]}]},{"IndexInText":1419,"Language":"eng","Length":75,"Rotation":"None","SkewAngle":0.0,"Type":"Paragraph","WordGroups":[{"IndexInText":1419,"Length":75,"Type":"Other","Words":[{"Box":[741.1221,675.6336,23.5872,9.5528],"Polygon":[675.6336,741.1221,699.2208,741.1221,699.2208,750.6749,675.6336,750.6749],"IndexInText":1419,"OcrConfidence":1.0,"Text":"ANGULAR","VisualLineNumber":26},{"Box":[741.1221,702.5904,33.696,9.5528],"Polygon":[702.5904,741.1221,736.2864,741.1221,736.2864,750.6749,702.5904,750.6749],"IndexInText":1427,"OcrConfidence":1.0,"Text":"DIMENSIONS","VisualLineNumber":26},{"Box":[741.1221,746.3952,3.3696,9.5528],"Polygon":[746.3952,741.1221,749.7648,741.1221,749.7648,750.6749,746.3952,750.6749],"IndexInText":1438,"OcrConfidence":1.0,"Text":"#","VisualLineNumber":26},{"Box":[741.1221,756.504,32.6696,9.5528],"Polygon":[756.504,741.1221,789.1736,741.1221,789.1736,750.6749,756.504,750.6749],"IndexInText":1440,"OcrConfidence":1.0,"Text":"1IM$PERIAL","VisualLineNumber":26},{"Box":[741.1221,793.0245,19.2549,9.5528],"Polygon":[793.0245,741.1221,812.2794,741.1221,812.2794,750.6749,793.0245,750.6749],"IndexInText":1451,"OcrConfidence":1.0,"Text":"UNITS","VisualLineNumber":26},{"Box":[741.1221,815.2623,23.1058,9.5528],"Polygon":[815.2623,741.1221,838.3681,741.1221,838.3681,750.6749,815.2623,750.6749],"IndexInText":1457,"OcrConfidence":1.0,"Text":"METRIC","VisualLineNumber":26},{"Box":[741.1221,842.2191,19.2548,9.5528],"Polygon":[842.2191,741.1221,861.4739,741.1221,861.4739,750.6749,842.2191,750.6749],"IndexInText":1464,"OcrConfidence":1.0,"Text":"UNITS","VisualLineNumber":26},{"Box":[741.1964,868.428,19.2549,15.9214],"Polygon":[868.428,741.1964,887.6829,741.1964,887.6829,757.1178,868.428,757.1178],"IndexInText":1470,"OcrConfidence":1.0,"Text":"DWG","VisualLineNumber":26},{"Box":[741.1964,894.1011,38.5098,15.9214],"Polygon":[894.1011,741.1964,932.6109,741.1964,932.6109,757.1178,894.1011,757.1178],"IndexInText":1474,"OcrConfidence":1.0,"Text":"UNITS:","VisualLineNumber":26},{"Box":[739.1117,949.428,30.0856,14.9263],"Polygon":[949.428,739.1117,979.5136,739.1117,979.5136,754.038,949.428,754.038],"IndexInText":1481,"OcrConfidence":1.0,"Text":"DRAWN","VisualLineNumber":26},{"Box":[739.1117,985.5308,18.0514,14.9263],"Polygon":[985.5308,739.1117,1002.12244,739.1117,1002.12244,754.038,985.5308,754.038],"IndexInText":1487,"OcrConfidence":1.0,"Text":"BY:","VisualLineNumber":26},{"Box":[739.1117,1003.428,18.0513,14.9263],"Polygon":[1004.8877,739.1117,1021.47931,739.1117,1021.47931,754.038,1004.8877,754.038],"IndexInText":1491,"OcrConfidence":1.0,"Text":"PBS","VisualLineNumber":26}]}]},{"IndexInText":1496,"Language":"ron","Length":7,"Rotation":"None","SkewAngle":0.0,"Type":"Paragraph","WordGroups":[{"IndexInText":1496,"Length":7,"Type":"Other","Words":[{"Box":[739.1117,1084.49988,30.0857,14.9263],"Polygon":[1084.49988,739.1117,1114.58557,739.1117,1114.58557,754.038,1084.49988,754.038],"IndexInText":1496,"OcrConfidence":1.0,"Text":"DATE:","VisualLineNumber":26},{"Box":[739.1117,1116.9,6.0171,14.9263],"Polygon":[1116.9,739.1117,1122.91711,739.1117,1122.91711,754.038,1116.9,754.038],"IndexInText":1502,"OcrConfidence":1.0,"Text":"-","VisualLineNumber":26}]}]},{"IndexInText":1505,"Language":"eng","Length":131,"Rotation":"None","SkewAngle":0.0,"Type":"Paragraph","WordGroups":[{"IndexInText":1505,"Length":131,"Type":"Other","Words":[{"Box":[752.9099,683.804,16.8237,9.5528],"Polygon":[683.804,752.9099,700.6277,752.9099,700.6277,762.4627,683.804,762.4627],"IndexInText":1505,"OcrConfidence":1.0,"Text":"THIRD","VisualLineNumber":27},{"Box":[752.9099,703.9924,16.8237,9.5528],"Polygon":[703.9924,752.9099,720.8161,752.9099,720.8161,762.4627,703.9924,762.4627],"IndexInText":1511,"OcrConfidence":1.0,"Text":"ANGLE","VisualLineNumber":27},{"Box":[752.9099,724.1809,33.6473,9.5528],"Polygon":[724.1809,752.9099,757.8282,752.9099,757.8282,762.4627,724.1809,762.4627],"IndexInText":1517,"OcrConfidence":1.0,"Text":"PROJECTION","VisualLineNumber":27},{"Box":[753.745,766.188,13.4784,8.0164],"Polygon":[766.188,753.745,779.6664,753.745,779.6664,761.7614,766.188,761.7614],"IndexInText":1528,"OcrConfidence":1.0,"Text":"M.AXCXHIN=E","VisualLineNumber":27},{"Box":[753.745,781.5919,19.2548,8.0164],"Polygon":[781.5919,753.745,800.8467,753.745,800.8467,761.7614,781.5919,761.7614],"IndexInText":1540,"OcrConfidence":1.0,"Text":"T#OLE0R.A0N1C0ES","VisualLineNumber":27},{"Box":[753.745,817.308,34.6588,8.0164],"Polygon":[817.308,753.745,851.9668,753.745,851.9668,761.7614,817.308,761.7614],"IndexInText":1557,"OcrConfidence":1.0,"Text":"M.AXCHI=NE#TOL0E.R4ANCES","VisualLineNumber":27},{"Box":[751.9965,868.428,44.928,15.9214],"Polygon":[868.428,751.9965,913.356,751.9965,913.356,767.9179,868.428,767.9179],"IndexInText":1582,"OcrConfidence":1.0,"Text":"IN/LB/S","VisualLineNumber":27},{"Box":[752.6477,949.428,24.0685,14.9263],"Polygon":[949.428,752.6477,973.4965,752.6477,973.4965,767.574,949.428,767.574],"IndexInText":1590,"OcrConfidence":1.0,"Text":"APPD","VisualLineNumber":27},{"Box":[752.6477,979.5137,24.5314,14.9263],"Polygon":[979.5137,752.6477,1004.0451,752.6477,1004.0451,767.574,979.5137,767.574],"IndexInText":1595,"OcrConfidence":1.0,"Text":"BY:-","VisualLineNumber":27},{"Box":[752.6477,1084.49988,30.0857,14.9263],"Polygon":[1084.49988,752.6477,1114.58557,752.6477,1114.58557,767.574,1084.49988,767.574],"IndexInText":1600,"OcrConfidence":1.0,"Text":"DATE:","VisualLineNumber":27},{"Box":[752.6477,1116.9,6.0171,14.9263],"Polygon":[1116.9,752.6477,1122.91711,752.6477,1122.91711,767.574,1116.9,767.574],"IndexInText":1606,"OcrConfidence":1.0,"Text":"-","VisualLineNumber":27},{"Box":[759.8447,758.3866,23.8278,19.1056],"Polygon":[758.3866,759.8447,782.2144,759.8447,782.2144,778.9503,758.3866,778.9503],"IndexInText":1608,"OcrConfidence":1.0,"Text":"1.-2XXX5=","VisualLineNumber":28},{"Box":[760.225,781.5919,1.9255,4.7764],"Polygon":[781.5919,760.225,783.5174,760.225,783.5174,765.0014,781.5919,765.0014],"IndexInText":1618,"OcrConfidence":1.0,"Text":"#","VisualLineNumber":28},{"Box":[760.225,787.3683,9.6275,4.7764],"Polygon":[787.3683,760.225,796.9958,760.225,796.9958,765.0014,787.3683,765.0014],"IndexInText":1620,"OcrConfidence":1.0,"Text":"0.005","VisualLineNumber":28},{"Box":[760.225,817.308,9.6275,4.7764],"Polygon":[817.308,760.225,826.9355,760.225,826.9355,765.0014,817.308,765.0014],"IndexInText":1626,"OcrConfidence":1.0,"Text":".XX=","VisualLineNumber":28},{"Box":[760.225,830.7864,1.9255,4.7764],"Polygon":[830.7864,760.225,832.7119,760.225,832.7119,765.0014,830.7864,765.0014],"IndexInText":1631,"OcrConfidence":1.0,"Text":"#","VisualLineNumber":28},{"Box":[760.225,836.5629,5.7765,4.7764],"Polygon":[836.5629,760.225,842.3394,760.225,842.3394,765.0014,836.5629,765.0014],"IndexInText":1633,"OcrConfidence":1.0,"Text":"0.2","VisualLineNumber":28}]}]},{"IndexInText":1638,"Language":"eng","Length":1,"Rotation":"None","SkewAngle":0.0,"Type":"Paragraph","WordGroups":[{"IndexInText":1638,"Length":1,"Type":"Other","Words":[{"Box":[766.1115,370.4197,6.0171,14.9263],"Polygon":[370.4197,766.1115,376.4368,766.1115,376.4368,781.0378,370.4197,781.0378],"IndexInText":1638,"OcrConfidence":1.0,"Text":"A","VisualLineNumber":28}]}]},{"IndexInText":1641,"Language":"eng","Length":100,"Rotation":"None","SkewAngle":0.0,"Type":"Paragraph","WordGroups":[{"IndexInText":1641,"Length":100,"Type":"Other","Words":[{"Box":[766.705,766.188,30.8078,8.0164],"Polygon":[766.188,766.705,796.9958,766.705,796.9958,774.7214,766.188,774.7214],"IndexInText":1641,"OcrConfidence":1.0,"Text":"F.OXRXMT=OLE#RAN0C.E0S30","VisualLineNumber":28},{"Box":[766.705,817.308,28.8823,8.0164],"Polygon":[817.308,766.705,846.1903,766.705,846.1903,774.7214,817.308,774.7214],"IndexInText":1666,"OcrConfidence":1.0,"Text":"F.OXRM=TOL#ERA0N.C8ES","VisualLineNumber":28},{"Box":[767.8532,868.428,18.0514,14.9263],"Polygon":[868.428,767.8532,886.4794,767.8532,886.4794,782.7795,868.428,782.7795],"IndexInText":1688,"OcrConfidence":1.0,"Text":"EST","VisualLineNumber":28},{"Box":[767.8532,892.4965,42.1199,14.9263],"Polygon":[892.4965,767.8532,934.6164,767.8532,934.6164,782.7795,892.4965,782.7795],"IndexInText":1692,"OcrConfidence":1.0,"Text":"WEIGHT:","VisualLineNumber":28},{"Box":[767.8532,949.428,36.1028,14.9263],"Polygon":[949.428,767.1434,984.6414,767.1434,984.6414,783.0648,949.428,783.0648],"IndexInText":1700,"OcrConfidence":1.0,"Text":"SCALE:","VisualLineNumber":28},{"Box":[767.1434,986.4771,12.8366,15.9214],"Polygon":[987.5759,767.1434,999.3137,767.1434,999.3137,783.0648,987.5759,783.0648],"IndexInText":1707,"OcrConfidence":1.0,"Text":"DO","VisualLineNumber":28},{"Box":[767.1434,1005.732,19.2548,15.9214],"Polygon":[1005.732,767.1434,1024.98682,767.1434,1024.98682,783.0648,1005.732,783.0648],"IndexInText":1710,"OcrConfidence":1.0,"Text":"NOT","VisualLineNumber":28},{"Box":[767.8532,1033.45715,30.0856,14.9263],"Polygon":[1033.45715,767.8532,1063.54285,767.8532,1063.54285,782.7795,1033.45715,782.7795],"IndexInText":1714,"OcrConfidence":1.0,"Text":"SHEET","VisualLineNumber":28},{"Box":[766.3814,1074.00256,50.0386,16.6834],"Polygon":[1074.00256,766.3814,1124.04126,766.3814,1124.04126,783.0648,1074.00256,783.0648],"IndexInText":1720,"OcrConfidence":1.0,"Text":"DDRRAWAIWNIGNNGO:","VisualLineNumber":28},{"Box":[767.1434,1126.84631,19.2549,15.9214],"Polygon":[1126.84631,767.1434,1146.1012,767.1434,1146.1012,783.0648,1126.84631,783.0648],"IndexInText":1738,"OcrConfidence":1.0,"Text":"NO:","VisualLineNumber":28}]}]},{"IndexInText":1743,"Language":"eng","Length":161,"Rotation":"None","SkewAngle":0.0,"Type":"Paragraph","WordGroups":[{"IndexInText":1743,"Length":161,"Type":"Other","Words":[{"Box":[773.185,766.188,11.5529,4.7764],"Polygon":[766.188,773.185,777.7409,773.185,777.7409,777.9614,766.188,777.9614],"IndexInText":1743,"OcrConfidence":1.0,"Text":".XXX=","VisualLineNumber":29},{"Box":[773.185,781.5919,1.9255,4.7764],"Polygon":[781.5919,773.185,783.5174,773.185,783.5174,777.9614,781.5919,777.9614],"IndexInText":1749,"OcrConfidence":1.0,"Text":"#","VisualLineNumber":29},{"Box":[773.185,787.3683,9.6275,4.7764],"Polygon":[787.3683,773.185,796.9958,773.185,796.9958,777.9614,787.3683,777.9614],"IndexInText":1751,"OcrConfidence":1.0,"Text":"0.015","VisualLineNumber":29},{"Box":[773.185,817.308,9.6275,4.7764],"Polygon":[817.308,773.185,826.9355,773.185,826.9355,777.9614,817.308,777.9614],"IndexInText":1757,"OcrConfidence":1.0,"Text":".XX=","VisualLineNumber":29},{"Box":[773.185,830.7864,1.9255,4.7764],"Polygon":[830.7864,773.185,832.7119,773.185,832.7119,777.9614,830.7864,777.9614],"IndexInText":1762,"OcrConfidence":1.0,"Text":"#","VisualLineNumber":29},{"Box":[773.185,836.5629,5.7765,4.7764],"Polygon":[836.5629,773.185,842.3394,773.185,842.3394,777.9614,836.5629,777.9614],"IndexInText":1764,"OcrConfidence":1.0,"Text":"0.4","VisualLineNumber":29},{"Box":[779.6474,364.4026,18.0514,14.9263],"Polygon":[364.4026,779.6474,382.454,779.6474,382.454,794.5737,364.4026,794.5737],"IndexInText":1768,"OcrConfidence":1.0,"Text":"REV","VisualLineNumber":30},{"Box":[779.6474,407.7312,66.1885,14.9263],"Polygon":[407.7312,779.6474,473.9197,779.6474,473.9197,794.5737,407.7312,794.5737],"IndexInText":1772,"OcrConfidence":1.0,"Text":"DESCRIPTION","VisualLineNumber":30},{"Box":[779.6474,479.9369,12.0342,14.9263],"Polygon":[479.9369,779.6474,491.9711,779.6474,491.9711,794.5737,479.9369,794.5737],"IndexInText":1784,"OcrConfidence":1.0,"Text":"OF","VisualLineNumber":30},{"Box":[779.6474,497.9883,48.137,14.9263],"Polygon":[497.9883,779.6474,546.1253,779.6474,546.1253,794.5737,497.9883,794.5737],"IndexInText":1787,"OcrConfidence":1.0,"Text":"REVISION","VisualLineNumber":30},{"Box":[779.6474,580.3768,18.0514,14.9263],"Polygon":[580.3768,779.6474,598.4282,779.6474,598.4282,794.5737,580.3768,794.5737],"IndexInText":1796,"OcrConfidence":1.0,"Text":"REV","VisualLineNumber":30},{"Box":[779.6474,604.4454,12.0342,14.9263],"Polygon":[604.4454,779.6474,616.4796,779.6474,616.4796,794.5737,604.4454,794.5737],"IndexInText":1800,"OcrConfidence":1.0,"Text":"BY","VisualLineNumber":30},{"Box":[779.6474,644.894,24.0685,14.9263],"Polygon":[644.894,779.6474,668.9625,779.6474,668.9625,794.5737,644.894,794.5737],"IndexInText":1803,"OcrConfidence":1.0,"Text":"DATE","VisualLineNumber":30},{"Box":[779.665,766.188,30.8078,11.2564],"Polygon":[766.188,779.665,796.9958,779.665,796.9958,790.9214,766.188,790.9214],"IndexInText":1808,"OcrConfidence":1.0,"Text":"F..AXXBXXXTO==LER##ANC00E..S006300","VisualLineNumber":30},{"Box":[779.665,817.308,26.9568,11.2564],"Polygon":[817.308,779.665,844.2648,779.665,844.2648,790.9214,817.308,790.9214],"IndexInText":1843,"OcrConfidence":1.0,"Text":"F..AXXBXT==OLE##RAN10C..E58S","VisualLineNumber":30},{"Box":[777.9782,868.428,30.0856,14.9263],"Polygon":[868.428,777.9782,898.5136,777.9782,898.5136,792.9045,868.428,792.9045],"IndexInText":1872,"OcrConfidence":1.0,"Text":"0.000","VisualLineNumber":30},{"Box":[777.9782,949.428,30.0856,14.9263],"Polygon":[949.428,777.9782,979.5136,777.9782,979.5136,792.9045,949.428,792.9045],"IndexInText":1878,"OcrConfidence":1.0,"Text":"0.380","VisualLineNumber":30},{"Box":[777.9435,989.6863,32.0914,15.9214],"Polygon":[989.6863,777.9435,1021.77771,777.9435,1021.77771,793.8649,989.6863,793.8649],"IndexInText":1884,"OcrConfidence":1.0,"Text":"SCALE","VisualLineNumber":30},{"Box":[777.9783,1037.39148,22.2171,14.9263],"Polygon":[1037.39148,777.9783,1059.60864,777.9783,1059.60864,792.9046,1037.39148,792.9046],"IndexInText":1890,"OcrConfidence":1.0,"Text":"1OF1","VisualLineNumber":30},{"Box":[777.9435,1075.5,57.7646,15.9214],"Polygon":[1075.5,777.9435,1133.26465,777.9435,1133.26465,793.8649,1075.5,793.8649],"IndexInText":1895,"OcrConfidence":1.0,"Text":"11427-007","VisualLineNumber":30}]}]},{"IndexInText":1906,"Language":"eng","Length":4,"Rotation":"None","SkewAngle":0.0,"Type":"Paragraph","WordGroups":[{"IndexInText":1906,"Length":4,"Type":"Other","Words":[{"Box":[771.6434,1147.5,25.6732,15.9214],"Polygon":[1147.5,771.6434,1173.17322,771.6434,1173.17322,787.5648,1147.5,787.5648],"IndexInText":1906,"OcrConfidence":1.0,"Text":"REV:","VisualLineNumber":29}]}]}],"ProcessingSource":"Pdf","IndexInText":0,"TextLength":1910,"SkewAngle":0.0}]}