{"DocumentTypeId":"BomPDF.BomTable.BomTableDataFormat","FormId":"98dabe22","FormName":"Temp_3B_5","OriginalFileExtension":"pdf","Pages":[{"Page":0,"Size":[0.0,0.0,1224.0,792.0],"SkewAngle":0.0,"Evidence":[{"Text":"CUMMINS","Box":[685.813,797.3643,77.3755,29.8525]},{"Text":"POWER","Box":[685.813,881.6043,56.3155,29.8525]},{"Text":"PRODUCTS","Box":[685.813,944.7843,87.9055,29.8525]},{"Text":"NEW","Box":[690.3787,1053.27759,18.5328,17.5135]},{"Text":"HUDSON,","Box":[690.3787,1077.988,43.2432,17.5135]}],"Fields":[],"Tables":[]},{"Page":1,"Size":[0.0,0.0,1224.0,792.0],"SkewAngle":0.0,"Evidence":[{"Text":"BILL","Box":[26.3226,866.4237,22.464,15.9214]},{"Text":"OF","Box":[26.3226,894.5036,11.232,15.9214]},{"Text":"MATERIAL","Box":[26.3226,911.3516,44.928,15.9214]},{"Text":"ITEM","Box":[42.3966,644.0589,22.464,15.9214]},{"Text":"QTY.","Box":[42.3966,689.0589,22.464,15.9214]},{"Text":"PART","Box":[42.3966,734.0588,22.464,15.9214]},{"Text":"NO.","Box":[42.3966,762.1388,16.848,15.9214]},{"Text":"DESCRIPTION","Box":[42.3966,824.0589,61.776,15.9214]}],"Fields":[],"Tables":[{"FieldId":"BomPDF.BomTable.BomTableDataFormat.ExtractedTable","Headers":[{"FieldId":"BomPDF.BomTable.BomTableDataFormat.ExtractedTable.ITEM","Box":[0.0,0.0,0.0,0.0]},{"FieldId":"BomPDF.BomTable.BomTableDataFormat.ExtractedTable.QTY","Box":[0.0,0.0,0.0,0.0]},{"FieldId":"BomPDF.BomTable.BomTableDataFormat.ExtractedTable.DESCRIPTION","Box":[0.0,0.0,0.0,0.0]},{"FieldId":"BomPDF.BomTable.BomTableDataFormat.ExtractedTable.PARTNUMBER","Box":[0.0,0.0,0.0,0.0]},{"FieldId":"BomPDF.BomTable.BomTableDataFormat.ExtractedTable.REVISION","Box":[0.0,0.0,0.0,0.0]}],"Cells":[{"Row":0,"Column":0,"Box":[57.4179,641.8048,45.9139,1.9139]},{"Row":0,"Column":1,"Box":[57.4179,687.7188,45.0,1.9139]},{"Row":0,"Column":2,"Box":[57.4179,822.7188,360.0,1.9139]},{"Row":0,"Column":3,"Box":[57.4179,732.7188,90.0,1.9139]},{"Row":1,"Column":0,"Box":[59.3319,641.8048,45.9139,15.0]},{"Row":1,"Column":1,"Box":[59.3319,687.7188,45.0,15.0]},{"Row":1,"Column":2,"Box":[59.3319,822.7188,360.0,15.0]},{"Row":1,"Column":3,"Box":[59.3319,732.7188,90.0,15.0]},{"Row":2,"Column":0,"Box":[74.3319,641.8048,45.9139,16.0]},{"Row":2,"Column":1,"Box":[74.3319,687.7188,45.0,16.0]},{"Row":2,"Column":2,"Box":[74.3319,822.7188,360.0,16.0]},{"Row":2,"Column":3,"Box":[74.3319,732.7188,90.0,16.0]},{"Row":3,"Column":0,"Box":[90.3319,641.8048,45.9139,16.0]},{"Row":3,"Column":1,"Box":[90.3319,687.7188,45.0,16.0]},{"Row":3,"Column":2,"Box":[90.3319,822.7188,360.0,16.0]},{"Row":3,"Column":3,"Box":[90.3319,732.7188,90.0,16.0]},{"Row":4,"Column":0,"Box":[106.3319,641.8048,45.9139,16.0]},{"Row":4,"Column":1,"Box":[106.3319,687.7188,45.0,16.0]},{"Row":4,"Column":2,"Box":[106.3319,822.7188,360.0,16.0]},{"Row":4,"Column":3,"Box":[106.3319,732.7188,90.0,16.0]},{"Row":5,"Column":0,"Box":[122.3319,641.8048,45.9139,16.0]},{"Row":5,"Column":1,"Box":[122.3319,687.7188,45.0,16.0]},{"Row":5,"Column":2,"Box":[122.3319,822.7188,360.0,16.0]},{"Row":5,"Column":3,"Box":[122.3319,732.7188,90.0,16.0]},{"Row":6,"Column":0,"Box":[138.3319,641.8048,45.9139,16.0]},{"Row":6,"Column":1,"Box":[138.3319,687.7188,45.0,16.0]},{"Row":6,"Column":2,"Box":[138.3319,822.7188,360.0,16.0]},{"Row":6,"Column":3,"Box":[138.3319,732.7188,90.0,16.0]},{"Row":7,"Column":0,"Box":[154.3319,641.8048,45.9139,16.0]},{"Row":7,"Column":1,"Box":[154.3319,687.7188,45.0,16.0]},{"Row":7,"Column":2,"Box":[154.3319,822.7188,360.0,16.0]},{"Row":7,"Column":3,"Box":[154.3319,732.7188,90.0,16.0]},{"Row":8,"Column":0,"Box":[170.3319,641.8048,45.9139,16.0]},{"Row":8,"Column":1,"Box":[170.3319,687.7188,45.0,16.0]},{"Row":8,"Column":2,"Box":[170.3319,822.7188,360.0,16.0]},{"Row":8,"Column":3,"Box":[170.3319,732.7188,90.0,16.0]},{"Row":9,"Column":0,"Box":[186.3319,641.8048,45.9139,17.0]},{"Row":9,"Column":1,"Box":[186.3319,687.7188,45.0,17.0]},{"Row":9,"Column":2,"Box":[186.3319,822.7188,360.0,17.0]},{"Row":9,"Column":3,"Box":[186.3319,732.7188,90.0,17.0]},{"Row":10,"Column":0,"Box":[203.3319,641.8048,45.9139,16.0]},{"Row":10,"Column":1,"Box":[203.3319,687.7188,45.0,16.0]},{"Row":10,"Column":2,"Box":[203.3319,822.7188,360.0,16.0]},{"Row":10,"Column":3,"Box":[203.3319,732.7188,90.0,16.0]},{"Row":11,"Column":0,"Box":[219.3319,641.8048,45.9139,16.0]},{"Row":11,"Column":1,"Box":[219.3319,687.7188,45.0,16.0]},{"Row":11,"Column":2,"Box":[219.3319,822.7188,360.0,16.0]},{"Row":11,"Column":3,"Box":[219.3319,732.7188,90.0,16.0]},{"Row":12,"Column":0,"Box":[235.3319,641.8048,45.9139,16.0]},{"Row":12,"Column":1,"Box":[235.3319,687.7188,45.0,16.0]},{"Row":12,"Column":2,"Box":[235.3319,822.7188,360.0,16.0]},{"Row":12,"Column":3,"Box":[235.3319,732.7188,90.0,16.0]},{"Row":13,"Column":0,"Box":[251.3319,641.8048,45.9139,16.0]},{"Row":13,"Column":1,"Box":[251.3319,687.7188,45.0,16.0]},{"Row":13,"Column":2,"Box":[251.3319,822.7188,360.0,16.0]},{"Row":13,"Column":3,"Box":[251.3319,732.7188,90.0,16.0]},{"Row":14,"Column":0,"Box":[267.3319,641.8048,45.9139,16.0]},{"Row":14,"Column":1,"Box":[267.3319,687.7188,45.0,16.0]},{"Row":14,"Column":2,"Box":[267.3319,822.7188,360.0,16.0]},{"Row":14,"Column":3,"Box":[267.3319,732.7188,90.0,16.0]},{"Row":15,"Column":0,"Box":[283.3319,641.8048,45.9139,40.1225]},{"Row":15,"Column":1,"Box":[283.3319,687.7188,45.0,40.1225]},{"Row":15,"Column":2,"Box":[283.3319,822.7188,360.0,40.1225]},{"Row":15,"Column":3,"Box":[283.3319,732.7188,90.0,40.1225]}]}]}],"AnchorBasedConfiguration":{"AnchorBasedFieldConfiguration":[]}}