{"DocumentTypeId":"BomPDF.BomTable.BomTableDataFormat","FormId":"486c50e1","FormName":"Temp_3B_3","OriginalFileExtension":"pdf","Pages":[{"Page":0,"Size":[0.0,0.0,1224.0,792.0],"SkewAngle":0.0,"Evidence":[{"Text":"CUMMINS","Box":[685.813,797.3643,77.3755,29.8525]},{"Text":"POWER","Box":[685.813,881.6043,56.3155,29.8525]},{"Text":"PRODUCTS","Box":[685.813,944.7843,87.9055,29.8525]},{"Text":"NEW","Box":[690.3787,1053.27759,18.5328,17.5135]},{"Text":"HUDSON,","Box":[690.3787,1077.988,43.2432,17.5135]},{"Text":"60000525","Box":[749.2493,1131.90161,44.928,15.9214]}],"Fields":[],"Tables":[]},{"Page":1,"Size":[0.0,0.0,1224.0,792.0],"SkewAngle":0.0,"Evidence":[{"Text":"BILL","Box":[25.6958,760.8951,28.08,19.9017]},{"Text":"OF","Box":[25.6958,795.9951,14.04,19.9017]},{"Text":"MATERIAL","Box":[25.6958,817.0551,56.16,19.9017]},{"Text":"ITEM","Box":[41.7699,455.2622,28.08,19.9017]},{"Text":"QTY.","Box":[41.7699,500.2623,28.08,19.9017]},{"Text":"PART","Box":[41.7699,545.2623,28.08,19.9017]},{"Text":"NO.","Box":[41.7699,580.3623,21.06,19.9017]},{"Text":"DESCRIPTION","Box":[41.7699,635.2623,77.22,19.9017]}],"Fields":[],"Tables":[{"FieldId":"BomPDF.BomTable.BomTableDataFormat.ExtractedTable","Headers":[{"FieldId":"BomPDF.BomTable.BomTableDataFormat.ExtractedTable.ITEM","Box":[0.0,0.0,0.0,0.0]},{"FieldId":"BomPDF.BomTable.BomTableDataFormat.ExtractedTable.QTY","Box":[0.0,0.0,0.0,0.0]},{"FieldId":"BomPDF.BomTable.BomTableDataFormat.ExtractedTable.DESCRIPTION","Box":[0.0,0.0,0.0,0.0]},{"FieldId":"BomPDF.BomTable.BomTableDataFormat.ExtractedTable.PARTNUMBER","Box":[0.0,0.0,0.0,0.0]},{"FieldId":"BomPDF.BomTable.BomTableDataFormat.ExtractedTable.REVISION","Box":[0.0,0.0,0.0,0.0]}],"Cells":[{"Row":0,"Column":0,"Box":[56.0856,452.5524,45.4505,1.4505]},{"Row":0,"Column":1,"Box":[56.0856,498.0029,45.0,1.4505]},{"Row":0,"Column":2,"Box":[56.0856,633.0029,549.0,1.4505]},{"Row":0,"Column":3,"Box":[56.0856,543.0029,90.0,1.4505]},{"Row":1,"Column":0,"Box":[57.536,452.5524,45.4505,16.0]},{"Row":1,"Column":1,"Box":[57.536,498.0029,45.0,16.0]},{"Row":1,"Column":2,"Box":[57.536,633.0029,549.0,16.0]},{"Row":1,"Column":3,"Box":[57.536,543.0029,90.0,16.0]},{"Row":2,"Column":0,"Box":[73.536,452.5524,45.4505,16.0]},{"Row":2,"Column":1,"Box":[73.536,498.0029,45.0,16.0]},{"Row":2,"Column":2,"Box":[73.536,633.0029,549.0,16.0]},{"Row":2,"Column":3,"Box":[73.536,543.0029,90.0,16.0]},{"Row":3,"Column":0,"Box":[89.536,452.5524,45.4505,16.0]},{"Row":3,"Column":1,"Box":[89.536,498.0029,45.0,16.0]},{"Row":3,"Column":2,"Box":[89.536,633.0029,549.0,16.0]},{"Row":3,"Column":3,"Box":[89.536,543.0029,90.0,16.0]},{"Row":4,"Column":0,"Box":[105.536,452.5524,45.4505,16.0]},{"Row":4,"Column":1,"Box":[105.536,498.0029,45.0,16.0]},{"Row":4,"Column":2,"Box":[105.536,633.0029,549.0,16.0]},{"Row":4,"Column":3,"Box":[105.536,543.0029,90.0,16.0]},{"Row":5,"Column":0,"Box":[121.536,452.5524,45.4505,16.0]},{"Row":5,"Column":1,"Box":[121.536,498.0029,45.0,16.0]},{"Row":5,"Column":2,"Box":[121.536,633.0029,549.0,16.0]},{"Row":5,"Column":3,"Box":[121.536,543.0029,90.0,16.0]},{"Row":6,"Column":0,"Box":[137.536,452.5524,45.4505,16.0]},{"Row":6,"Column":1,"Box":[137.536,498.0029,45.0,16.0]},{"Row":6,"Column":2,"Box":[137.536,633.0029,549.0,16.0]},{"Row":6,"Column":3,"Box":[137.536,543.0029,90.0,16.0]},{"Row":7,"Column":0,"Box":[153.536,452.5524,45.4505,16.0]},{"Row":7,"Column":1,"Box":[153.536,498.0029,45.0,16.0]},{"Row":7,"Column":2,"Box":[153.536,633.0029,549.0,16.0]},{"Row":7,"Column":3,"Box":[153.536,543.0029,90.0,16.0]},{"Row":8,"Column":0,"Box":[169.536,452.5524,45.4505,16.0]},{"Row":8,"Column":1,"Box":[169.536,498.0029,45.0,16.0]},{"Row":8,"Column":2,"Box":[169.536,633.0029,549.0,16.0]},{"Row":8,"Column":3,"Box":[169.536,543.0029,90.0,16.0]},{"Row":9,"Column":0,"Box":[185.536,452.5524,45.4505,17.0]},{"Row":9,"Column":1,"Box":[185.536,498.0029,45.0,17.0]},{"Row":9,"Column":2,"Box":[185.536,633.0029,549.0,17.0]},{"Row":9,"Column":3,"Box":[185.536,543.0029,90.0,17.0]},{"Row":10,"Column":0,"Box":[202.536,452.5524,45.4505,16.0]},{"Row":10,"Column":1,"Box":[202.536,498.0029,45.0,16.0]},{"Row":10,"Column":2,"Box":[202.536,633.0029,549.0,16.0]},{"Row":10,"Column":3,"Box":[202.536,543.0029,90.0,16.0]},{"Row":11,"Column":0,"Box":[218.536,452.5524,45.4505,16.0]},{"Row":11,"Column":1,"Box":[218.536,498.0029,45.0,16.0]},{"Row":11,"Column":2,"Box":[218.536,633.0029,549.0,16.0]},{"Row":11,"Column":3,"Box":[218.536,543.0029,90.0,16.0]},{"Row":12,"Column":0,"Box":[234.536,452.5524,45.4505,16.0]},{"Row":12,"Column":1,"Box":[234.536,498.0029,45.0,16.0]},{"Row":12,"Column":2,"Box":[234.536,633.0029,549.0,16.0]},{"Row":12,"Column":3,"Box":[234.536,543.0029,90.0,16.0]},{"Row":13,"Column":0,"Box":[250.536,452.5524,45.4505,16.0]},{"Row":13,"Column":1,"Box":[250.536,498.0029,45.0,16.0]},{"Row":13,"Column":2,"Box":[250.536,633.0029,549.0,16.0]},{"Row":13,"Column":3,"Box":[250.536,543.0029,90.0,16.0]},{"Row":14,"Column":0,"Box":[266.536,452.5524,45.4505,16.0]},{"Row":14,"Column":1,"Box":[266.536,498.0029,45.0,16.0]},{"Row":14,"Column":2,"Box":[266.536,633.0029,549.0,16.0]},{"Row":14,"Column":3,"Box":[266.536,543.0029,90.0,16.0]},{"Row":15,"Column":0,"Box":[282.536,452.5524,45.4505,16.0]},{"Row":15,"Column":1,"Box":[282.536,498.0029,45.0,16.0]},{"Row":15,"Column":2,"Box":[282.536,633.0029,549.0,16.0]},{"Row":15,"Column":3,"Box":[282.536,543.0029,90.0,16.0]},{"Row":16,"Column":0,"Box":[298.536,452.5524,45.4505,16.0]},{"Row":16,"Column":1,"Box":[298.536,498.0029,45.0,16.0]},{"Row":16,"Column":2,"Box":[298.536,633.0029,549.0,16.0]},{"Row":16,"Column":3,"Box":[298.536,543.0029,90.0,16.0]},{"Row":17,"Column":0,"Box":[314.536,452.5524,45.4505,6.0219]},{"Row":17,"Column":1,"Box":[314.536,498.0029,45.0,6.0219]},{"Row":17,"Column":2,"Box":[314.536,633.0029,549.0,6.0219]},{"Row":17,"Column":3,"Box":[314.536,543.0029,90.0,6.0219]}]}]},{"Page":2,"Size":[0.0,0.0,1224.0,792.0],"SkewAngle":0.0,"Evidence":[],"Fields":[],"Tables":[]}],"AnchorBasedConfiguration":{"AnchorBasedFieldConfiguration":[]}}