{"DocumentTypeId":"BomPDF.BomTable.BomTableDataFormat","FormId":"5c58abff","FormName":"Temp_3A_5","OriginalFileExtension":"pdf","Pages":[{"Page":0,"Size":[0.0,0.0,2448.0,1584.0],"SkewAngle":0.0,"Evidence":[{"Text":"BBIILLLL","Box":[73.5543,2081.34,28.08,19.9017]},{"Text":"OOFF","Box":[73.5543,2116.44019,14.04,19.9017]},{"Text":"MMAATTEERRIIAALL","Box":[73.5543,2137.5,56.16,19.9017]},{"Text":"IITTEEMM","Box":[93.4157,1904.96582,24.0686,14.9263]},{"Text":"QQTTYY","Box":[93.4157,1943.97437,18.0513,14.9263]},{"Text":"DDEESSCCRRIIPPTTIIOONN","Box":[93.4157,2099.90576,66.1885,14.9263]},{"Text":"PPAARRTT","Box":[93.4157,2302.40576,24.0685,14.9263]},{"Text":"NNUUMMBBEERR","Box":[93.4157,2332.49146,36.1028,14.9263]}],"Fields":[],"Tables":[{"FieldId":"BomPDF.BomTable.BomTableDataFormat.ExtractedTable","Headers":[{"FieldId":"BomPDF.BomTable.BomTableDataFormat.ExtractedTable.ITEM","Box":[0.0,0.0,0.0,0.0]},{"FieldId":"BomPDF.BomTable.BomTableDataFormat.ExtractedTable.QTY","Box":[0.0,0.0,0.0,0.0]},{"FieldId":"BomPDF.BomTable.BomTableDataFormat.ExtractedTable.DESCRIPTION","Box":[0.0,0.0,0.0,0.0]},{"FieldId":"BomPDF.BomTable.BomTableDataFormat.ExtractedTable.PARTNUMBER","Box":[0.0,0.0,0.0,0.0]},{"FieldId":"BomPDF.BomTable.BomTableDataFormat.ExtractedTable.REVISION","Box":[0.0,0.0,0.0,0.0]}],"Cells":[{"Row":0,"Column":0,"Box":[107.7524,1898.29443,37.2627,1.2627]},{"Row":0,"Column":1,"Box":[107.7524,1935.55713,36.0,1.2627]},{"Row":0,"Column":2,"Box":[107.7524,1971.55713,324.0,1.2627]},{"Row":0,"Column":3,"Box":[107.7524,2295.55713,81.0,1.2627]},{"Row":1,"Column":0,"Box":[109.0151,1898.29443,37.2627,18.0]},{"Row":1,"Column":1,"Box":[109.0151,1935.55713,36.0,18.0]},{"Row":1,"Column":2,"Box":[109.0151,1971.55713,324.0,18.0]},{"Row":1,"Column":3,"Box":[109.0151,2295.55713,81.0,18.0]},{"Row":2,"Column":0,"Box":[127.0151,1898.29443,37.2627,18.0]},{"Row":2,"Column":1,"Box":[127.0151,1935.55713,36.0,18.0]},{"Row":2,"Column":2,"Box":[127.0151,1971.55713,324.0,18.0]},{"Row":2,"Column":3,"Box":[127.0151,2295.55713,81.0,18.0]},{"Row":3,"Column":0,"Box":[145.0151,1898.29443,37.2627,18.0]},{"Row":3,"Column":1,"Box":[145.0151,1935.55713,36.0,18.0]},{"Row":3,"Column":2,"Box":[145.0151,1971.55713,324.0,18.0]},{"Row":3,"Column":3,"Box":[145.0151,2295.55713,81.0,18.0]},{"Row":4,"Column":0,"Box":[163.0151,1898.29443,37.2627,18.0]},{"Row":4,"Column":1,"Box":[163.0151,1935.55713,36.0,18.0]},{"Row":4,"Column":2,"Box":[163.0151,1971.55713,324.0,18.0]},{"Row":4,"Column":3,"Box":[163.0151,2295.55713,81.0,18.0]},{"Row":5,"Column":0,"Box":[181.0151,1898.29443,37.2627,18.0]},{"Row":5,"Column":1,"Box":[181.0151,1935.55713,36.0,18.0]},{"Row":5,"Column":2,"Box":[181.0151,1971.55713,324.0,18.0]},{"Row":5,"Column":3,"Box":[181.0151,2295.55713,81.0,18.0]},{"Row":6,"Column":0,"Box":[199.0151,1898.29443,37.2627,18.0]},{"Row":6,"Column":1,"Box":[199.0151,1935.55713,36.0,18.0]},{"Row":6,"Column":2,"Box":[199.0151,1971.55713,324.0,18.0]},{"Row":6,"Column":3,"Box":[199.0151,2295.55713,81.0,18.0]},{"Row":7,"Column":0,"Box":[217.0151,1898.29443,37.2627,18.0]},{"Row":7,"Column":1,"Box":[217.0151,1935.55713,36.0,18.0]},{"Row":7,"Column":2,"Box":[217.0151,1971.55713,324.0,18.0]},{"Row":7,"Column":3,"Box":[217.0151,2295.55713,81.0,18.0]},{"Row":8,"Column":0,"Box":[235.0151,1898.29443,37.2627,18.0]},{"Row":8,"Column":1,"Box":[235.0151,1935.55713,36.0,18.0]},{"Row":8,"Column":2,"Box":[235.0151,1971.55713,324.0,18.0]},{"Row":8,"Column":3,"Box":[235.0151,2295.55713,81.0,18.0]},{"Row":9,"Column":0,"Box":[253.0151,1898.29443,37.2627,18.0]},{"Row":9,"Column":1,"Box":[253.0151,1935.55713,36.0,18.0]},{"Row":9,"Column":2,"Box":[253.0151,1971.55713,324.0,18.0]},{"Row":9,"Column":3,"Box":[253.0151,2295.55713,81.0,18.0]},{"Row":10,"Column":0,"Box":[271.0151,1898.29443,37.2627,18.0]},{"Row":10,"Column":1,"Box":[271.0151,1935.55713,36.0,18.0]},{"Row":10,"Column":2,"Box":[271.0151,1971.55713,324.0,18.0]},{"Row":10,"Column":3,"Box":[271.0151,2295.55713,81.0,18.0]},{"Row":11,"Column":0,"Box":[289.0151,1898.29443,37.2627,5.1994]},{"Row":11,"Column":1,"Box":[289.0151,1935.55713,36.0,5.1994]},{"Row":11,"Column":2,"Box":[289.0151,1971.55713,324.0,5.1994]},{"Row":11,"Column":3,"Box":[289.0151,2295.55713,81.0,5.1994]}]}]}],"AnchorBasedConfiguration":{"AnchorBasedFieldConfiguration":[]}}