{"DocumentTypeId":"BomPDF.BomTable.BomTableDataFormat","FormId":"02d1ebac","FormName":"Temp_3A_2","OriginalFileExtension":"pdf","Pages":[{"Page":0,"Size":[0.0,0.0,1224.0,792.0],"SkewAngle":0.0,"Evidence":[{"Text":"BILL","Box":[0.0,147.6,35.0438,24.8373]},{"Text":"OF","Box":[0.0,191.4047,17.522,24.8373]},{"Text":"MATERIAL","Box":[0.0,217.6876,70.0877,24.8373]},{"Text":"ITEM","Box":[19.5544,2.7001,26.3251,19.9017]},{"Text":"QTY","Box":[19.5544,33.6658,19.7437,19.9017]},{"Text":"DESCRIPTION","Box":[19.5544,155.1152,77.22,19.9017]},{"Text":"PART","Box":[19.5544,345.1277,28.08,19.9017]},{"Text":"NUMBER","Box":[19.5544,380.2277,42.12,19.9017]}],"Fields":[],"Tables":[{"FieldId":"BomPDF.BomTable.BomTableDataFormat.ExtractedTable","Headers":[{"FieldId":"BomPDF.BomTable.BomTableDataFormat.ExtractedTable.ITEM","Box":[0.0,0.0,0.0,0.0]},{"FieldId":"BomPDF.BomTable.BomTableDataFormat.ExtractedTable.QTY","Box":[0.0,0.0,0.0,0.0]},{"FieldId":"BomPDF.BomTable.BomTableDataFormat.ExtractedTable.DESCRIPTION","Box":[0.0,0.0,0.0,0.0]},{"FieldId":"BomPDF.BomTable.BomTableDataFormat.ExtractedTable.PARTNUMBER","Box":[0.0,0.0,0.0,0.0]},{"FieldId":"BomPDF.BomTable.BomTableDataFormat.ExtractedTable.REVISION","Box":[0.0,0.0,0.0,0.0]}],"Cells":[{"Row":0,"Column":0,"Box":[37.0399,1.6836,31.901,3.901]},{"Row":0,"Column":1,"Box":[37.0399,33.5846,24.0,3.901]},{"Row":0,"Column":2,"Box":[37.0399,57.5846,277.0,3.901]},{"Row":0,"Column":3,"Box":[37.0399,334.5846,103.0,3.901]},{"Row":1,"Column":0,"Box":[40.9409,1.6836,31.901,15.0]},{"Row":1,"Column":1,"Box":[40.9409,33.5846,24.0,15.0]},{"Row":1,"Column":2,"Box":[40.9409,57.5846,277.0,15.0]},{"Row":1,"Column":3,"Box":[40.9409,334.5846,103.0,15.0]},{"Row":2,"Column":0,"Box":[55.9409,1.6836,31.901,18.0]},{"Row":2,"Column":1,"Box":[55.9409,33.5846,24.0,18.0]},{"Row":2,"Column":2,"Box":[55.9409,57.5846,277.0,18.0]},{"Row":2,"Column":3,"Box":[55.9409,334.5846,103.0,18.0]},{"Row":3,"Column":0,"Box":[73.9409,1.6836,31.901,18.0]},{"Row":3,"Column":1,"Box":[73.9409,33.5846,24.0,18.0]},{"Row":3,"Column":2,"Box":[73.9409,57.5846,277.0,18.0]},{"Row":3,"Column":3,"Box":[73.9409,334.5846,103.0,18.0]},{"Row":4,"Column":0,"Box":[91.9409,1.6836,31.901,18.0]},{"Row":4,"Column":1,"Box":[91.9409,33.5846,24.0,18.0]},{"Row":4,"Column":2,"Box":[91.9409,57.5846,277.0,18.0]},{"Row":4,"Column":3,"Box":[91.9409,334.5846,103.0,18.0]},{"Row":5,"Column":0,"Box":[109.9409,1.6836,31.901,18.0]},{"Row":5,"Column":1,"Box":[109.9409,33.5846,24.0,18.0]},{"Row":5,"Column":2,"Box":[109.9409,57.5846,277.0,18.0]},{"Row":5,"Column":3,"Box":[109.9409,334.5846,103.0,18.0]},{"Row":6,"Column":0,"Box":[127.9409,1.6836,31.901,18.0]},{"Row":6,"Column":1,"Box":[127.9409,33.5846,24.0,18.0]},{"Row":6,"Column":2,"Box":[127.9409,57.5846,277.0,18.0]},{"Row":6,"Column":3,"Box":[127.9409,334.5846,103.0,18.0]},{"Row":7,"Column":0,"Box":[145.9409,1.6836,31.901,18.0]},{"Row":7,"Column":1,"Box":[145.9409,33.5846,24.0,18.0]},{"Row":7,"Column":2,"Box":[145.9409,57.5846,277.0,18.0]},{"Row":7,"Column":3,"Box":[145.9409,334.5846,103.0,18.0]},{"Row":8,"Column":0,"Box":[163.9409,1.6836,31.901,18.0]},{"Row":8,"Column":1,"Box":[163.9409,33.5846,24.0,18.0]},{"Row":8,"Column":2,"Box":[163.9409,57.5846,277.0,18.0]},{"Row":8,"Column":3,"Box":[163.9409,334.5846,103.0,18.0]},{"Row":9,"Column":0,"Box":[181.9409,1.6836,31.901,18.0]},{"Row":9,"Column":1,"Box":[181.9409,33.5846,24.0,18.0]},{"Row":9,"Column":2,"Box":[181.9409,57.5846,277.0,18.0]},{"Row":9,"Column":3,"Box":[181.9409,334.5846,103.0,18.0]},{"Row":10,"Column":0,"Box":[199.9409,1.6836,31.901,18.0]},{"Row":10,"Column":1,"Box":[199.9409,33.5846,24.0,18.0]},{"Row":10,"Column":2,"Box":[199.9409,57.5846,277.0,18.0]},{"Row":10,"Column":3,"Box":[199.9409,334.5846,103.0,18.0]},{"Row":11,"Column":0,"Box":[217.9409,1.6836,31.901,18.0]},{"Row":11,"Column":1,"Box":[217.9409,33.5846,24.0,18.0]},{"Row":11,"Column":2,"Box":[217.9409,57.5846,277.0,18.0]},{"Row":11,"Column":3,"Box":[217.9409,334.5846,103.0,18.0]},{"Row":12,"Column":0,"Box":[235.9409,1.6836,31.901,18.0]},{"Row":12,"Column":1,"Box":[235.9409,33.5846,24.0,18.0]},{"Row":12,"Column":2,"Box":[235.9409,57.5846,277.0,18.0]},{"Row":12,"Column":3,"Box":[235.9409,334.5846,103.0,18.0]},{"Row":13,"Column":0,"Box":[253.9409,1.6836,31.901,18.0]},{"Row":13,"Column":1,"Box":[253.9409,33.5846,24.0,18.0]},{"Row":13,"Column":2,"Box":[253.9409,57.5846,277.0,18.0]},{"Row":13,"Column":3,"Box":[253.9409,334.5846,103.0,18.0]},{"Row":14,"Column":0,"Box":[271.9409,1.6836,31.901,18.0]},{"Row":14,"Column":1,"Box":[271.9409,33.5846,24.0,18.0]},{"Row":14,"Column":2,"Box":[271.9409,57.5846,277.0,18.0]},{"Row":14,"Column":3,"Box":[271.9409,334.5846,103.0,18.0]},{"Row":15,"Column":0,"Box":[289.9409,1.6836,31.901,18.0]},{"Row":15,"Column":1,"Box":[289.9409,33.5846,24.0,18.0]},{"Row":15,"Column":2,"Box":[289.9409,57.5846,277.0,18.0]},{"Row":15,"Column":3,"Box":[289.9409,334.5846,103.0,18.0]},{"Row":16,"Column":0,"Box":[307.9409,1.6836,31.901,18.0]},{"Row":16,"Column":1,"Box":[307.9409,33.5846,24.0,18.0]},{"Row":16,"Column":2,"Box":[307.9409,57.5846,277.0,18.0]},{"Row":16,"Column":3,"Box":[307.9409,334.5846,103.0,18.0]},{"Row":17,"Column":0,"Box":[325.9409,1.6836,31.901,18.0]},{"Row":17,"Column":1,"Box":[325.9409,33.5846,24.0,18.0]},{"Row":17,"Column":2,"Box":[325.9409,57.5846,277.0,18.0]},{"Row":17,"Column":3,"Box":[325.9409,334.5846,103.0,18.0]},{"Row":18,"Column":0,"Box":[343.9409,1.6836,31.901,18.0]},{"Row":18,"Column":1,"Box":[343.9409,33.5846,24.0,18.0]},{"Row":18,"Column":2,"Box":[343.9409,57.5846,277.0,18.0]},{"Row":18,"Column":3,"Box":[343.9409,334.5846,103.0,18.0]},{"Row":19,"Column":0,"Box":[361.9409,1.6836,31.901,18.0]},{"Row":19,"Column":1,"Box":[361.9409,33.5846,24.0,18.0]},{"Row":19,"Column":2,"Box":[361.9409,57.5846,277.0,18.0]},{"Row":19,"Column":3,"Box":[361.9409,334.5846,103.0,18.0]},{"Row":20,"Column":0,"Box":[379.9409,1.6836,31.901,18.0]},{"Row":20,"Column":1,"Box":[379.9409,33.5846,24.0,18.0]},{"Row":20,"Column":2,"Box":[379.9409,57.5846,277.0,18.0]},{"Row":20,"Column":3,"Box":[379.9409,334.5846,103.0,18.0]},{"Row":21,"Column":0,"Box":[397.9409,1.6836,31.901,18.0]},{"Row":21,"Column":1,"Box":[397.9409,33.5846,24.0,18.0]},{"Row":21,"Column":2,"Box":[397.9409,57.5846,277.0,18.0]},{"Row":21,"Column":3,"Box":[397.9409,334.5846,103.0,18.0]},{"Row":22,"Column":0,"Box":[415.9409,1.6836,31.901,18.0]},{"Row":22,"Column":1,"Box":[415.9409,33.5846,24.0,18.0]},{"Row":22,"Column":2,"Box":[415.9409,57.5846,277.0,18.0]},{"Row":22,"Column":3,"Box":[415.9409,334.5846,103.0,18.0]},{"Row":23,"Column":0,"Box":[433.9409,1.6836,31.901,18.0]},{"Row":23,"Column":1,"Box":[433.9409,33.5846,24.0,18.0]},{"Row":23,"Column":2,"Box":[433.9409,57.5846,277.0,18.0]},{"Row":23,"Column":3,"Box":[433.9409,334.5846,103.0,18.0]},{"Row":24,"Column":0,"Box":[451.9409,1.6836,31.901,18.0]},{"Row":24,"Column":1,"Box":[451.9409,33.5846,24.0,18.0]},{"Row":24,"Column":2,"Box":[451.9409,57.5846,277.0,18.0]},{"Row":24,"Column":3,"Box":[451.9409,334.5846,103.0,18.0]},{"Row":25,"Column":0,"Box":[469.9409,1.6836,31.901,18.0]},{"Row":25,"Column":1,"Box":[469.9409,33.5846,24.0,18.0]},{"Row":25,"Column":2,"Box":[469.9409,57.5846,277.0,18.0]},{"Row":25,"Column":3,"Box":[469.9409,334.5846,103.0,18.0]},{"Row":26,"Column":0,"Box":[487.9409,1.6836,31.901,18.0]},{"Row":26,"Column":1,"Box":[487.9409,33.5846,24.0,18.0]},{"Row":26,"Column":2,"Box":[487.9409,57.5846,277.0,18.0]},{"Row":26,"Column":3,"Box":[487.9409,334.5846,103.0,18.0]},{"Row":27,"Column":0,"Box":[505.9409,1.6836,31.901,18.0]},{"Row":27,"Column":1,"Box":[505.9409,33.5846,24.0,18.0]},{"Row":27,"Column":2,"Box":[505.9409,57.5846,277.0,18.0]},{"Row":27,"Column":3,"Box":[505.9409,334.5846,103.0,18.0]},{"Row":28,"Column":0,"Box":[523.9409,1.6836,31.901,18.0]},{"Row":28,"Column":1,"Box":[523.9409,33.5846,24.0,18.0]},{"Row":28,"Column":2,"Box":[523.9409,57.5846,277.0,18.0]},{"Row":28,"Column":3,"Box":[523.9409,334.5846,103.0,18.0]},{"Row":29,"Column":0,"Box":[541.9409,1.6836,31.901,18.0]},{"Row":29,"Column":1,"Box":[541.9409,33.5846,24.0,18.0]},{"Row":29,"Column":2,"Box":[541.9409,57.5846,277.0,18.0]},{"Row":29,"Column":3,"Box":[541.9409,334.5846,103.0,18.0]},{"Row":30,"Column":0,"Box":[559.9409,1.6836,31.901,18.0]},{"Row":30,"Column":1,"Box":[559.9409,33.5846,24.0,18.0]},{"Row":30,"Column":2,"Box":[559.9409,57.5846,277.0,18.0]},{"Row":30,"Column":3,"Box":[559.9409,334.5846,103.0,18.0]},{"Row":31,"Column":0,"Box":[577.9409,1.6836,31.901,18.0]},{"Row":31,"Column":1,"Box":[577.9409,33.5846,24.0,18.0]},{"Row":31,"Column":2,"Box":[577.9409,57.5846,277.0,18.0]},{"Row":31,"Column":3,"Box":[577.9409,334.5846,103.0,18.0]},{"Row":32,"Column":0,"Box":[595.9409,1.6836,31.901,18.0]},{"Row":32,"Column":1,"Box":[595.9409,33.5846,24.0,18.0]},{"Row":32,"Column":2,"Box":[595.9409,57.5846,277.0,18.0]},{"Row":32,"Column":3,"Box":[595.9409,334.5846,103.0,18.0]},{"Row":33,"Column":0,"Box":[613.9409,1.6836,31.901,18.0]},{"Row":33,"Column":1,"Box":[613.9409,33.5846,24.0,18.0]},{"Row":33,"Column":2,"Box":[613.9409,57.5846,277.0,18.0]},{"Row":33,"Column":3,"Box":[613.9409,334.5846,103.0,18.0]},{"Row":34,"Column":0,"Box":[631.9409,1.6836,31.901,18.0]},{"Row":34,"Column":1,"Box":[631.9409,33.5846,24.0,18.0]},{"Row":34,"Column":2,"Box":[631.9409,57.5846,277.0,18.0]},{"Row":34,"Column":3,"Box":[631.9409,334.5846,103.0,18.0]},{"Row":35,"Column":0,"Box":[649.9409,1.6836,31.901,18.0]},{"Row":35,"Column":1,"Box":[649.9409,33.5846,24.0,18.0]},{"Row":35,"Column":2,"Box":[649.9409,57.5846,277.0,18.0]},{"Row":35,"Column":3,"Box":[649.9409,334.5846,103.0,18.0]},{"Row":36,"Column":0,"Box":[667.9409,1.6836,31.901,18.0]},{"Row":36,"Column":1,"Box":[667.9409,33.5846,24.0,18.0]},{"Row":36,"Column":2,"Box":[667.9409,57.5846,277.0,18.0]},{"Row":36,"Column":3,"Box":[667.9409,334.5846,103.0,18.0]},{"Row":37,"Column":0,"Box":[685.9409,1.6836,31.901,18.0]},{"Row":37,"Column":1,"Box":[685.9409,33.5846,24.0,18.0]},{"Row":37,"Column":2,"Box":[685.9409,57.5846,277.0,18.0]},{"Row":37,"Column":3,"Box":[685.9409,334.5846,103.0,18.0]},{"Row":38,"Column":0,"Box":[703.9409,1.6836,31.901,18.0]},{"Row":38,"Column":1,"Box":[703.9409,33.5846,24.0,18.0]},{"Row":38,"Column":2,"Box":[703.9409,57.5846,277.0,18.0]},{"Row":38,"Column":3,"Box":[703.9409,334.5846,103.0,18.0]},{"Row":39,"Column":0,"Box":[721.9409,1.6836,31.901,18.0]},{"Row":39,"Column":1,"Box":[721.9409,33.5846,24.0,18.0]},{"Row":39,"Column":2,"Box":[721.9409,57.5846,277.0,18.0]},{"Row":39,"Column":3,"Box":[721.9409,334.5846,103.0,18.0]},{"Row":40,"Column":0,"Box":[739.9409,1.6836,31.901,18.0]},{"Row":40,"Column":1,"Box":[739.9409,33.5846,24.0,18.0]},{"Row":40,"Column":2,"Box":[739.9409,57.5846,277.0,18.0]},{"Row":40,"Column":3,"Box":[739.9409,334.5846,103.0,18.0]},{"Row":41,"Column":0,"Box":[757.9409,1.6836,31.901,12.696]},{"Row":41,"Column":1,"Box":[757.9409,33.5846,24.0,12.696]},{"Row":41,"Column":2,"Box":[757.9409,57.5846,277.0,12.696]},{"Row":41,"Column":3,"Box":[757.9409,334.5846,103.0,12.696]}]}]}],"AnchorBasedConfiguration":{"AnchorBasedFieldConfiguration":[]}}