{"DocumentTypeId":"BomPDF.BomTable.BomTableDataFormat","FormId":"dbe36e05","FormName":"Temp_4B","OriginalFileExtension":"pdf","Pages":[{"Page":0,"Size":[0.0,0.0,2448.0,1584.0],"SkewAngle":0.0,"Evidence":[{"Text":"BILL","Box":[36.7877,215.3993,35.0439,24.8373]},{"Text":"OF","Box":[36.7877,259.2041,17.5219,24.8373]},{"Text":"MATERIALS","Box":[36.7877,285.487,78.8486,24.8373]},{"Text":"ITEM","Box":[56.6343,40.9274,28.08,19.9017]},{"Text":"QTY","Box":[57.0447,77.4178,19.8993,18.8047]},{"Text":"DESCRIPTION","Box":[57.0446,227.398,72.9638,18.8047]},{"Text":"PART","Box":[56.6343,429.2549,26.3251,19.9017]},{"Text":"NUMBER","Box":[56.6343,462.1612,39.4875,19.9017]},{"Text":"REV","Box":[56.6343,519.0299,19.7437,19.9017]}],"Fields":[],"Tables":[{"FieldId":"BomPDF.BomTable.BomTableDataFormat.ExtractedTable","Headers":[{"FieldId":"BomPDF.BomTable.BomTableDataFormat.ExtractedTable.ITEM","Box":[0.0,0.0,0.0,0.0]},{"FieldId":"BomPDF.BomTable.BomTableDataFormat.ExtractedTable.QTY","Box":[0.0,0.0,0.0,0.0]},{"FieldId":"BomPDF.BomTable.BomTableDataFormat.ExtractedTable.DESCRIPTION","Box":[0.0,0.0,0.0,0.0]},{"FieldId":"BomPDF.BomTable.BomTableDataFormat.ExtractedTable.PARTNUMBER","Box":[0.0,0.0,0.0,0.0]},{"FieldId":"BomPDF.BomTable.BomTableDataFormat.ExtractedTable.REVISION","Box":[0.0,0.0,0.0,0.0]}],"Cells":[{"Row":0,"Column":0,"Box":[71.5543,36.1981,36.2627,2.2627]},{"Row":0,"Column":1,"Box":[71.5543,72.4608,29.0,2.2627]},{"Row":0,"Column":2,"Box":[71.5543,101.4608,324.0,2.2627]},{"Row":0,"Column":3,"Box":[71.5543,425.4608,90.0,2.2627]},{"Row":0,"Column":4,"Box":[71.5543,515.4608,27.0,2.2627]},{"Row":1,"Column":0,"Box":[73.8171,36.1981,36.2627,18.0]},{"Row":1,"Column":1,"Box":[73.8171,72.4608,29.0,18.0]},{"Row":1,"Column":2,"Box":[73.8171,101.4608,324.0,18.0]},{"Row":1,"Column":3,"Box":[73.8171,425.4608,90.0,18.0]},{"Row":1,"Column":4,"Box":[73.8171,515.4608,27.0,18.0]},{"Row":2,"Column":0,"Box":[91.8171,36.1981,36.2627,18.0]},{"Row":2,"Column":1,"Box":[91.8171,72.4608,29.0,18.0]},{"Row":2,"Column":2,"Box":[91.8171,101.4608,324.0,18.0]},{"Row":2,"Column":3,"Box":[91.8171,425.4608,90.0,18.0]},{"Row":2,"Column":4,"Box":[91.8171,515.4608,27.0,18.0]},{"Row":3,"Column":0,"Box":[109.8171,36.1981,36.2627,18.0]},{"Row":3,"Column":1,"Box":[109.8171,72.4608,29.0,18.0]},{"Row":3,"Column":2,"Box":[109.8171,101.4608,324.0,18.0]},{"Row":3,"Column":3,"Box":[109.8171,425.4608,90.0,18.0]},{"Row":3,"Column":4,"Box":[109.8171,515.4608,27.0,18.0]},{"Row":4,"Column":0,"Box":[127.8171,36.1981,36.2627,18.0]},{"Row":4,"Column":1,"Box":[127.8171,72.4608,29.0,18.0]},{"Row":4,"Column":2,"Box":[127.8171,101.4608,324.0,18.0]},{"Row":4,"Column":3,"Box":[127.8171,425.4608,90.0,18.0]},{"Row":4,"Column":4,"Box":[127.8171,515.4608,27.0,18.0]},{"Row":5,"Column":0,"Box":[145.8171,36.1981,36.2627,18.0]},{"Row":5,"Column":1,"Box":[145.8171,72.4608,29.0,18.0]},{"Row":5,"Column":2,"Box":[145.8171,101.4608,324.0,18.0]},{"Row":5,"Column":3,"Box":[145.8171,425.4608,90.0,18.0]},{"Row":5,"Column":4,"Box":[145.8171,515.4608,27.0,18.0]},{"Row":6,"Column":0,"Box":[163.8171,36.1981,36.2627,18.0]},{"Row":6,"Column":1,"Box":[163.8171,72.4608,29.0,18.0]},{"Row":6,"Column":2,"Box":[163.8171,101.4608,324.0,18.0]},{"Row":6,"Column":3,"Box":[163.8171,425.4608,90.0,18.0]},{"Row":6,"Column":4,"Box":[163.8171,515.4608,27.0,18.0]},{"Row":7,"Column":0,"Box":[181.8171,36.1981,36.2627,18.0]},{"Row":7,"Column":1,"Box":[181.8171,72.4608,29.0,18.0]},{"Row":7,"Column":2,"Box":[181.8171,101.4608,324.0,18.0]},{"Row":7,"Column":3,"Box":[181.8171,425.4608,90.0,18.0]},{"Row":7,"Column":4,"Box":[181.8171,515.4608,27.0,18.0]},{"Row":8,"Column":0,"Box":[199.8171,36.1981,36.2627,18.0]},{"Row":8,"Column":1,"Box":[199.8171,72.4608,29.0,18.0]},{"Row":8,"Column":2,"Box":[199.8171,101.4608,324.0,18.0]},{"Row":8,"Column":3,"Box":[199.8171,425.4608,90.0,18.0]},{"Row":8,"Column":4,"Box":[199.8171,515.4608,27.0,18.0]},{"Row":9,"Column":0,"Box":[217.8171,36.1981,36.2627,15.0]},{"Row":9,"Column":1,"Box":[217.8171,72.4608,29.0,15.0]},{"Row":9,"Column":2,"Box":[217.8171,101.4608,324.0,15.0]},{"Row":9,"Column":3,"Box":[217.8171,425.4608,90.0,15.0]},{"Row":9,"Column":4,"Box":[217.8171,515.4608,27.0,15.0]},{"Row":10,"Column":0,"Box":[232.8171,36.1981,36.2627,4.9959]},{"Row":10,"Column":1,"Box":[232.8171,72.4608,29.0,4.9959]},{"Row":10,"Column":2,"Box":[232.8171,101.4608,324.0,4.9959]},{"Row":10,"Column":3,"Box":[232.8171,425.4608,90.0,4.9959]},{"Row":10,"Column":4,"Box":[232.8171,515.4608,27.0,4.9959]}]}]},{"Page":1,"Size":[0.0,0.0,1584.0,1224.0],"SkewAngle":0.0,"Evidence":[],"Fields":[],"Tables":[]},{"Page":2,"Size":[0.0,0.0,1584.0,1224.0],"SkewAngle":0.0,"Evidence":[],"Fields":[],"Tables":[]},{"Page":3,"Size":[0.0,0.0,1224.0,792.0],"SkewAngle":0.0,"Evidence":[],"Fields":[],"Tables":[]},{"Page":4,"Size":[0.0,0.0,1224.0,792.0],"SkewAngle":0.0,"Evidence":[],"Fields":[],"Tables":[]},{"Page":5,"Size":[0.0,0.0,1224.0,792.0],"SkewAngle":0.0,"Evidence":[],"Fields":[],"Tables":[]},{"Page":6,"Size":[0.0,0.0,1224.0,792.0],"SkewAngle":0.0,"Evidence":[],"Fields":[],"Tables":[]},{"Page":7,"Size":[0.0,0.0,792.0,612.0],"SkewAngle":0.0,"Evidence":[],"Fields":[],"Tables":[]},{"Page":8,"Size":[0.0,0.0,792.0,612.0],"SkewAngle":0.0,"Evidence":[],"Fields":[],"Tables":[]},{"Page":9,"Size":[0.0,0.0,1224.0,792.0],"SkewAngle":0.0,"Evidence":[],"Fields":[],"Tables":[]},{"Page":10,"Size":[0.0,0.0,1224.0,792.0],"SkewAngle":0.0,"Evidence":[],"Fields":[],"Tables":[]}],"AnchorBasedConfiguration":{"AnchorBasedFieldConfiguration":[]}}