{"DocumentTypeId":"BomPDF.BomTable.BomTableDataFormat","FormId":"1718d4d3","FormName":"Temp_2","OriginalFileExtension":"pdf","Pages":[{"Page":0,"Size":[0.0,0.0,1584.0,1224.0],"SkewAngle":0.0,"Evidence":[{"Text":"BILL","Box":[295.5288,1291.78552,28.08,19.9017]},{"Text":"OF","Box":[295.5288,1326.8855,14.04,19.9017]},{"Text":"MATERIALS","Box":[295.5288,1347.94556,63.18,19.9017]},{"Text":"#","Box":[322.5288,1140.94556,7.02,19.9017]},{"Text":"QTY.","Box":[322.5288,1184.41541,28.08,19.9017]},{"Text":"DESCRIPTION","Box":[322.5288,1312.84558,77.22,19.9017]}],"Fields":[],"Tables":[{"FieldId":"BomPDF.BomTable.BomTableDataFormat.ExtractedTable","Headers":[{"FieldId":"BomPDF.BomTable.BomTableDataFormat.ExtractedTable.ITEM","Box":[0.0,0.0,0.0,0.0]},{"FieldId":"BomPDF.BomTable.BomTableDataFormat.ExtractedTable.QTY","Box":[0.0,0.0,0.0,0.0]},{"FieldId":"BomPDF.BomTable.BomTableDataFormat.ExtractedTable.DESCRIPTION","Box":[0.0,0.0,0.0,0.0]},{"FieldId":"BomPDF.BomTable.BomTableDataFormat.ExtractedTable.PARTNUMBER","Box":[0.0,0.0,0.0,0.0]},{"FieldId":"BomPDF.BomTable.BomTableDataFormat.ExtractedTable.REVISION","Box":[0.0,0.0,0.0,0.0]}],"Cells":[{"Row":0,"Column":0,"Box":[342.8397,1116.92444,55.0781,1.0781]},{"Row":0,"Column":1,"Box":[342.8397,1172.00244,54.0,1.0781]},{"Row":0,"Column":2,"Box":[342.8397,1226.00244,252.0,1.0781]},{"Row":1,"Column":0,"Box":[343.9178,1116.92444,55.0781,27.0]},{"Row":1,"Column":1,"Box":[343.9178,1172.00244,54.0,27.0]},{"Row":1,"Column":2,"Box":[343.9178,1226.00244,252.0,27.0]},{"Row":2,"Column":0,"Box":[370.9178,1116.92444,55.0781,27.0]},{"Row":2,"Column":1,"Box":[370.9178,1172.00244,54.0,27.0]},{"Row":2,"Column":2,"Box":[370.9178,1226.00244,252.0,27.0]},{"Row":3,"Column":0,"Box":[397.9178,1116.92444,55.0781,27.0]},{"Row":3,"Column":1,"Box":[397.9178,1172.00244,54.0,27.0]},{"Row":3,"Column":2,"Box":[397.9178,1226.00244,252.0,27.0]},{"Row":4,"Column":0,"Box":[424.9178,1116.92444,55.0781,27.0]},{"Row":4,"Column":1,"Box":[424.9178,1172.00244,54.0,27.0]},{"Row":4,"Column":2,"Box":[424.9178,1226.00244,252.0,27.0]},{"Row":5,"Column":0,"Box":[451.9178,1116.92444,55.0781,27.0]},{"Row":5,"Column":1,"Box":[451.9178,1172.00244,54.0,27.0]},{"Row":5,"Column":2,"Box":[451.9178,1226.00244,252.0,27.0]},{"Row":6,"Column":0,"Box":[478.9178,1116.92444,55.0781,2.9984]},{"Row":6,"Column":1,"Box":[478.9178,1172.00244,54.0,2.9984]},{"Row":6,"Column":2,"Box":[478.9178,1226.00244,252.0,2.9984]}]}]}],"AnchorBasedConfiguration":{"AnchorBasedFieldConfiguration":[]}}