{"DocumentTypeId":"BomPDF.BomTable.BomTableDataFormat","FormId":"764665f5","FormName":"Temp_1","OriginalFileExtension":"pdf","Pages":[{"Page":0,"Size":[0.0,0.0,1584.0,1224.0],"SkewAngle":0.0,"Evidence":[{"Text":"BILL","Box":[262.8464,1321.87561,28.08,19.9017]},{"Text":"OF","Box":[262.8464,1356.97559,14.04,19.9017]},{"Text":"MATERIALS","Box":[262.8464,1378.03564,63.18,19.9017]},{"Text":"QTY.","Box":[289.8464,1214.50537,28.08,19.9017]},{"Text":"DESCRIPTION","Box":[289.8464,1342.93555,77.22,19.9017]}],"Fields":[],"Tables":[{"FieldId":"BomPDF.BomTable.BomTableDataFormat.ExtractedTable","Headers":[{"FieldId":"BomPDF.BomTable.BomTableDataFormat.ExtractedTable.ITEM","Box":[0.0,0.0,0.0,0.0]},{"FieldId":"BomPDF.BomTable.BomTableDataFormat.ExtractedTable.QTY","Box":[0.0,0.0,0.0,0.0]},{"FieldId":"BomPDF.BomTable.BomTableDataFormat.ExtractedTable.DESCRIPTION","Box":[0.0,0.0,0.0,0.0]},{"FieldId":"BomPDF.BomTable.BomTableDataFormat.ExtractedTable.PARTNUMBER","Box":[0.0,0.0,0.0,0.0]},{"FieldId":"BomPDF.BomTable.BomTableDataFormat.ExtractedTable.REVISION","Box":[0.0,0.0,0.0,0.0]}],"Cells":[{"Row":0,"Column":1,"Box":[309.0962,1202.597,53.8771,1.8771]},{"Row":0,"Column":2,"Box":[309.0962,1256.47424,252.0,1.8771]},{"Row":1,"Column":1,"Box":[310.9733,1202.597,53.8771,27.0]},{"Row":1,"Column":2,"Box":[310.9733,1256.47424,252.0,27.0]},{"Row":2,"Column":1,"Box":[337.9733,1202.597,53.8771,27.0]},{"Row":2,"Column":2,"Box":[337.9733,1256.47424,252.0,27.0]},{"Row":3,"Column":1,"Box":[364.9733,1202.597,53.8771,27.0]},{"Row":3,"Column":2,"Box":[364.9733,1256.47424,252.0,27.0]},{"Row":4,"Column":1,"Box":[391.9733,1202.597,53.8771,27.0]},{"Row":4,"Column":2,"Box":[391.9733,1256.47424,252.0,27.0]},{"Row":5,"Column":1,"Box":[418.9733,1202.597,53.8771,27.0]},{"Row":5,"Column":2,"Box":[418.9733,1256.47424,252.0,27.0]},{"Row":6,"Column":1,"Box":[445.9733,1202.597,53.8771,27.0]},{"Row":6,"Column":2,"Box":[445.9733,1256.47424,252.0,27.0]},{"Row":7,"Column":1,"Box":[472.9733,1202.597,53.8771,27.0]},{"Row":7,"Column":2,"Box":[472.9733,1256.47424,252.0,27.0]},{"Row":8,"Column":1,"Box":[499.9733,1202.597,53.8771,4.9673]},{"Row":8,"Column":2,"Box":[499.9733,1256.47424,252.0,4.9673]}]}]}],"AnchorBasedConfiguration":{"AnchorBasedFieldConfiguration":[]}}