{"DocumentTypeId":"BomPDF.BomTable.BomTableDataFormat","FormId":"151236ed","FormName":"Temp_3A_N1","OriginalFileExtension":"pdf","Pages":[{"Page":0,"Size":[0.0,0.0,2448.0,1584.0],"SkewAngle":0.0,"Evidence":[{"Text":"BILL","Box":[36.8238,223.0874,35.0438,24.8373]},{"Text":"OF","Box":[36.8238,266.8921,17.522,24.8373]},{"Text":"MATERIAL","Box":[36.8238,293.175,70.0877,24.8373]},{"Text":"ITEM","Box":[55.9647,40.6214,26.5323,18.8047]},{"Text":"QTY","Box":[55.5543,76.4156,19.7437,19.9017]},{"Text":"DESCRIPTION","Box":[55.9647,244.2056,72.9638,18.8047]},{"Text":"PART","Box":[55.9647,468.9807,26.5323,18.8047]},{"Text":"NUMBER","Box":[55.9647,502.146,39.7984,18.8047]}],"Fields":[],"Tables":[{"FieldId":"BomPDF.BomTable.BomTableDataFormat.ExtractedTable","Headers":[{"FieldId":"BomPDF.BomTable.BomTableDataFormat.ExtractedTable.ITEM","Box":[0.0,0.0,0.0,0.0]},{"FieldId":"BomPDF.BomTable.BomTableDataFormat.ExtractedTable.QTY","Box":[0.0,0.0,0.0,0.0]},{"FieldId":"BomPDF.BomTable.BomTableDataFormat.ExtractedTable.DESCRIPTION","Box":[0.0,0.0,0.0,0.0]},{"FieldId":"BomPDF.BomTable.BomTableDataFormat.ExtractedTable.PARTNUMBER","Box":[0.0,0.0,0.0,0.0]},{"FieldId":"BomPDF.BomTable.BomTableDataFormat.ExtractedTable.REVISION","Box":[0.0,0.0,0.0,0.0]}],"Cells":[{"Row":0,"Column":0,"Box":[73.3116,35.545,40.802,6.802]},{"Row":0,"Column":1,"Box":[73.3116,76.347,29.0,6.802]},{"Row":0,"Column":2,"Box":[73.3116,105.347,360.0,6.802]},{"Row":0,"Column":3,"Box":[73.3116,465.347,90.0,6.802]},{"Row":1,"Column":0,"Box":[80.1136,35.545,40.802,15.0]},{"Row":1,"Column":1,"Box":[80.1136,76.347,29.0,15.0]},{"Row":1,"Column":2,"Box":[80.1136,105.347,360.0,15.0]},{"Row":1,"Column":3,"Box":[80.1136,465.347,90.0,15.0]},{"Row":2,"Column":0,"Box":[95.1136,35.545,40.802,18.0]},{"Row":2,"Column":1,"Box":[95.1136,76.347,29.0,18.0]},{"Row":2,"Column":2,"Box":[95.1136,105.347,360.0,18.0]},{"Row":2,"Column":3,"Box":[95.1136,465.347,90.0,18.0]},{"Row":3,"Column":0,"Box":[113.1136,35.545,40.802,18.0]},{"Row":3,"Column":1,"Box":[113.1136,76.347,29.0,18.0]},{"Row":3,"Column":2,"Box":[113.1136,105.347,360.0,18.0]},{"Row":3,"Column":3,"Box":[113.1136,465.347,90.0,18.0]},{"Row":4,"Column":0,"Box":[131.1136,35.545,40.802,18.0]},{"Row":4,"Column":1,"Box":[131.1136,76.347,29.0,18.0]},{"Row":4,"Column":2,"Box":[131.1136,105.347,360.0,18.0]},{"Row":4,"Column":3,"Box":[131.1136,465.347,90.0,18.0]},{"Row":5,"Column":0,"Box":[149.1136,35.545,40.802,18.0]},{"Row":5,"Column":1,"Box":[149.1136,76.347,29.0,18.0]},{"Row":5,"Column":2,"Box":[149.1136,105.347,360.0,18.0]},{"Row":5,"Column":3,"Box":[149.1136,465.347,90.0,18.0]},{"Row":6,"Column":0,"Box":[167.1136,35.545,40.802,18.0]},{"Row":6,"Column":1,"Box":[167.1136,76.347,29.0,18.0]},{"Row":6,"Column":2,"Box":[167.1136,105.347,360.0,18.0]},{"Row":6,"Column":3,"Box":[167.1136,465.347,90.0,18.0]},{"Row":7,"Column":0,"Box":[185.1136,35.545,40.802,18.0]},{"Row":7,"Column":1,"Box":[185.1136,76.347,29.0,18.0]},{"Row":7,"Column":2,"Box":[185.1136,105.347,360.0,18.0]},{"Row":7,"Column":3,"Box":[185.1136,465.347,90.0,18.0]},{"Row":8,"Column":0,"Box":[203.1136,35.545,40.802,18.0]},{"Row":8,"Column":1,"Box":[203.1136,76.347,29.0,18.0]},{"Row":8,"Column":2,"Box":[203.1136,105.347,360.0,18.0]},{"Row":8,"Column":3,"Box":[203.1136,465.347,90.0,18.0]},{"Row":9,"Column":0,"Box":[221.1136,35.545,40.802,18.0]},{"Row":9,"Column":1,"Box":[221.1136,76.347,29.0,18.0]},{"Row":9,"Column":2,"Box":[221.1136,105.347,360.0,18.0]},{"Row":9,"Column":3,"Box":[221.1136,465.347,90.0,18.0]},{"Row":10,"Column":0,"Box":[239.1136,35.545,40.802,18.0]},{"Row":10,"Column":1,"Box":[239.1136,76.347,29.0,18.0]},{"Row":10,"Column":2,"Box":[239.1136,105.347,360.0,18.0]},{"Row":10,"Column":3,"Box":[239.1136,465.347,90.0,18.0]},{"Row":11,"Column":0,"Box":[257.1136,35.545,40.802,18.0]},{"Row":11,"Column":1,"Box":[257.1136,76.347,29.0,18.0]},{"Row":11,"Column":2,"Box":[257.1136,105.347,360.0,18.0]},{"Row":11,"Column":3,"Box":[257.1136,465.347,90.0,18.0]},{"Row":12,"Column":0,"Box":[275.1136,35.545,40.802,18.0]},{"Row":12,"Column":1,"Box":[275.1136,76.347,29.0,18.0]},{"Row":12,"Column":2,"Box":[275.1136,105.347,360.0,18.0]},{"Row":12,"Column":3,"Box":[275.1136,465.347,90.0,18.0]},{"Row":13,"Column":0,"Box":[293.1136,35.545,40.802,18.0]},{"Row":13,"Column":1,"Box":[293.1136,76.347,29.0,18.0]},{"Row":13,"Column":2,"Box":[293.1136,105.347,360.0,18.0]},{"Row":13,"Column":3,"Box":[293.1136,465.347,90.0,18.0]},{"Row":14,"Column":0,"Box":[311.1136,35.545,40.802,18.0]},{"Row":14,"Column":1,"Box":[311.1136,76.347,29.0,18.0]},{"Row":14,"Column":2,"Box":[311.1136,105.347,360.0,18.0]},{"Row":14,"Column":3,"Box":[311.1136,465.347,90.0,18.0]},{"Row":15,"Column":0,"Box":[329.1136,35.545,40.802,18.0]},{"Row":15,"Column":1,"Box":[329.1136,76.347,29.0,18.0]},{"Row":15,"Column":2,"Box":[329.1136,105.347,360.0,18.0]},{"Row":15,"Column":3,"Box":[329.1136,465.347,90.0,18.0]},{"Row":16,"Column":0,"Box":[347.1136,35.545,40.802,18.0]},{"Row":16,"Column":1,"Box":[347.1136,76.347,29.0,18.0]},{"Row":16,"Column":2,"Box":[347.1136,105.347,360.0,18.0]},{"Row":16,"Column":3,"Box":[347.1136,465.347,90.0,18.0]},{"Row":17,"Column":0,"Box":[365.1136,35.545,40.802,18.0]},{"Row":17,"Column":1,"Box":[365.1136,76.347,29.0,18.0]},{"Row":17,"Column":2,"Box":[365.1136,105.347,360.0,18.0]},{"Row":17,"Column":3,"Box":[365.1136,465.347,90.0,18.0]},{"Row":18,"Column":0,"Box":[383.1136,35.545,40.802,18.0]},{"Row":18,"Column":1,"Box":[383.1136,76.347,29.0,18.0]},{"Row":18,"Column":2,"Box":[383.1136,105.347,360.0,18.0]},{"Row":18,"Column":3,"Box":[383.1136,465.347,90.0,18.0]},{"Row":19,"Column":0,"Box":[401.1136,35.545,40.802,18.0]},{"Row":19,"Column":1,"Box":[401.1136,76.347,29.0,18.0]},{"Row":19,"Column":2,"Box":[401.1136,105.347,360.0,18.0]},{"Row":19,"Column":3,"Box":[401.1136,465.347,90.0,18.0]},{"Row":20,"Column":0,"Box":[419.1136,35.545,40.802,18.0]},{"Row":20,"Column":1,"Box":[419.1136,76.347,29.0,18.0]},{"Row":20,"Column":2,"Box":[419.1136,105.347,360.0,18.0]},{"Row":20,"Column":3,"Box":[419.1136,465.347,90.0,18.0]},{"Row":21,"Column":0,"Box":[437.1136,35.545,40.802,18.0]},{"Row":21,"Column":1,"Box":[437.1136,76.347,29.0,18.0]},{"Row":21,"Column":2,"Box":[437.1136,105.347,360.0,18.0]},{"Row":21,"Column":3,"Box":[437.1136,465.347,90.0,18.0]},{"Row":22,"Column":0,"Box":[455.1136,35.545,40.802,18.0]},{"Row":22,"Column":1,"Box":[455.1136,76.347,29.0,18.0]},{"Row":22,"Column":2,"Box":[455.1136,105.347,360.0,18.0]},{"Row":22,"Column":3,"Box":[455.1136,465.347,90.0,18.0]},{"Row":23,"Column":0,"Box":[473.1136,35.545,40.802,18.0]},{"Row":23,"Column":1,"Box":[473.1136,76.347,29.0,18.0]},{"Row":23,"Column":2,"Box":[473.1136,105.347,360.0,18.0]},{"Row":23,"Column":3,"Box":[473.1136,465.347,90.0,18.0]},{"Row":24,"Column":0,"Box":[491.1136,35.545,40.802,18.0]},{"Row":24,"Column":1,"Box":[491.1136,76.347,29.0,18.0]},{"Row":24,"Column":2,"Box":[491.1136,105.347,360.0,18.0]},{"Row":24,"Column":3,"Box":[491.1136,465.347,90.0,18.0]},{"Row":25,"Column":0,"Box":[509.1136,35.545,40.802,18.0]},{"Row":25,"Column":1,"Box":[509.1136,76.347,29.0,18.0]},{"Row":25,"Column":2,"Box":[509.1136,105.347,360.0,18.0]},{"Row":25,"Column":3,"Box":[509.1136,465.347,90.0,18.0]},{"Row":26,"Column":0,"Box":[527.1136,35.545,40.802,18.0]},{"Row":26,"Column":1,"Box":[527.1136,76.347,29.0,18.0]},{"Row":26,"Column":2,"Box":[527.1136,105.347,360.0,18.0]},{"Row":26,"Column":3,"Box":[527.1136,465.347,90.0,18.0]},{"Row":27,"Column":0,"Box":[545.1136,35.545,40.802,18.0]},{"Row":27,"Column":1,"Box":[545.1136,76.347,29.0,18.0]},{"Row":27,"Column":2,"Box":[545.1136,105.347,360.0,18.0]},{"Row":27,"Column":3,"Box":[545.1136,465.347,90.0,18.0]},{"Row":28,"Column":0,"Box":[563.1136,35.545,40.802,18.0]},{"Row":28,"Column":1,"Box":[563.1136,76.347,29.0,18.0]},{"Row":28,"Column":2,"Box":[563.1136,105.347,360.0,18.0]},{"Row":28,"Column":3,"Box":[563.1136,465.347,90.0,18.0]},{"Row":29,"Column":0,"Box":[581.1136,35.545,40.802,18.0]},{"Row":29,"Column":1,"Box":[581.1136,76.347,29.0,18.0]},{"Row":29,"Column":2,"Box":[581.1136,105.347,360.0,18.0]},{"Row":29,"Column":3,"Box":[581.1136,465.347,90.0,18.0]},{"Row":30,"Column":0,"Box":[599.1136,35.545,40.802,18.0]},{"Row":30,"Column":1,"Box":[599.1136,76.347,29.0,18.0]},{"Row":30,"Column":2,"Box":[599.1136,105.347,360.0,18.0]},{"Row":30,"Column":3,"Box":[599.1136,465.347,90.0,18.0]},{"Row":31,"Column":0,"Box":[617.1136,35.545,40.802,18.0]},{"Row":31,"Column":1,"Box":[617.1136,76.347,29.0,18.0]},{"Row":31,"Column":2,"Box":[617.1136,105.347,360.0,18.0]},{"Row":31,"Column":3,"Box":[617.1136,465.347,90.0,18.0]},{"Row":32,"Column":0,"Box":[635.1136,35.545,40.802,18.0]},{"Row":32,"Column":1,"Box":[635.1136,76.347,29.0,18.0]},{"Row":32,"Column":2,"Box":[635.1136,105.347,360.0,18.0]},{"Row":32,"Column":3,"Box":[635.1136,465.347,90.0,18.0]},{"Row":33,"Column":0,"Box":[653.1136,35.545,40.802,18.0]},{"Row":33,"Column":1,"Box":[653.1136,76.347,29.0,18.0]},{"Row":33,"Column":2,"Box":[653.1136,105.347,360.0,18.0]},{"Row":33,"Column":3,"Box":[653.1136,465.347,90.0,18.0]},{"Row":34,"Column":0,"Box":[671.1136,35.545,40.802,18.0]},{"Row":34,"Column":1,"Box":[671.1136,76.347,29.0,18.0]},{"Row":34,"Column":2,"Box":[671.1136,105.347,360.0,18.0]},{"Row":34,"Column":3,"Box":[671.1136,465.347,90.0,18.0]},{"Row":35,"Column":0,"Box":[689.1136,35.545,40.802,18.0]},{"Row":35,"Column":1,"Box":[689.1136,76.347,29.0,18.0]},{"Row":35,"Column":2,"Box":[689.1136,105.347,360.0,18.0]},{"Row":35,"Column":3,"Box":[689.1136,465.347,90.0,18.0]},{"Row":36,"Column":0,"Box":[707.1136,35.545,40.802,18.0]},{"Row":36,"Column":1,"Box":[707.1136,76.347,29.0,18.0]},{"Row":36,"Column":2,"Box":[707.1136,105.347,360.0,18.0]},{"Row":36,"Column":3,"Box":[707.1136,465.347,90.0,18.0]},{"Row":37,"Column":0,"Box":[725.1136,35.545,40.802,18.0]},{"Row":37,"Column":1,"Box":[725.1136,76.347,29.0,18.0]},{"Row":37,"Column":2,"Box":[725.1136,105.347,360.0,18.0]},{"Row":37,"Column":3,"Box":[725.1136,465.347,90.0,18.0]},{"Row":38,"Column":0,"Box":[743.1136,35.545,40.802,18.0]},{"Row":38,"Column":1,"Box":[743.1136,76.347,29.0,18.0]},{"Row":38,"Column":2,"Box":[743.1136,105.347,360.0,18.0]},{"Row":38,"Column":3,"Box":[743.1136,465.347,90.0,18.0]},{"Row":39,"Column":0,"Box":[761.1136,35.545,40.802,18.0]},{"Row":39,"Column":1,"Box":[761.1136,76.347,29.0,18.0]},{"Row":39,"Column":2,"Box":[761.1136,105.347,360.0,18.0]},{"Row":39,"Column":3,"Box":[761.1136,465.347,90.0,18.0]},{"Row":40,"Column":0,"Box":[779.1136,35.545,40.802,18.0]},{"Row":40,"Column":1,"Box":[779.1136,76.347,29.0,18.0]},{"Row":40,"Column":2,"Box":[779.1136,105.347,360.0,18.0]},{"Row":40,"Column":3,"Box":[779.1136,465.347,90.0,18.0]},{"Row":41,"Column":0,"Box":[797.1136,35.545,40.802,18.0]},{"Row":41,"Column":1,"Box":[797.1136,76.347,29.0,18.0]},{"Row":41,"Column":2,"Box":[797.1136,105.347,360.0,18.0]},{"Row":41,"Column":3,"Box":[797.1136,465.347,90.0,18.0]},{"Row":42,"Column":0,"Box":[815.1136,35.545,40.802,18.0]},{"Row":42,"Column":1,"Box":[815.1136,76.347,29.0,18.0]},{"Row":42,"Column":2,"Box":[815.1136,105.347,360.0,18.0]},{"Row":42,"Column":3,"Box":[815.1136,465.347,90.0,18.0]},{"Row":43,"Column":0,"Box":[833.1136,35.545,40.802,18.0]},{"Row":43,"Column":1,"Box":[833.1136,76.347,29.0,18.0]},{"Row":43,"Column":2,"Box":[833.1136,105.347,360.0,18.0]},{"Row":43,"Column":3,"Box":[833.1136,465.347,90.0,18.0]},{"Row":44,"Column":0,"Box":[851.1136,35.545,40.802,18.0]},{"Row":44,"Column":1,"Box":[851.1136,76.347,29.0,18.0]},{"Row":44,"Column":2,"Box":[851.1136,105.347,360.0,18.0]},{"Row":44,"Column":3,"Box":[851.1136,465.347,90.0,18.0]},{"Row":45,"Column":0,"Box":[869.1136,35.545,40.802,18.0]},{"Row":45,"Column":1,"Box":[869.1136,76.347,29.0,18.0]},{"Row":45,"Column":2,"Box":[869.1136,105.347,360.0,18.0]},{"Row":45,"Column":3,"Box":[869.1136,465.347,90.0,18.0]},{"Row":46,"Column":0,"Box":[887.1136,35.545,40.802,18.0]},{"Row":46,"Column":1,"Box":[887.1136,76.347,29.0,18.0]},{"Row":46,"Column":2,"Box":[887.1136,105.347,360.0,18.0]},{"Row":46,"Column":3,"Box":[887.1136,465.347,90.0,18.0]},{"Row":47,"Column":0,"Box":[905.1136,35.545,40.802,18.0]},{"Row":47,"Column":1,"Box":[905.1136,76.347,29.0,18.0]},{"Row":47,"Column":2,"Box":[905.1136,105.347,360.0,18.0]},{"Row":47,"Column":3,"Box":[905.1136,465.347,90.0,18.0]},{"Row":48,"Column":0,"Box":[923.1136,35.545,40.802,18.0]},{"Row":48,"Column":1,"Box":[923.1136,76.347,29.0,18.0]},{"Row":48,"Column":2,"Box":[923.1136,105.347,360.0,18.0]},{"Row":48,"Column":3,"Box":[923.1136,465.347,90.0,18.0]},{"Row":49,"Column":0,"Box":[941.1136,35.545,40.802,18.0]},{"Row":49,"Column":1,"Box":[941.1136,76.347,29.0,18.0]},{"Row":49,"Column":2,"Box":[941.1136,105.347,360.0,18.0]},{"Row":49,"Column":3,"Box":[941.1136,465.347,90.0,18.0]},{"Row":50,"Column":0,"Box":[959.1136,35.545,40.802,18.0]},{"Row":50,"Column":1,"Box":[959.1136,76.347,29.0,18.0]},{"Row":50,"Column":2,"Box":[959.1136,105.347,360.0,18.0]},{"Row":50,"Column":3,"Box":[959.1136,465.347,90.0,18.0]},{"Row":51,"Column":0,"Box":[977.1136,35.545,40.802,8.3985]},{"Row":51,"Column":1,"Box":[977.1136,76.347,29.0,8.3985]},{"Row":51,"Column":2,"Box":[977.1136,105.347,360.0,8.3985]},{"Row":51,"Column":3,"Box":[977.1136,465.347,90.0,8.3985]}]}]}],"AnchorBasedConfiguration":{"AnchorBasedFieldConfiguration":[]}}