{"DataContractVersion":"1.1","DocumentTypes":[{"DocumentTypeId":"BomPDF.BomTable.BomTableDataFormat","Group":"BomPDF","Category":"BomTable","Name":"BomTableDataFormat","OptionalUniqueIdentifier":"","TypeField":{"FieldId":"BomPDF.BomTable.BomTableDataFormat.DocumentType","FieldName":"Document Type"},"Fields":[{"FieldId":"BomPDF.BomTable.BomTableDataFormat.ExtractedTable","FieldName":"ExtractedTable","IsMultiValue":false,"Type":"Table","DeriveFieldsFormat":"","Components":[{"FieldId":"BomPDF.BomTable.BomTableDataFormat.ExtractedTable.ITEM","FieldName":"ITEM","IsMultiValue":false,"Type":"Text","DeriveFieldsFormat":"","Components":[],"SetValues":[],"Metadata":[]},{"FieldId":"BomPDF.BomTable.BomTableDataFormat.ExtractedTable.QTY","FieldName":"QTY","IsMultiValue":false,"Type":"Text","DeriveFieldsFormat":"","Components":[],"SetValues":[],"Metadata":[]},{"FieldId":"BomPDF.BomTable.BomTableDataFormat.ExtractedTable.DESCRIPTION","FieldName":"DESCRIPTION","IsMultiValue":false,"Type":"Text","DeriveFieldsFormat":"","Components":[],"SetValues":[],"Metadata":[]},{"FieldId":"BomPDF.BomTable.BomTableDataFormat.ExtractedTable.PARTNUMBER","FieldName":"PART NUMBER","IsMultiValue":false,"Type":"Text","DeriveFieldsFormat":"","Components":[],"SetValues":[],"Metadata":[]},{"FieldId":"BomPDF.BomTable.BomTableDataFormat.ExtractedTable.REVISION","FieldName":"REVISION","IsMultiValue":false,"Type":"Text","DeriveFieldsFormat":"","Components":[],"SetValues":[],"Metadata":[]}],"SetValues":[],"Metadata":[{"Key":"Color","Value":"#038a18"},{"Key":"Hotkey","Value":"e"}]}]}],"Groups":[{"Name":"BomPDF","Categories":["BomTable"]}],"SupportedLanguages":[{"Name":"Undetermined Language","Code":"und"},{"Name":"Bulgarian","Code":"bul"},{"Name":"Cantonese","Code":"yue"},{"Name":"Danish","Code":"dan"},{"Name":"Dutch","Code":"nld"},{"Name":"English","Code":"eng"},{"Name":"French","Code":"fra"},{"Name":"Georgian","Code":"kat"},{"Name":"German","Code":"deu"},{"Name":"Greek","Code":"ell"},{"Name":"Hebrew","Code":"heb"},{"Name":"Hindi","Code":"hin"},{"Name":"Italian","Code":"ita"},{"Name":"Japanese","Code":"jpn"},{"Name":"Korean","Code":"kor"},{"Name":"Macedonian","Code":"mkd"},{"Name":"Mandarin","Code":"zho"},{"Name":"Marathi","Code":"mar"},{"Name":"Norwegian","Code":"nor"},{"Name":"Polish","Code":"pol"},{"Name":"Portuguese","Code":"por"},{"Name":"Romanian","Code":"ron"},{"Name":"Russian","Code":"rus"},{"Name":"Serbian","Code":"srp"},{"Name":"Spanish","Code":"spa"},{"Name":"Swedish","Code":"swe"},{"Name":"Telugu","Code":"tel"}]}